{
"type": "FeatureCollection",
"name": "geo_47_5",
"crs": { "type": "name", "properties": { "name": "urn:ogc:def:crs:OGC:1.3:CRS84" } },
"features": [
{ "type": "Feature", "properties": { "ID": 4750100000087, "正式名称": "ゆい大東薬局", "機関区分": 5, "都道府県コード": 47, "市区町村コード": 209, "所在地": "沖縄県名護市大東１丁目１５番７号", "緯度": 26.590088, "経度": 127.986001, "url": "https://www.iryou.teikyouseido.mhlw.go.jp/znk-web/juminkanja/S2430/initialize?prefCd=47&kikanCd=0100000087&kikanKbn=5", "url2": "https://www.big-advance.site/c/172/1649", "内容": "ゆい大東薬局【5:薬局】沖縄県名護市大東１丁目１５番７号" }, "geometry": { "type": "Point", "coordinates": [ 127.986001, 26.590088 ] } },
{ "type": "Feature", "properties": { "ID": 4750100000102, "正式名称": "アイン薬局美ら海店", "機関区分": 5, "都道府県コード": 47, "市区町村コード": 308, "所在地": "沖縄県国頭郡本部町大浜８７４－２", "緯度": 26.654935, "経度": 127.884565, "url": "https://www.iryou.teikyouseido.mhlw.go.jp/znk-web/juminkanja/S2430/initialize?prefCd=47&kikanCd=0100000102&kikanKbn=5", "url2": "http:/www.ainj.co.jp", "内容": "アイン薬局美ら海店【5:薬局】沖縄県国頭郡本部町大浜８７４－２" }, "geometry": { "type": "Point", "coordinates": [ 127.884565, 26.654935 ] } },
{ "type": "Feature", "properties": { "ID": 4750100000106, "正式名称": "アイン薬局　くにがみ店", "機関区分": 5, "都道府県コード": 47, "市区町村コード": 301, "所在地": "沖縄県国頭郡国頭村辺土名１３９", "緯度": 26.745506, "経度": 128.177272, "url": "https://www.iryou.teikyouseido.mhlw.go.jp/znk-web/juminkanja/S2430/initialize?prefCd=47&kikanCd=0100000106&kikanKbn=5", "url2": "http://www.ainj.co.jp", "内容": "アイン薬局　くにがみ店【5:薬局】沖縄県国頭郡国頭村辺土名１３９" }, "geometry": { "type": "Point", "coordinates": [ 128.177272, 26.745506 ] } },
{ "type": "Feature", "properties": { "ID": 4750100000109, "正式名称": "ドラッグイレブン薬局大東店", "機関区分": 5, "都道府県コード": 47, "市区町村コード": 209, "所在地": "沖縄県名護市大東１丁目２１番地５号", "緯度": 26.590186, "経度": 127.985657, "url": "https://www.iryou.teikyouseido.mhlw.go.jp/znk-web/juminkanja/S2430/initialize?prefCd=47&kikanCd=0100000109&kikanKbn=5", "url2": "https://shop.tsuruha-g.com/4837", "内容": "ドラッグイレブン薬局大東店【5:薬局】沖縄県名護市大東１丁目２１番地５号" }, "geometry": { "type": "Point", "coordinates": [ 127.985657, 26.590186 ] } },
{ "type": "Feature", "properties": { "ID": 4750100000110, "正式名称": "ふく薬局うむさ病院前店", "機関区分": 5, "都道府県コード": 47, "市区町村コード": 209, "所在地": "沖縄県名護市宇茂佐１７５８－１", "緯度": 26.605809, "経度": 127.964783, "url": "https://www.iryou.teikyouseido.mhlw.go.jp/znk-web/juminkanja/S2430/initialize?prefCd=47&kikanCd=0100000110&kikanKbn=5", "url2": "https://www.fukuyakuhin.co.jp", "内容": "ふく薬局うむさ病院前店【5:薬局】沖縄県名護市宇茂佐１７５８－１" }, "geometry": { "type": "Point", "coordinates": [ 127.964783, 26.605809 ] } },
{ "type": "Feature", "properties": { "ID": 4750100000111, "正式名称": "ふく薬局おおきた店", "機関区分": 5, "都道府県コード": 47, "市区町村コード": 209, "所在地": "沖縄県名護市大北５丁目３－６", "緯度": 26.604006, "経度": 127.982969, "url": "https://www.iryou.teikyouseido.mhlw.go.jp/znk-web/juminkanja/S2430/initialize?prefCd=47&kikanCd=0100000111&kikanKbn=5", "url2": null, "内容": "ふく薬局おおきた店【5:薬局】沖縄県名護市大北５丁目３－６" }, "geometry": { "type": "Point", "coordinates": [ 127.982969, 26.604006 ] } },
{ "type": "Feature", "properties": { "ID": 4750300000267, "正式名称": "ゆかり薬局", "機関区分": 5, "都道府県コード": 47, "市区町村コード": 211, "所在地": "沖縄県沖縄市登川１－１－５", "緯度": 26.367025, "経度": 127.818702, "url": "https://www.iryou.teikyouseido.mhlw.go.jp/znk-web/juminkanja/S2430/initialize?prefCd=47&kikanCd=0300000267&kikanKbn=5", "url2": null, "内容": "ゆかり薬局【5:薬局】沖縄県沖縄市登川１－１－５" }, "geometry": { "type": "Point", "coordinates": [ 127.818702, 26.367025 ] } },
{ "type": "Feature", "properties": { "ID": 4750300000387, "正式名称": "みなみ薬局", "機関区分": 5, "都道府県コード": 47, "市区町村コード": 311, "所在地": "沖縄県国頭郡恩納村恩納６３０３－２", "緯度": 26.488021, "経度": 127.847131, "url": "https://www.iryou.teikyouseido.mhlw.go.jp/znk-web/juminkanja/S2430/initialize?prefCd=47&kikanCd=0300000387&kikanKbn=5", "url2": "https://punctual-tomato-kp4cw6.mystrikingly.com/", "内容": "みなみ薬局【5:薬局】沖縄県国頭郡恩納村恩納６３０３－２" }, "geometry": { "type": "Point", "coordinates": [ 127.847131, 26.488021 ] } },
{ "type": "Feature", "properties": { "ID": 4750300000464, "正式名称": "ほし薬局", "機関区分": 5, "都道府県コード": 47, "市区町村コード": 314, "所在地": "沖縄県国頭郡金武町金武７９０６番地７", "緯度": 26.451972, "経度": 127.912177, "url": "https://www.iryou.teikyouseido.mhlw.go.jp/znk-web/juminkanja/S2430/initialize?prefCd=47&kikanCd=0300000464&kikanKbn=5", "url2": null, "内容": "ほし薬局【5:薬局】沖縄県国頭郡金武町金武７９０６番地７" }, "geometry": { "type": "Point", "coordinates": [ 127.912177, 26.451972 ] } },
{ "type": "Feature", "properties": { "ID": 4750300000465, "正式名称": "金武薬局", "機関区分": 5, "都道府県コード": 47, "市区町村コード": 314, "所在地": "沖縄県国頭郡金武町字金武８８", "緯度": 26.455503, "経度": 127.925161, "url": "https://www.iryou.teikyouseido.mhlw.go.jp/znk-web/juminkanja/S2430/initialize?prefCd=47&kikanCd=0300000465&kikanKbn=5", "url2": null, "内容": "金武薬局【5:薬局】沖縄県国頭郡金武町字金武８８" }, "geometry": { "type": "Point", "coordinates": [ 127.925161, 26.455503 ] } },
{ "type": "Feature", "properties": { "ID": 4750300000472, "正式名称": "ことり薬局", "機関区分": 5, "都道府県コード": 47, "市区町村コード": 205, "所在地": "沖縄県宜野湾市嘉数４丁目２５番１４号", "緯度": 26.261887, "経度": 127.728953, "url": "https://www.iryou.teikyouseido.mhlw.go.jp/znk-web/juminkanja/S2430/initialize?prefCd=47&kikanCd=0300000472&kikanKbn=5", "url2": null, "内容": "ことり薬局【5:薬局】沖縄県宜野湾市嘉数４丁目２５番１４号" }, "geometry": { "type": "Point", "coordinates": [ 127.728953, 26.261887 ] } },
{ "type": "Feature", "properties": { "ID": 4750300000490, "正式名称": "ハート薬局", "機関区分": 5, "都道府県コード": 47, "市区町村コード": 211, "所在地": "沖縄県沖縄市美原２－２６－２１", "緯度": 26.346412, "経度": 127.819064, "url": "https://www.iryou.teikyouseido.mhlw.go.jp/znk-web/juminkanja/S2430/initialize?prefCd=47&kikanCd=0300000490&kikanKbn=5", "url2": "https://www.heart-yakkyoku.net/", "内容": "ハート薬局【5:薬局】沖縄県沖縄市美原２－２６－２１" }, "geometry": { "type": "Point", "coordinates": [ 127.819064, 26.346412 ] } },
{ "type": "Feature", "properties": { "ID": 4750300000501, "正式名称": "クローバー薬局", "機関区分": 5, "都道府県コード": 47, "市区町村コード": 326, "所在地": "沖縄県中頭郡北谷町字砂辺３１６－３レインボーマンション１Ｆ", "緯度": 26.331194, "経度": 127.750279, "url": "https://www.iryou.teikyouseido.mhlw.go.jp/znk-web/juminkanja/S2430/initialize?prefCd=47&kikanCd=0300000501&kikanKbn=5", "url2": null, "内容": "クローバー薬局【5:薬局】沖縄県中頭郡北谷町字砂辺３１６－３レインボーマンション１Ｆ" }, "geometry": { "type": "Point", "coordinates": [ 127.750279, 26.331194 ] } },
{ "type": "Feature", "properties": { "ID": 4750300000503, "正式名称": "こだち薬局", "機関区分": 5, "都道府県コード": 47, "市区町村コード": 211, "所在地": "沖縄県沖縄市南桃原３－１－２", "緯度": 26.320741, "経度": 127.784092, "url": "https://www.iryou.teikyouseido.mhlw.go.jp/znk-web/juminkanja/S2430/initialize?prefCd=47&kikanCd=0300000503&kikanKbn=5", "url2": null, "内容": "こだち薬局【5:薬局】沖縄県沖縄市南桃原３－１－２" }, "geometry": { "type": "Point", "coordinates": [ 127.784092, 26.320741 ] } },
{ "type": "Feature", "properties": { "ID": 4750300000507, "正式名称": "石川インター前薬局", "機関区分": 5, "都道府県コード": 47, "市区町村コード": 213, "所在地": "沖縄県うるま市石川２４１０番地の１", "緯度": 26.43395, "経度": 127.829775, "url": "https://www.iryou.teikyouseido.mhlw.go.jp/znk-web/juminkanja/S2430/initialize?prefCd=47&kikanCd=0300000507&kikanKbn=5", "url2": "http://lenet-group.jp/", "内容": "石川インター前薬局【5:薬局】沖縄県うるま市石川２４１０番地の１" }, "geometry": { "type": "Point", "coordinates": [ 127.829775, 26.43395 ] } },
{ "type": "Feature", "properties": { "ID": 4750300000527, "正式名称": "かもめ薬局", "機関区分": 5, "都道府県コード": 47, "市区町村コード": 213, "所在地": "沖縄県うるま市みどり町３－１８－１０", "緯度": 26.376728, "経度": 127.861447, "url": "https://www.iryou.teikyouseido.mhlw.go.jp/znk-web/juminkanja/S2430/initialize?prefCd=47&kikanCd=0300000527&kikanKbn=5", "url2": null, "内容": "かもめ薬局【5:薬局】沖縄県うるま市みどり町３－１８－１０" }, "geometry": { "type": "Point", "coordinates": [ 127.861447, 26.376728 ] } },
{ "type": "Feature", "properties": { "ID": 4750300000547, "正式名称": "ハート薬局ずけらん店", "機関区分": 5, "都道府県コード": 47, "市区町村コード": 327, "所在地": "沖縄県中頭郡北中城村字瑞慶覧６４５－４", "緯度": 26.307872, "経度": 127.782528, "url": "https://www.iryou.teikyouseido.mhlw.go.jp/znk-web/juminkanja/S2430/initialize?prefCd=47&kikanCd=0300000547&kikanKbn=5", "url2": "https://www.heart-yakkyoku.net/", "内容": "ハート薬局ずけらん店【5:薬局】沖縄県中頭郡北中城村字瑞慶覧６４５－４" }, "geometry": { "type": "Point", "coordinates": [ 127.782528, 26.307872 ] } },
{ "type": "Feature", "properties": { "ID": 4750300000555, "正式名称": "あかみち薬局あげな店", "機関区分": 5, "都道府県コード": 47, "市区町村コード": 213, "所在地": "沖縄県うるま市安慶名１丁目６番１９号", "緯度": 26.374473, "経度": 127.854453, "url": "https://www.iryou.teikyouseido.mhlw.go.jp/znk-web/juminkanja/S2430/initialize?prefCd=47&kikanCd=0300000555&kikanKbn=5", "url2": "https://www.akamichi.net/", "内容": "あかみち薬局あげな店【5:薬局】沖縄県うるま市安慶名１丁目６番１９号" }, "geometry": { "type": "Point", "coordinates": [ 127.854453, 26.374473 ] } },
{ "type": "Feature", "properties": { "ID": 4750300000557, "正式名称": "とくりん薬局山内店", "機関区分": 5, "都道府県コード": 47, "市区町村コード": 211, "所在地": "沖縄県沖縄市山内３丁目１１番１号", "緯度": 26.327284, "経度": 127.782836, "url": "https://www.iryou.teikyouseido.mhlw.go.jp/znk-web/juminkanja/S2430/initialize?prefCd=47&kikanCd=0300000557&kikanKbn=5", "url2": "http://okinawa-youth.jp/", "内容": "とくりん薬局山内店【5:薬局】沖縄県沖縄市山内３丁目１１番１号" }, "geometry": { "type": "Point", "coordinates": [ 127.782836, 26.327284 ] } },
{ "type": "Feature", "properties": { "ID": 4750300000562, "正式名称": "すこやか薬局　桑江店", "機関区分": 5, "都道府県コード": 47, "市区町村コード": 326, "所在地": "沖縄県中頭郡北谷町桑江１丁目５番３号", "緯度": 26.31962, "経度": 127.762411, "url": "https://www.iryou.teikyouseido.mhlw.go.jp/znk-web/juminkanja/S2430/initialize?prefCd=47&kikanCd=0300000562&kikanKbn=5", "url2": "https://sukoyaka.cc/", "内容": "すこやか薬局　桑江店【5:薬局】沖縄県中頭郡北谷町桑江１丁目５番３号" }, "geometry": { "type": "Point", "coordinates": [ 127.762411, 26.31962 ] } },
{ "type": "Feature", "properties": { "ID": 4750300000570, "正式名称": "ハート薬局江洲店", "機関区分": 5, "都道府県コード": 47, "市区町村コード": 213, "所在地": "沖縄県うるま市江洲５４７－１", "緯度": 26.349745, "経度": 127.830443, "url": "https://www.iryou.teikyouseido.mhlw.go.jp/znk-web/juminkanja/S2430/initialize?prefCd=47&kikanCd=0300000570&kikanKbn=5", "url2": "https://www.heart-yakkyoku.net/", "内容": "ハート薬局江洲店【5:薬局】沖縄県うるま市江洲５４７－１" }, "geometry": { "type": "Point", "coordinates": [ 127.830443, 26.349745 ] } },
{ "type": "Feature", "properties": { "ID": 4750300000579, "正式名称": "みはら薬局", "機関区分": 5, "都道府県コード": 47, "市区町村コード": 211, "所在地": "沖縄県沖縄市美原４－１－１５　１階", "緯度": 26.35179, "経度": 127.817997, "url": "https://www.iryou.teikyouseido.mhlw.go.jp/znk-web/juminkanja/S2430/initialize?prefCd=47&kikanCd=0300000579&kikanKbn=5", "url2": null, "内容": "みはら薬局【5:薬局】沖縄県沖縄市美原４－１－１５　１階" }, "geometry": { "type": "Point", "coordinates": [ 127.817997, 26.35179 ] } },
{ "type": "Feature", "properties": { "ID": 4750300000582, "正式名称": "和ごころ薬局　あわせ店", "機関区分": 5, "都道府県コード": 47, "市区町村コード": 211, "所在地": "沖縄県沖縄市古謝２丁目１９番５号", "緯度": 26.333458, "経度": 127.83558, "url": "https://www.iryou.teikyouseido.mhlw.go.jp/znk-web/juminkanja/S2430/initialize?prefCd=47&kikanCd=0300000582&kikanKbn=5", "url2": "https://wwww.wagokoro-ph.com", "内容": "和ごころ薬局　あわせ店【5:薬局】沖縄県沖縄市古謝２丁目１９番５号" }, "geometry": { "type": "Point", "coordinates": [ 127.83558, 26.333458 ] } },
{ "type": "Feature", "properties": { "ID": 4750300000584, "正式名称": "いさ調剤薬局", "機関区分": 5, "都道府県コード": 47, "市区町村コード": 205, "所在地": "沖縄県宜野湾市伊佐１丁目９－１７", "緯度": 26.284802, "経度": 127.755132, "url": "https://www.iryou.teikyouseido.mhlw.go.jp/znk-web/juminkanja/S2430/initialize?prefCd=47&kikanCd=0300000584&kikanKbn=5", "url2": null, "内容": "いさ調剤薬局【5:薬局】沖縄県宜野湾市伊佐１丁目９－１７" }, "geometry": { "type": "Point", "coordinates": [ 127.755132, 26.284802 ] } },
{ "type": "Feature", "properties": { "ID": 4750300000585, "正式名称": "アイン薬局　赤道店", "機関区分": 5, "都道府県コード": 47, "市区町村コード": 213, "所在地": "沖縄県うるま市赤道２６０－５", "緯度": 26.356084, "経度": 127.830225, "url": "https://www.iryou.teikyouseido.mhlw.go.jp/znk-web/juminkanja/S2430/initialize?prefCd=47&kikanCd=0300000585&kikanKbn=5", "url2": "https://store.ainj.co.jp/detail/1100213/", "内容": "アイン薬局　赤道店【5:薬局】沖縄県うるま市赤道２６０－５" }, "geometry": { "type": "Point", "coordinates": [ 127.830225, 26.356084 ] } },
{ "type": "Feature", "properties": { "ID": 4750300000587, "正式名称": "とくりん薬局比屋根店", "機関区分": 5, "都道府県コード": 47, "市区町村コード": 211, "所在地": "沖縄県沖縄市比屋根６－２７－２０ブロスバリティⅡ１Ｆ", "緯度": 26.318286, "経度": 127.815125, "url": "https://www.iryou.teikyouseido.mhlw.go.jp/znk-web/juminkanja/S2430/initialize?prefCd=47&kikanCd=0300000587&kikanKbn=5", "url2": "http://okinawa-youth.jp/", "内容": "とくりん薬局比屋根店【5:薬局】沖縄県沖縄市比屋根６－２７－２０ブロスバリティⅡ１Ｆ" }, "geometry": { "type": "Point", "coordinates": [ 127.815125, 26.318286 ] } },
{ "type": "Feature", "properties": { "ID": 4750300000593, "正式名称": "いは薬局", "機関区分": 5, "都道府県コード": 47, "市区町村コード": 213, "所在地": "沖縄県うるま市石川伊波４２８－５", "緯度": 26.41905, "経度": 127.820753, "url": "https://www.iryou.teikyouseido.mhlw.go.jp/znk-web/juminkanja/S2430/initialize?prefCd=47&kikanCd=0300000593&kikanKbn=5", "url2": "https://iha.mizuki.okinawa/", "内容": "いは薬局【5:薬局】沖縄県うるま市石川伊波４２８－５" }, "geometry": { "type": "Point", "coordinates": [ 127.820753, 26.41905 ] } },
{ "type": "Feature", "properties": { "ID": 4750300000603, "正式名称": "つつじ薬局", "機関区分": 5, "都道府県コード": 47, "市区町村コード": 205, "所在地": "沖縄県宜野湾市大謝名１－１７－３１", "緯度": 26.2679, "経度": 127.739, "url": "https://www.iryou.teikyouseido.mhlw.go.jp/znk-web/juminkanja/S2430/initialize?prefCd=47&kikanCd=0300000603&kikanKbn=5", "url2": null, "内容": "つつじ薬局【5:薬局】沖縄県宜野湾市大謝名１－１７－３１" }, "geometry": { "type": "Point", "coordinates": [ 127.739, 26.2679 ] } },
{ "type": "Feature", "properties": { "ID": 4750300000618, "正式名称": "ひだまり薬局　中城店", "機関区分": 5, "都道府県コード": 47, "市区町村コード": 328, "所在地": "沖縄県中頭郡中城村南上原７１０番地４１街区１２画地", "緯度": 26.2488358, "経度": 127.7713349, "url": "https://www.iryou.teikyouseido.mhlw.go.jp/znk-web/juminkanja/S2430/initialize?prefCd=47&kikanCd=0300000618&kikanKbn=5", "url2": null, "内容": "ひだまり薬局　中城店【5:薬局】沖縄県中頭郡中城村南上原７１０番地４１街区１２画地" }, "geometry": { "type": "Point", "coordinates": [ 127.7713349, 26.2488358 ] } },
{ "type": "Feature", "properties": { "ID": 4750300000620, "正式名称": "つつじ薬局山里店", "機関区分": 5, "都道府県コード": 47, "市区町村コード": 211, "所在地": "沖縄県沖縄市山里１－１－２　３０２", "緯度": 26.323886, "経度": 127.792598, "url": "https://www.iryou.teikyouseido.mhlw.go.jp/znk-web/juminkanja/S2430/initialize?prefCd=47&kikanCd=0300000620&kikanKbn=5", "url2": "https://www.tsutsuji-ph.com", "内容": "つつじ薬局山里店【5:薬局】沖縄県沖縄市山里１－１－２　３０２" }, "geometry": { "type": "Point", "coordinates": [ 127.792598, 26.323886 ] } },
{ "type": "Feature", "properties": { "ID": 4750300000622, "正式名称": "アイン薬局　うるま宮里店", "機関区分": 5, "都道府県コード": 47, "市区町村コード": 213, "所在地": "沖縄県うるま市字宮里２０１－５", "緯度": 26.353766, "経度": 127.834709, "url": "https://www.iryou.teikyouseido.mhlw.go.jp/znk-web/juminkanja/S2430/initialize?prefCd=47&kikanCd=0300000622&kikanKbn=5", "url2": "https://store.ainj.co.jp/detail/1101135/", "内容": "アイン薬局　うるま宮里店【5:薬局】沖縄県うるま市字宮里２０１－５" }, "geometry": { "type": "Point", "coordinates": [ 127.834709, 26.353766 ] } },
{ "type": "Feature", "properties": { "ID": 4750300000627, "正式名称": "ゆい薬局", "機関区分": 5, "都道府県コード": 47, "市区町村コード": 325, "所在地": "沖縄県中頭郡嘉手納町嘉手納２６１", "緯度": 26.366155, "経度": 127.755221, "url": "https://www.iryou.teikyouseido.mhlw.go.jp/znk-web/juminkanja/S2430/initialize?prefCd=47&kikanCd=0300000627&kikanKbn=5", "url2": null, "内容": "ゆい薬局【5:薬局】沖縄県中頭郡嘉手納町嘉手納２６１" }, "geometry": { "type": "Point", "coordinates": [ 127.755221, 26.366155 ] } },
{ "type": "Feature", "properties": { "ID": 4750300000632, "正式名称": "あさひ薬局", "機関区分": 5, "都道府県コード": 47, "市区町村コード": 327, "所在地": "沖縄県中頭郡北中城村字喜舎場３６０－４", "緯度": 26.300036, "経度": 127.793513, "url": "https://www.iryou.teikyouseido.mhlw.go.jp/znk-web/juminkanja/S2430/initialize?prefCd=47&kikanCd=0300000632&kikanKbn=5", "url2": "https://www.agape21.jp/", "内容": "あさひ薬局【5:薬局】沖縄県中頭郡北中城村字喜舎場３６０－４" }, "geometry": { "type": "Point", "coordinates": [ 127.793513, 26.300036 ] } },
{ "type": "Feature", "properties": { "ID": 4750300000636, "正式名称": "ハート薬局あかみち店", "機関区分": 5, "都道府県コード": 47, "市区町村コード": 213, "所在地": "沖縄県うるま市字赤道１７４－１２　１０２号室", "緯度": 26.353684, "経度": 127.830225, "url": "https://www.iryou.teikyouseido.mhlw.go.jp/znk-web/juminkanja/S2430/initialize?prefCd=47&kikanCd=0300000636&kikanKbn=5", "url2": "https://www.heart-yakkyoku.net/", "内容": "ハート薬局あかみち店【5:薬局】沖縄県うるま市字赤道１７４－１２　１０２号室" }, "geometry": { "type": "Point", "coordinates": [ 127.830225, 26.353684 ] } },
{ "type": "Feature", "properties": { "ID": 4750300000638, "正式名称": "ひやごん薬局", "機関区分": 5, "都道府県コード": 47, "市区町村コード": 211, "所在地": "沖縄県沖縄市比屋根１－１０－５　サンクレスト泡瀬１０１", "緯度": 26.315796, "経度": 127.823741, "url": "https://www.iryou.teikyouseido.mhlw.go.jp/znk-web/juminkanja/S2430/initialize?prefCd=47&kikanCd=0300000638&kikanKbn=5", "url2": null, "内容": "ひやごん薬局【5:薬局】沖縄県沖縄市比屋根１－１０－５　サンクレスト泡瀬１０１" }, "geometry": { "type": "Point", "coordinates": [ 127.823741, 26.315796 ] } },
{ "type": "Feature", "properties": { "ID": 4750300000642, "正式名称": "とくりん薬局与勝店", "機関区分": 5, "都道府県コード": 47, "市区町村コード": 213, "所在地": "沖縄県うるま市勝連平安名１６５５－１－２", "緯度": 26.324734, "経度": 127.890012, "url": "https://www.iryou.teikyouseido.mhlw.go.jp/znk-web/juminkanja/S2430/initialize?prefCd=47&kikanCd=0300000642&kikanKbn=5", "url2": "http://okinawa-youth.jp/", "内容": "とくりん薬局与勝店【5:薬局】沖縄県うるま市勝連平安名１６５５－１－２" }, "geometry": { "type": "Point", "coordinates": [ 127.890012, 26.324734 ] } },
{ "type": "Feature", "properties": { "ID": 4750300000643, "正式名称": "イオン薬局座喜味店", "機関区分": 5, "都道府県コード": 47, "市区町村コード": 324, "所在地": "沖縄県中頭郡読谷村上地１７６－２", "緯度": 26.404592, "経度": 127.735656, "url": "https://www.iryou.teikyouseido.mhlw.go.jp/znk-web/juminkanja/S2430/initialize?prefCd=47&kikanCd=0300000643&kikanKbn=5", "url2": "https://www.aeon-ryukyu.jp/store/aeon-drag/zakimi-pharmacy/", "内容": "イオン薬局座喜味店【5:薬局】沖縄県中頭郡読谷村上地１７６－２" }, "geometry": { "type": "Point", "coordinates": [ 127.735656, 26.404592 ] } },
{ "type": "Feature", "properties": { "ID": 4750300000644, "正式名称": "ちむ心薬局　比屋根店", "機関区分": 5, "都道府県コード": 47, "市区町村コード": 211, "所在地": "沖縄県沖縄市比屋根２－１２－１", "緯度": 26.31493, "経度": 127.824891, "url": "https://www.iryou.teikyouseido.mhlw.go.jp/znk-web/juminkanja/S2430/initialize?prefCd=47&kikanCd=0300000644&kikanKbn=5", "url2": null, "内容": "ちむ心薬局　比屋根店【5:薬局】沖縄県沖縄市比屋根２－１２－１" }, "geometry": { "type": "Point", "coordinates": [ 127.824891, 26.31493 ] } },
{ "type": "Feature", "properties": { "ID": 4750300000648, "正式名称": "あかみち薬局　美里店", "機関区分": 5, "都道府県コード": 47, "市区町村コード": 211, "所在地": "沖縄県沖縄市美里仲原町２８番１８号", "緯度": 26.344167, "経度": 127.826647, "url": "https://www.iryou.teikyouseido.mhlw.go.jp/znk-web/juminkanja/S2430/initialize?prefCd=47&kikanCd=0300000648&kikanKbn=5", "url2": "https://www.akamichi.net/", "内容": "あかみち薬局　美里店【5:薬局】沖縄県沖縄市美里仲原町２８番１８号" }, "geometry": { "type": "Point", "coordinates": [ 127.826647, 26.344167 ] } },
{ "type": "Feature", "properties": { "ID": 4750300000650, "正式名称": "いろは薬局", "機関区分": 5, "都道府県コード": 47, "市区町村コード": 205, "所在地": "沖縄県宜野湾市赤道二丁目２番５号", "緯度": 26.272989, "経度": 127.772722, "url": "https://www.iryou.teikyouseido.mhlw.go.jp/znk-web/juminkanja/S2430/initialize?prefCd=47&kikanCd=0300000650&kikanKbn=5", "url2": null, "内容": "いろは薬局【5:薬局】沖縄県宜野湾市赤道二丁目２番５号" }, "geometry": { "type": "Point", "coordinates": [ 127.772722, 26.272989 ] } },
{ "type": "Feature", "properties": { "ID": 4750300000658, "正式名称": "なでしこ薬局", "機関区分": 5, "都道府県コード": 47, "市区町村コード": 213, "所在地": "沖縄県うるま市字江洲６００番地７", "緯度": 26.34817, "経度": 127.834068, "url": "https://www.iryou.teikyouseido.mhlw.go.jp/znk-web/juminkanja/S2430/initialize?prefCd=47&kikanCd=0300000658&kikanKbn=5", "url2": "https://www.ainj.co.jp/", "内容": "なでしこ薬局【5:薬局】沖縄県うるま市字江洲６００番地７" }, "geometry": { "type": "Point", "coordinates": [ 127.834068, 26.34817 ] } },
{ "type": "Feature", "properties": { "ID": 4750300000660, "正式名称": "うらしま薬局　石川ピーナツ店", "機関区分": 5, "都道府県コード": 47, "市区町村コード": 213, "所在地": "沖縄県うるま市石川２丁目２１－３", "緯度": 26.437618, "経度": 127.822041, "url": "https://www.iryou.teikyouseido.mhlw.go.jp/znk-web/juminkanja/S2430/initialize?prefCd=47&kikanCd=0300000660&kikanKbn=5", "url2": "https://porto-yomitan.com/", "内容": "うらしま薬局　石川ピーナツ店【5:薬局】沖縄県うるま市石川２丁目２１－３" }, "geometry": { "type": "Point", "coordinates": [ 127.822041, 26.437618 ] } },
{ "type": "Feature", "properties": { "ID": 4750300000663, "正式名称": "イオン薬局みどり町店", "機関区分": 5, "都道府県コード": 47, "市区町村コード": 213, "所在地": "沖縄県うるま市みどり町５－２－３", "緯度": 26.377376, "経度": 127.854795, "url": "https://www.iryou.teikyouseido.mhlw.go.jp/znk-web/juminkanja/S2430/initialize?prefCd=47&kikanCd=0300000663&kikanKbn=5", "url2": null, "内容": "イオン薬局みどり町店【5:薬局】沖縄県うるま市みどり町５－２－３" }, "geometry": { "type": "Point", "coordinates": [ 127.854795, 26.377376 ] } },
{ "type": "Feature", "properties": { "ID": 4750300000664, "正式名称": "ライトシー薬局　知花店", "機関区分": 5, "都道府県コード": 47, "市区町村コード": 211, "所在地": "沖縄県沖縄市知花６－２３－２２マンション誠Ａ号", "緯度": 26.364272, "経度": 127.814854, "url": "https://www.iryou.teikyouseido.mhlw.go.jp/znk-web/juminkanja/S2430/initialize?prefCd=47&kikanCd=0300000664&kikanKbn=5", "url2": null, "内容": "ライトシー薬局　知花店【5:薬局】沖縄県沖縄市知花６－２３－２２マンション誠Ａ号" }, "geometry": { "type": "Point", "coordinates": [ 127.814854, 26.364272 ] } },
{ "type": "Feature", "properties": { "ID": 4750300000666, "正式名称": "たかしん薬局　宜野湾店", "機関区分": 5, "都道府県コード": 47, "市区町村コード": 205, "所在地": "沖縄県宜野湾市上原１－１２－８　１階", "緯度": 26.278106, "経度": 127.776449, "url": "https://www.iryou.teikyouseido.mhlw.go.jp/znk-web/juminkanja/S2430/initialize?prefCd=47&kikanCd=0300000666&kikanKbn=5", "url2": null, "内容": "たかしん薬局　宜野湾店【5:薬局】沖縄県宜野湾市上原１－１２－８　１階" }, "geometry": { "type": "Point", "coordinates": [ 127.776449, 26.278106 ] } },
{ "type": "Feature", "properties": { "ID": 4750300000672, "正式名称": "エス薬局", "機関区分": 5, "都道府県コード": 47, "市区町村コード": 213, "所在地": "沖縄県うるま市江洲２１００番１１－２", "緯度": 26.34564, "経度": 127.831016, "url": "https://www.iryou.teikyouseido.mhlw.go.jp/znk-web/juminkanja/S2430/initialize?prefCd=47&kikanCd=0300000672&kikanKbn=5", "url2": null, "内容": "エス薬局【5:薬局】沖縄県うるま市江洲２１００番１１－２" }, "geometry": { "type": "Point", "coordinates": [ 127.831016, 26.34564 ] } },
{ "type": "Feature", "properties": { "ID": 4750300000673, "正式名称": "すこやか薬局登川北店", "機関区分": 5, "都道府県コード": 47, "市区町村コード": 211, "所在地": "沖縄県沖縄市登川登川１２０４番地１", "緯度": 26.369024, "経度": 127.822704, "url": "https://www.iryou.teikyouseido.mhlw.go.jp/znk-web/juminkanja/S2430/initialize?prefCd=47&kikanCd=0300000673&kikanKbn=5", "url2": "https://www.sukoyaka.cc/", "内容": "すこやか薬局登川北店【5:薬局】沖縄県沖縄市登川登川１２０４番地１" }, "geometry": { "type": "Point", "coordinates": [ 127.822704, 26.369024 ] } },
{ "type": "Feature", "properties": { "ID": 4750300000674, "正式名称": "イオン薬局ひやごん店", "機関区分": 5, "都道府県コード": 47, "市区町村コード": 211, "所在地": "沖縄県沖縄市比屋根２丁目１番地１", "緯度": 26.316431, "経度": 127.824861, "url": "https://www.iryou.teikyouseido.mhlw.go.jp/znk-web/juminkanja/S2430/initialize?prefCd=47&kikanCd=0300000674&kikanKbn=5", "url2": null, "内容": "イオン薬局ひやごん店【5:薬局】沖縄県沖縄市比屋根２丁目１番地１" }, "geometry": { "type": "Point", "coordinates": [ 127.824861, 26.316431 ] } },
{ "type": "Feature", "properties": { "ID": 4750300000675, "正式名称": "ドラッグイレブン薬局　琉球大学病院店", "機関区分": 5, "都道府県コード": 47, "市区町村コード": 205, "所在地": "沖縄県宜野湾市字喜友名１０７６番地", "緯度": 26.290549, "経度": 127.766456, "url": "https://www.iryou.teikyouseido.mhlw.go.jp/znk-web/juminkanja/S2430/initialize?prefCd=47&kikanCd=0300000675&kikanKbn=5", "url2": "https://shop.tsuruha-g.com/4886", "内容": "ドラッグイレブン薬局　琉球大学病院店【5:薬局】沖縄県宜野湾市字喜友名１０７６番地" }, "geometry": { "type": "Point", "coordinates": [ 127.766456, 26.290549 ] } },
{ "type": "Feature", "properties": { "ID": 4750300000676, "正式名称": "すこやか薬局　西普天間店", "機関区分": 5, "都道府県コード": 47, "市区町村コード": 205, "所在地": "沖縄県宜野湾市字安仁屋４０９番地１", "緯度": 26.292431, "経度": 127.76703, "url": "https://www.iryou.teikyouseido.mhlw.go.jp/znk-web/juminkanja/S2430/initialize?prefCd=47&kikanCd=0300000676&kikanKbn=5", "url2": "https://www.sukoyaka.cc/", "内容": "すこやか薬局　西普天間店【5:薬局】沖縄県宜野湾市字安仁屋４０９番地１" }, "geometry": { "type": "Point", "coordinates": [ 127.76703, 26.292431 ] } },
{ "type": "Feature", "properties": { "ID": 4750300000677, "正式名称": "ひだまり薬局琉大東口店", "機関区分": 5, "都道府県コード": 47, "市区町村コード": 328, "所在地": "沖縄県中頭郡中城村南上原１０６８番地１階", "緯度": 26.246541, "経度": 127.771161, "url": "https://www.iryou.teikyouseido.mhlw.go.jp/znk-web/juminkanja/S2430/initialize?prefCd=47&kikanCd=0300000677&kikanKbn=5", "url2": null, "内容": "ひだまり薬局琉大東口店【5:薬局】沖縄県中頭郡中城村南上原１０６８番地１階" }, "geometry": { "type": "Point", "coordinates": [ 127.771161, 26.246541 ] } },
{ "type": "Feature", "properties": { "ID": 4750300000678, "正式名称": "ドラッグイレブン薬局　美里店", "機関区分": 5, "都道府県コード": 47, "市区町村コード": 211, "所在地": "沖縄県沖縄市美里仲原町２番１６号", "緯度": 26.347799, "経度": 127.825073, "url": "https://www.iryou.teikyouseido.mhlw.go.jp/znk-web/juminkanja/S2430/initialize?prefCd=47&kikanCd=0300000678&kikanKbn=5", "url2": "https://shop.tsuruha-g.com/4881", "内容": "ドラッグイレブン薬局　美里店【5:薬局】沖縄県沖縄市美里仲原町２番１６号" }, "geometry": { "type": "Point", "coordinates": [ 127.825073, 26.347799 ] } },
{ "type": "Feature", "properties": { "ID": 4750300000679, "正式名称": "ドラッグイレブン薬局宇地泊店", "機関区分": 5, "都道府県コード": 47, "市区町村コード": 205, "所在地": "沖縄県宜野湾市宇地泊３丁目１０番２", "緯度": 26.273057, "経度": 127.729579, "url": "https://www.iryou.teikyouseido.mhlw.go.jp/znk-web/juminkanja/S2430/initialize?prefCd=47&kikanCd=0300000679&kikanKbn=5", "url2": "https://shop.tsuruha-g.com/4887", "内容": "ドラッグイレブン薬局宇地泊店【5:薬局】沖縄県宜野湾市宇地泊３丁目１０番２" }, "geometry": { "type": "Point", "coordinates": [ 127.729579, 26.273057 ] } },
{ "type": "Feature", "properties": { "ID": 4750300000680, "正式名称": "すこやか薬局　ＳａＲｙｕコザ店", "機関区分": 5, "都道府県コード": 47, "市区町村コード": 211, "所在地": "沖縄県沖縄市知花６丁目８番１４号", "緯度": 26.360507, "経度": 127.820797, "url": "https://www.iryou.teikyouseido.mhlw.go.jp/znk-web/juminkanja/S2430/initialize?prefCd=47&kikanCd=0300000680&kikanKbn=5", "url2": "https://www.sukoyaka.cc/", "内容": "すこやか薬局　ＳａＲｙｕコザ店【5:薬局】沖縄県沖縄市知花６丁目８番１４号" }, "geometry": { "type": "Point", "coordinates": [ 127.820797, 26.360507 ] } },
{ "type": "Feature", "properties": { "ID": 4750300000685, "正式名称": "すこやか薬局　ときわ店", "機関区分": 5, "都道府県コード": 47, "市区町村コード": 324, "所在地": "沖縄県中頭郡読谷村ときわ１４番４", "緯度": 26.375011, "経度": 127.756885, "url": "https://www.iryou.teikyouseido.mhlw.go.jp/znk-web/juminkanja/S2430/initialize?prefCd=47&kikanCd=0300000685&kikanKbn=5", "url2": "https://www.sukoyaka.cc/", "内容": "すこやか薬局　ときわ店【5:薬局】沖縄県中頭郡読谷村ときわ１４番４" }, "geometry": { "type": "Point", "coordinates": [ 127.756885, 26.375011 ] } },
{ "type": "Feature", "properties": { "ID": 4750400000016, "正式名称": "さつき薬局", "機関区分": 5, "都道府県コード": 47, "市区町村コード": 201, "所在地": "沖縄県那覇市宇栄原１－１９－１", "緯度": 26.19039, "経度": 127.664593, "url": "https://www.iryou.teikyouseido.mhlw.go.jp/znk-web/juminkanja/S2430/initialize?prefCd=47&kikanCd=0400000016&kikanKbn=5", "url2": null, "内容": "さつき薬局【5:薬局】沖縄県那覇市宇栄原１－１９－１" }, "geometry": { "type": "Point", "coordinates": [ 127.664593, 26.19039 ] } },
{ "type": "Feature", "properties": { "ID": 4750400000030, "正式名称": "はづき薬局", "機関区分": 5, "都道府県コード": 47, "市区町村コード": 201, "所在地": "沖縄県那覇市与儀３６８－１８", "緯度": 26.201996, "経度": 127.695459, "url": "https://www.iryou.teikyouseido.mhlw.go.jp/znk-web/juminkanja/S2430/initialize?prefCd=47&kikanCd=0400000030&kikanKbn=5", "url2": null, "内容": "はづき薬局【5:薬局】沖縄県那覇市与儀３６８－１８" }, "geometry": { "type": "Point", "coordinates": [ 127.695459, 26.201996 ] } },
{ "type": "Feature", "properties": { "ID": 4750400000047, "正式名称": "全快堂だるま薬局", "機関区分": 5, "都道府県コード": 47, "市区町村コード": 201, "所在地": "沖縄県那覇市久茂地１－３－１９", "緯度": 26.213537, "経度": 127.677985, "url": "https://www.iryou.teikyouseido.mhlw.go.jp/znk-web/juminkanja/S2430/initialize?prefCd=47&kikanCd=0400000047&kikanKbn=5", "url2": null, "内容": "全快堂だるま薬局【5:薬局】沖縄県那覇市久茂地１－３－１９" }, "geometry": { "type": "Point", "coordinates": [ 127.677985, 26.213537 ] } },
{ "type": "Feature", "properties": { "ID": 4750400000206, "正式名称": "わかさ調剤薬局", "機関区分": 5, "都道府県コード": 47, "市区町村コード": 201, "所在地": "沖縄県那覇市松山", "緯度": 26.221956, "経度": 127.679919, "url": "https://www.iryou.teikyouseido.mhlw.go.jp/znk-web/juminkanja/S2430/initialize?prefCd=47&kikanCd=0400000206&kikanKbn=5", "url2": null, "内容": "わかさ調剤薬局【5:薬局】沖縄県那覇市松山" }, "geometry": { "type": "Point", "coordinates": [ 127.679919, 26.221956 ] } },
{ "type": "Feature", "properties": { "ID": 4750400000280, "正式名称": "スマイル薬局", "機関区分": 5, "都道府県コード": 47, "市区町村コード": 201, "所在地": "沖縄県那覇市田原１－９－２", "緯度": 26.199476, "経度": 127.670322, "url": "https://www.iryou.teikyouseido.mhlw.go.jp/znk-web/juminkanja/S2430/initialize?prefCd=47&kikanCd=0400000280&kikanKbn=5", "url2": null, "内容": "スマイル薬局【5:薬局】沖縄県那覇市田原１－９－２" }, "geometry": { "type": "Point", "coordinates": [ 127.670322, 26.199476 ] } },
{ "type": "Feature", "properties": { "ID": 4750400000281, "正式名称": "レオナ薬局", "機関区分": 5, "都道府県コード": 47, "市区町村コード": 201, "所在地": "沖縄県那覇市松島２－１－２０", "緯度": 26.226223, "経度": 127.711171, "url": "https://www.iryou.teikyouseido.mhlw.go.jp/znk-web/juminkanja/S2430/initialize?prefCd=47&kikanCd=0400000281&kikanKbn=5", "url2": null, "内容": "レオナ薬局【5:薬局】沖縄県那覇市松島２－１－２０" }, "geometry": { "type": "Point", "coordinates": [ 127.711171, 26.226223 ] } },
{ "type": "Feature", "properties": { "ID": 4750400000290, "正式名称": "サンチェリー薬局", "機関区分": 5, "都道府県コード": 47, "市区町村コード": 201, "所在地": "沖縄県那覇市三原２－１５－５", "緯度": 26.211722, "経度": 127.704183, "url": "https://www.iryou.teikyouseido.mhlw.go.jp/znk-web/juminkanja/S2430/initialize?prefCd=47&kikanCd=0400000290&kikanKbn=5", "url2": null, "内容": "サンチェリー薬局【5:薬局】沖縄県那覇市三原２－１５－５" }, "geometry": { "type": "Point", "coordinates": [ 127.704183, 26.211722 ] } },
{ "type": "Feature", "properties": { "ID": 4750400000293, "正式名称": "薬志堂薬局　小禄店", "機関区分": 5, "都道府県コード": 47, "市区町村コード": 201, "所在地": "沖縄県那覇市小禄５５６－１", "緯度": 26.192914, "経度": 127.675971, "url": "https://www.iryou.teikyouseido.mhlw.go.jp/znk-web/juminkanja/S2430/initialize?prefCd=47&kikanCd=0400000293&kikanKbn=5", "url2": null, "内容": "薬志堂薬局　小禄店【5:薬局】沖縄県那覇市小禄５５６－１" }, "geometry": { "type": "Point", "coordinates": [ 127.675971, 26.192914 ] } },
{ "type": "Feature", "properties": { "ID": 4750400000295, "正式名称": "あさがお薬局", "機関区分": 5, "都道府県コード": 47, "市区町村コード": 201, "所在地": "沖縄県那覇市金城５－１４－１Ａ－１", "緯度": 26.196433, "経度": 127.665155, "url": "https://www.iryou.teikyouseido.mhlw.go.jp/znk-web/juminkanja/S2430/initialize?prefCd=47&kikanCd=0400000295&kikanKbn=5", "url2": null, "内容": "あさがお薬局【5:薬局】沖縄県那覇市金城５－１４－１Ａ－１" }, "geometry": { "type": "Point", "coordinates": [ 127.665155, 26.196433 ] } },
{ "type": "Feature", "properties": { "ID": 4750400000307, "正式名称": "病院前薬局", "機関区分": 5, "都道府県コード": 47, "市区町村コード": 201, "所在地": "沖縄県那覇市松島２－１－１１", "緯度": 26.225345, "経度": 127.709748, "url": "https://www.iryou.teikyouseido.mhlw.go.jp/znk-web/juminkanja/S2430/initialize?prefCd=47&kikanCd=0400000307&kikanKbn=5", "url2": "http://www.chikugo.co.jp/tenpo/okinawa/pg94.html", "内容": "病院前薬局【5:薬局】沖縄県那覇市松島２－１－１１" }, "geometry": { "type": "Point", "coordinates": [ 127.709748, 26.225345 ] } },
{ "type": "Feature", "properties": { "ID": 4750400000319, "正式名称": "つぼがわ薬局", "機関区分": 5, "都道府県コード": 47, "市区町村コード": 201, "所在地": "沖縄県那覇市壺川２丁目１３番４１号", "緯度": 26.202591, "経度": 127.683039, "url": "https://www.iryou.teikyouseido.mhlw.go.jp/znk-web/juminkanja/S2430/initialize?prefCd=47&kikanCd=0400000319&kikanKbn=5", "url2": null, "内容": "つぼがわ薬局【5:薬局】沖縄県那覇市壺川２丁目１３番４１号" }, "geometry": { "type": "Point", "coordinates": [ 127.683039, 26.202591 ] } },
{ "type": "Feature", "properties": { "ID": 4750400000371, "正式名称": "あけぼの薬局", "機関区分": 5, "都道府県コード": 47, "市区町村コード": 201, "所在地": "沖縄県那覇市曙３丁目２０番１５号", "緯度": 26.242392, "経度": 127.681979, "url": "https://www.iryou.teikyouseido.mhlw.go.jp/znk-web/juminkanja/S2430/initialize?prefCd=47&kikanCd=0400000371&kikanKbn=5", "url2": "https://www.marinegroup.jp/", "内容": "あけぼの薬局【5:薬局】沖縄県那覇市曙３丁目２０番１５号" }, "geometry": { "type": "Point", "coordinates": [ 127.681979, 26.242392 ] } },
{ "type": "Feature", "properties": { "ID": 4750400000389, "正式名称": "保険薬局プラネットまかび", "機関区分": 5, "都道府県コード": 47, "市区町村コード": 201, "所在地": "沖縄県那覇市真嘉比３－６－１", "緯度": 26.22578, "経度": 127.704714, "url": "https://www.iryou.teikyouseido.mhlw.go.jp/znk-web/juminkanja/S2430/initialize?prefCd=47&kikanCd=0400000389&kikanKbn=5", "url2": null, "内容": "保険薬局プラネットまかび【5:薬局】沖縄県那覇市真嘉比３－６－１" }, "geometry": { "type": "Point", "coordinates": [ 127.704714, 26.22578 ] } },
{ "type": "Feature", "properties": { "ID": 4750400000397, "正式名称": "ぐすく薬局", "機関区分": 5, "都道府県コード": 47, "市区町村コード": 201, "所在地": "沖縄県那覇市繁多川３－７－７", "緯度": 26.215944, "経度": 127.710528, "url": "https://www.iryou.teikyouseido.mhlw.go.jp/znk-web/juminkanja/S2430/initialize?prefCd=47&kikanCd=0400000397&kikanKbn=5", "url2": null, "内容": "ぐすく薬局【5:薬局】沖縄県那覇市繁多川３－７－７" }, "geometry": { "type": "Point", "coordinates": [ 127.710528, 26.215944 ] } },
{ "type": "Feature", "properties": { "ID": 4750400000406, "正式名称": "はるな薬局", "機関区分": 5, "都道府県コード": 47, "市区町村コード": 201, "所在地": "沖縄県那覇市古波蔵２－４－１９", "緯度": 26.201661, "経度": 127.687076, "url": "https://www.iryou.teikyouseido.mhlw.go.jp/znk-web/juminkanja/S2430/initialize?prefCd=47&kikanCd=0400000406&kikanKbn=5", "url2": null, "内容": "はるな薬局【5:薬局】沖縄県那覇市古波蔵２－４－１９" }, "geometry": { "type": "Point", "coordinates": [ 127.687076, 26.201661 ] } },
{ "type": "Feature", "properties": { "ID": 4750400000407, "正式名称": "すこやか薬局　小禄店", "機関区分": 5, "都道府県コード": 47, "市区町村コード": 201, "所在地": "沖縄県那覇市小禄２丁目３番地２１", "緯度": 26.191114, "経度": 127.675433, "url": "https://www.iryou.teikyouseido.mhlw.go.jp/znk-web/juminkanja/S2430/initialize?prefCd=47&kikanCd=0400000407&kikanKbn=5", "url2": "https://sukoyaka.cc/", "内容": "すこやか薬局　小禄店【5:薬局】沖縄県那覇市小禄２丁目３番地２１" }, "geometry": { "type": "Point", "coordinates": [ 127.675433, 26.191114 ] } },
{ "type": "Feature", "properties": { "ID": 4750400000411, "正式名称": "ハーモニー薬局寄宮店", "機関区分": 5, "都道府県コード": 47, "市区町村コード": 201, "所在地": "沖縄県那覇市与儀１－２６－１１", "緯度": 26.20561, "経度": 127.696965, "url": "https://www.iryou.teikyouseido.mhlw.go.jp/znk-web/juminkanja/S2430/initialize?prefCd=47&kikanCd=0400000411&kikanKbn=5", "url2": null, "内容": "ハーモニー薬局寄宮店【5:薬局】沖縄県那覇市与儀１－２６－１１" }, "geometry": { "type": "Point", "coordinates": [ 127.696965, 26.20561 ] } },
{ "type": "Feature", "properties": { "ID": 4750400000414, "正式名称": "ミント薬局", "機関区分": 5, "都道府県コード": 47, "市区町村コード": 201, "所在地": "沖縄県那覇市牧志２－１７－１７まきしビル１階", "緯度": 26.218978, "経度": 127.685968, "url": "https://www.iryou.teikyouseido.mhlw.go.jp/znk-web/juminkanja/S2430/initialize?prefCd=47&kikanCd=0400000414&kikanKbn=5", "url2": null, "内容": "ミント薬局【5:薬局】沖縄県那覇市牧志２－１７－１７まきしビル１階" }, "geometry": { "type": "Point", "coordinates": [ 127.685968, 26.218978 ] } },
{ "type": "Feature", "properties": { "ID": 4750400000415, "正式名称": "すこやか薬局　与儀店", "機関区分": 5, "都道府県コード": 47, "市区町村コード": 201, "所在地": "沖縄県那覇市国場７０７番地　パラシオン国場１０１", "緯度": 26.203304, "経度": 127.698242, "url": "https://www.iryou.teikyouseido.mhlw.go.jp/znk-web/juminkanja/S2430/initialize?prefCd=47&kikanCd=0400000415&kikanKbn=5", "url2": "https://sukoyaka.cc/", "内容": "すこやか薬局　与儀店【5:薬局】沖縄県那覇市国場７０７番地　パラシオン国場１０１" }, "geometry": { "type": "Point", "coordinates": [ 127.698242, 26.203304 ] } },
{ "type": "Feature", "properties": { "ID": 4750400000422, "正式名称": "くまのみ薬局", "機関区分": 5, "都道府県コード": 47, "市区町村コード": 201, "所在地": "沖縄県那覇市おもろまち２－２－２５", "緯度": 26.226793, "経度": 127.689037, "url": "https://www.iryou.teikyouseido.mhlw.go.jp/znk-web/juminkanja/S2430/initialize?prefCd=47&kikanCd=0400000422&kikanKbn=5", "url2": "chikugo.co.jp", "内容": "くまのみ薬局【5:薬局】沖縄県那覇市おもろまち２－２－２５" }, "geometry": { "type": "Point", "coordinates": [ 127.689037, 26.226793 ] } },
{ "type": "Feature", "properties": { "ID": 4750400000426, "正式名称": "吉原東洋薬局", "機関区分": 5, "都道府県コード": 47, "市区町村コード": 208, "所在地": "沖縄県浦添市伊祖２－３―１―１０３", "緯度": 26.253154, "経度": 127.714277, "url": "https://www.iryou.teikyouseido.mhlw.go.jp/znk-web/juminkanja/S2430/initialize?prefCd=47&kikanCd=0400000426&kikanKbn=5", "url2": null, "内容": "吉原東洋薬局【5:薬局】沖縄県浦添市伊祖２－３―１―１０３" }, "geometry": { "type": "Point", "coordinates": [ 127.714277, 26.253154 ] } },
{ "type": "Feature", "properties": { "ID": 4750400000429, "正式名称": "あいらんど薬局　さつき店", "機関区分": 5, "都道府県コード": 47, "市区町村コード": 201, "所在地": "沖縄県那覇市宇栄原三丁目５番１４号", "緯度": 26.187472, "経度": 127.665533, "url": "https://www.iryou.teikyouseido.mhlw.go.jp/znk-web/juminkanja/S2430/initialize?prefCd=47&kikanCd=0400000429&kikanKbn=5", "url2": "https://gesetmedical.jp/", "内容": "あいらんど薬局　さつき店【5:薬局】沖縄県那覇市宇栄原三丁目５番１４号" }, "geometry": { "type": "Point", "coordinates": [ 127.665533, 26.187472 ] } },
{ "type": "Feature", "properties": { "ID": 4750400000432, "正式名称": "パンダ薬局", "機関区分": 5, "都道府県コード": 47, "市区町村コード": 201, "所在地": "沖縄県那覇市首里石嶺町２丁目８４番地１号", "緯度": 26.225864, "経度": 127.728813, "url": "https://www.iryou.teikyouseido.mhlw.go.jp/znk-web/juminkanja/S2430/initialize?prefCd=47&kikanCd=0400000432&kikanKbn=5", "url2": null, "内容": "パンダ薬局【5:薬局】沖縄県那覇市首里石嶺町２丁目８４番地１号" }, "geometry": { "type": "Point", "coordinates": [ 127.728813, 26.225864 ] } },
{ "type": "Feature", "properties": { "ID": 4750400000435, "正式名称": "ばなな薬局", "機関区分": 5, "都道府県コード": 47, "市区町村コード": 201, "所在地": "沖縄県那覇市字小禄５６０番地", "緯度": 26.193019, "経度": 127.675461, "url": "https://www.iryou.teikyouseido.mhlw.go.jp/znk-web/juminkanja/S2430/initialize?prefCd=47&kikanCd=0400000435&kikanKbn=5", "url2": null, "内容": "ばなな薬局【5:薬局】沖縄県那覇市字小禄５６０番地" }, "geometry": { "type": "Point", "coordinates": [ 127.675461, 26.193019 ] } },
{ "type": "Feature", "properties": { "ID": 4750400000437, "正式名称": "まつお薬局", "機関区分": 5, "都道府県コード": 47, "市区町村コード": 201, "所在地": "沖縄県那覇市松尾１－４－１９　ピースリーイン国際通り１－Ｂ号", "緯度": 26.214274, "経度": 127.683326, "url": "https://www.iryou.teikyouseido.mhlw.go.jp/znk-web/juminkanja/S2430/initialize?prefCd=47&kikanCd=0400000437&kikanKbn=5", "url2": null, "内容": "まつお薬局【5:薬局】沖縄県那覇市松尾１－４－１９　ピースリーイン国際通り１－Ｂ号" }, "geometry": { "type": "Point", "coordinates": [ 127.683326, 26.214274 ] } },
{ "type": "Feature", "properties": { "ID": 4750400000439, "正式名称": "ビオラ薬局", "機関区分": 5, "都道府県コード": 47, "市区町村コード": 201, "所在地": "沖縄県那覇市上之屋１－３－３２", "緯度": 26.227727, "経度": 127.688893, "url": "https://www.iryou.teikyouseido.mhlw.go.jp/znk-web/juminkanja/S2430/initialize?prefCd=47&kikanCd=0400000439&kikanKbn=5", "url2": null, "内容": "ビオラ薬局【5:薬局】沖縄県那覇市上之屋１－３－３２" }, "geometry": { "type": "Point", "coordinates": [ 127.688893, 26.227727 ] } },
{ "type": "Feature", "properties": { "ID": 4750400000441, "正式名称": "ぼたん薬局", "機関区分": 5, "都道府県コード": 47, "市区町村コード": 201, "所在地": "沖縄県那覇市牧志２－１９－１０", "緯度": 26.219661, "経度": 127.687408, "url": "https://www.iryou.teikyouseido.mhlw.go.jp/znk-web/juminkanja/S2430/initialize?prefCd=47&kikanCd=0400000441&kikanKbn=5", "url2": null, "内容": "ぼたん薬局【5:薬局】沖縄県那覇市牧志２－１９－１０" }, "geometry": { "type": "Point", "coordinates": [ 127.687408, 26.219661 ] } },
{ "type": "Feature", "properties": { "ID": 4750400000445, "正式名称": "サンポー薬局　開南店", "機関区分": 5, "都道府県コード": 47, "市区町村コード": 201, "所在地": "沖縄県那覇市壺屋１－２－１７", "緯度": 26.211884, "経度": 127.68985, "url": "https://www.iryou.teikyouseido.mhlw.go.jp/znk-web/juminkanja/S2430/initialize?prefCd=47&kikanCd=0400000445&kikanKbn=5", "url2": null, "内容": "サンポー薬局　開南店【5:薬局】沖縄県那覇市壺屋１－２－１７" }, "geometry": { "type": "Point", "coordinates": [ 127.68985, 26.211884 ] } },
{ "type": "Feature", "properties": { "ID": 4750400000451, "正式名称": "とまと薬局", "機関区分": 5, "都道府県コード": 47, "市区町村コード": 208, "所在地": "沖縄県浦添市城間１－３７－１７", "緯度": 26.253416, "経度": 127.710375, "url": "https://www.iryou.teikyouseido.mhlw.go.jp/znk-web/juminkanja/S2430/initialize?prefCd=47&kikanCd=0400000451&kikanKbn=5", "url2": null, "内容": "とまと薬局【5:薬局】沖縄県浦添市城間１－３７－１７" }, "geometry": { "type": "Point", "coordinates": [ 127.710375, 26.253416 ] } },
{ "type": "Feature", "properties": { "ID": 4750400000454, "正式名称": "すこやか薬局　おもろまち店", "機関区分": 5, "都道府県コード": 47, "市区町村コード": 201, "所在地": "沖縄県那覇市銘苅３丁目２２番３３号", "緯度": 26.23356, "経度": 127.70198, "url": "https://www.iryou.teikyouseido.mhlw.go.jp/znk-web/juminkanja/S2430/initialize?prefCd=47&kikanCd=0400000454&kikanKbn=5", "url2": "https://sukoyaka.cc/", "内容": "すこやか薬局　おもろまち店【5:薬局】沖縄県那覇市銘苅３丁目２２番３３号" }, "geometry": { "type": "Point", "coordinates": [ 127.70198, 26.23356 ] } },
{ "type": "Feature", "properties": { "ID": 4750400000468, "正式名称": "キセ薬局", "機関区分": 5, "都道府県コード": 47, "市区町村コード": 201, "所在地": "沖縄県那覇市松川２丁目５番地１０号", "緯度": 26.217133, "経度": 127.701883, "url": "https://www.iryou.teikyouseido.mhlw.go.jp/znk-web/juminkanja/S2430/initialize?prefCd=47&kikanCd=0400000468&kikanKbn=5", "url2": null, "内容": "キセ薬局【5:薬局】沖縄県那覇市松川２丁目５番地１０号" }, "geometry": { "type": "Point", "coordinates": [ 127.701883, 26.217133 ] } },
{ "type": "Feature", "properties": { "ID": 4750400000469, "正式名称": "たいせい堂薬局　首里店", "機関区分": 5, "都道府県コード": 47, "市区町村コード": 201, "所在地": "沖縄県那覇市首里石嶺町２－１", "緯度": 26.224041, "経度": 127.728232, "url": "https://www.iryou.teikyouseido.mhlw.go.jp/znk-web/juminkanja/S2430/initialize?prefCd=47&kikanCd=0400000469&kikanKbn=5", "url2": "http://www.taiseidou.com/syuri/index.html", "内容": "たいせい堂薬局　首里店【5:薬局】沖縄県那覇市首里石嶺町２－１" }, "geometry": { "type": "Point", "coordinates": [ 127.728232, 26.224041 ] } },
{ "type": "Feature", "properties": { "ID": 4750400000475, "正式名称": "ミント薬局　泉崎店", "機関区分": 5, "都道府県コード": 47, "市区町村コード": 201, "所在地": "沖縄県那覇市泉崎２－４－２１　ライオンズマンションハーバービュー１０２号", "緯度": 26.210317, "経度": 127.678797, "url": "https://www.iryou.teikyouseido.mhlw.go.jp/znk-web/juminkanja/S2430/initialize?prefCd=47&kikanCd=0400000475&kikanKbn=5", "url2": null, "内容": "ミント薬局　泉崎店【5:薬局】沖縄県那覇市泉崎２－４－２１　ライオンズマンションハーバービュー１０２号" }, "geometry": { "type": "Point", "coordinates": [ 127.678797, 26.210317 ] } },
{ "type": "Feature", "properties": { "ID": 4750400000482, "正式名称": "ふく薬局　こはぐら店", "機関区分": 5, "都道府県コード": 47, "市区町村コード": 201, "所在地": "沖縄県那覇市古波蔵三丁目１８番５号", "緯度": 26.199453, "経度": 127.686505, "url": "https://www.iryou.teikyouseido.mhlw.go.jp/znk-web/juminkanja/S2430/initialize?prefCd=47&kikanCd=0400000482&kikanKbn=5", "url2": null, "内容": "ふく薬局　こはぐら店【5:薬局】沖縄県那覇市古波蔵三丁目１８番５号" }, "geometry": { "type": "Point", "coordinates": [ 127.686505, 26.199453 ] } },
{ "type": "Feature", "properties": { "ID": 4750400000490, "正式名称": "こくら虹薬局", "機関区分": 5, "都道府県コード": 47, "市区町村コード": 201, "所在地": "沖縄県那覇市古波蔵４丁目１０番５３号", "緯度": 26.196211, "経度": 127.689634, "url": "https://www.iryou.teikyouseido.mhlw.go.jp/znk-web/juminkanja/S2430/initialize?prefCd=47&kikanCd=0400000490&kikanKbn=5", "url2": "http://www.o-kenko.com", "内容": "こくら虹薬局【5:薬局】沖縄県那覇市古波蔵４丁目１０番５３号" }, "geometry": { "type": "Point", "coordinates": [ 127.689634, 26.196211 ] } },
{ "type": "Feature", "properties": { "ID": 4750400000493, "正式名称": "おなは薬局", "機関区分": 5, "都道府県コード": 47, "市区町村コード": 201, "所在地": "沖縄県那覇市安里３８８－１２７", "緯度": 26.215756, "経度": 127.69683, "url": "https://www.iryou.teikyouseido.mhlw.go.jp/znk-web/juminkanja/S2430/initialize?prefCd=47&kikanCd=0400000493&kikanKbn=5", "url2": "https://www.onahaya.com", "内容": "おなは薬局【5:薬局】沖縄県那覇市安里３８８－１２７" }, "geometry": { "type": "Point", "coordinates": [ 127.69683, 26.215756 ] } },
{ "type": "Feature", "properties": { "ID": 4750400000498, "正式名称": "ミズホ薬局", "機関区分": 5, "都道府県コード": 47, "市区町村コード": 201, "所在地": "沖縄県那覇市国場１１６９－２１", "緯度": 26.199666, "経度": 127.696945, "url": "https://www.iryou.teikyouseido.mhlw.go.jp/znk-web/juminkanja/S2430/initialize?prefCd=47&kikanCd=0400000498&kikanKbn=5", "url2": "https://www.mizuhoyakkyoku.com", "内容": "ミズホ薬局【5:薬局】沖縄県那覇市国場１１６９－２１" }, "geometry": { "type": "Point", "coordinates": [ 127.696945, 26.199666 ] } },
{ "type": "Feature", "properties": { "ID": 4750400000503, "正式名称": "あい薬局　経塚店", "機関区分": 5, "都道府県コード": 47, "市区町村コード": 208, "所在地": "沖縄県浦添市経塚６３３番地", "緯度": 26.237527, "経度": 127.721739, "url": "https://www.iryou.teikyouseido.mhlw.go.jp/znk-web/juminkanja/S2430/initialize?prefCd=47&kikanCd=0400000503&kikanKbn=5", "url2": "https://www.ai-yakkyoku.net/", "内容": "あい薬局　経塚店【5:薬局】沖縄県浦添市経塚６３３番地" }, "geometry": { "type": "Point", "coordinates": [ 127.721739, 26.237527 ] } },
{ "type": "Feature", "properties": { "ID": 4750400000504, "正式名称": "うりずん薬局　松尾店", "機関区分": 5, "都道府県コード": 47, "市区町村コード": 201, "所在地": "沖縄県那覇市松尾２丁目２番２５－２", "緯度": 26.213936, "経度": 127.685071, "url": "https://www.iryou.teikyouseido.mhlw.go.jp/znk-web/juminkanja/S2430/initialize?prefCd=47&kikanCd=0400000504&kikanKbn=5", "url2": null, "内容": "うりずん薬局　松尾店【5:薬局】沖縄県那覇市松尾２丁目２番２５－２" }, "geometry": { "type": "Point", "coordinates": [ 127.685071, 26.213936 ] } },
{ "type": "Feature", "properties": { "ID": 4750400000511, "正式名称": "ひめゆり薬局", "機関区分": 5, "都道府県コード": 47, "市区町村コード": 201, "所在地": "沖縄県那覇市壺屋２丁目４番地３号　１階", "緯度": 26.21243, "経度": 127.693799, "url": "https://www.iryou.teikyouseido.mhlw.go.jp/znk-web/juminkanja/S2430/initialize?prefCd=47&kikanCd=0400000511&kikanKbn=5", "url2": "https://www.himeyuri-yakkyoku-okinawa.jp/", "内容": "ひめゆり薬局【5:薬局】沖縄県那覇市壺屋２丁目４番地３号　１階" }, "geometry": { "type": "Point", "coordinates": [ 127.693799, 26.21243 ] } },
{ "type": "Feature", "properties": { "ID": 4750400000515, "正式名称": "三原薬局", "機関区分": 5, "都道府県コード": 47, "市区町村コード": 201, "所在地": "沖縄県那覇市三原１－２６－２７", "緯度": 26.213481, "経度": 127.698931, "url": "https://www.iryou.teikyouseido.mhlw.go.jp/znk-web/juminkanja/S2430/initialize?prefCd=47&kikanCd=0400000515&kikanKbn=5", "url2": null, "内容": "三原薬局【5:薬局】沖縄県那覇市三原１－２６－２７" }, "geometry": { "type": "Point", "coordinates": [ 127.698931, 26.213481 ] } },
{ "type": "Feature", "properties": { "ID": 4750400000518, "正式名称": "日本調剤　那覇中央薬局", "機関区分": 5, "都道府県コード": 47, "市区町村コード": 201, "所在地": "沖縄県那覇市与儀１－５－６", "緯度": 26.20591, "経度": 127.692426, "url": "https://www.iryou.teikyouseido.mhlw.go.jp/znk-web/juminkanja/S2430/initialize?prefCd=47&kikanCd=0400000518&kikanKbn=5", "url2": "http://www.nicho.co.jp/", "内容": "日本調剤　那覇中央薬局【5:薬局】沖縄県那覇市与儀１－５－６" }, "geometry": { "type": "Point", "coordinates": [ 127.692426, 26.20591 ] } },
{ "type": "Feature", "properties": { "ID": 4750400000519, "正式名称": "おろく薬局", "機関区分": 5, "都道府県コード": 47, "市区町村コード": 201, "所在地": "沖縄県那覇市小禄６５１番地", "緯度": 26.192707, "経度": 127.676386, "url": "https://www.iryou.teikyouseido.mhlw.go.jp/znk-web/juminkanja/S2430/initialize?prefCd=47&kikanCd=0400000519&kikanKbn=5", "url2": "https://www.aiwa-pha.co.jp", "内容": "おろく薬局【5:薬局】沖縄県那覇市小禄６５１番地" }, "geometry": { "type": "Point", "coordinates": [ 127.676386, 26.192707 ] } },
{ "type": "Feature", "properties": { "ID": 4750400000521, "正式名称": "そうごう薬局新赤十字前店", "機関区分": 5, "都道府県コード": 47, "市区町村コード": 201, "所在地": "沖縄県那覇市与儀１－１８－１８", "緯度": 26.206204, "経度": 127.693807, "url": "https://www.iryou.teikyouseido.mhlw.go.jp/znk-web/juminkanja/S2430/initialize?prefCd=47&kikanCd=0400000521&kikanKbn=5", "url2": "https://www.sogo-medical.co.jp/", "内容": "そうごう薬局新赤十字前店【5:薬局】沖縄県那覇市与儀１－１８－１８" }, "geometry": { "type": "Point", "coordinates": [ 127.693807, 26.206204 ] } },
{ "type": "Feature", "properties": { "ID": 4750400000523, "正式名称": "すこやか薬局　沖赤店", "機関区分": 5, "都道府県コード": 47, "市区町村コード": 201, "所在地": "沖縄県那覇市与儀１丁目４番３号", "緯度": 26.205886, "経度": 127.692665, "url": "https://www.iryou.teikyouseido.mhlw.go.jp/znk-web/juminkanja/S2430/initialize?prefCd=47&kikanCd=0400000523&kikanKbn=5", "url2": "https://sukoyaka.cc/", "内容": "すこやか薬局　沖赤店【5:薬局】沖縄県那覇市与儀１丁目４番３号" }, "geometry": { "type": "Point", "coordinates": [ 127.692665, 26.205886 ] } },
{ "type": "Feature", "properties": { "ID": 4750400000524, "正式名称": "いるか薬局", "機関区分": 5, "都道府県コード": 47, "市区町村コード": 201, "所在地": "沖縄県那覇市天久２－２０－１９", "緯度": 26.234185, "経度": 127.687128, "url": "https://www.iryou.teikyouseido.mhlw.go.jp/znk-web/juminkanja/S2430/initialize?prefCd=47&kikanCd=0400000524&kikanKbn=5", "url2": null, "内容": "いるか薬局【5:薬局】沖縄県那覇市天久２－２０－１９" }, "geometry": { "type": "Point", "coordinates": [ 127.687128, 26.234185 ] } },
{ "type": "Feature", "properties": { "ID": 4750400000528, "正式名称": "株式会社新垣薬局", "機関区分": 5, "都道府県コード": 47, "市区町村コード": 201, "所在地": "沖縄県那覇市小禄２８０", "緯度": 26.197092, "経度": 127.676071, "url": "https://www.iryou.teikyouseido.mhlw.go.jp/znk-web/juminkanja/S2430/initialize?prefCd=47&kikanCd=0400000528&kikanKbn=5", "url2": "https://xn--mhs40ib1j2l7a.com/", "内容": "株式会社新垣薬局【5:薬局】沖縄県那覇市小禄２８０" }, "geometry": { "type": "Point", "coordinates": [ 127.676071, 26.197092 ] } },
{ "type": "Feature", "properties": { "ID": 4750400000531, "正式名称": "くら薬局", "機関区分": 5, "都道府県コード": 47, "市区町村コード": 201, "所在地": "沖縄県那覇市首里当蔵町１－１０－１", "緯度": 26.22013, "経度": 127.719316, "url": "https://www.iryou.teikyouseido.mhlw.go.jp/znk-web/juminkanja/S2430/initialize?prefCd=47&kikanCd=0400000531&kikanKbn=5", "url2": null, "内容": "くら薬局【5:薬局】沖縄県那覇市首里当蔵町１－１０－１" }, "geometry": { "type": "Point", "coordinates": [ 127.719316, 26.22013 ] } },
{ "type": "Feature", "properties": { "ID": 4750400000535, "正式名称": "ハープ薬局", "機関区分": 5, "都道府県コード": 47, "市区町村コード": 201, "所在地": "沖縄県那覇市首里久場川町２丁目９６番地の１８", "緯度": 26.222214, "経度": 127.725987, "url": "https://www.iryou.teikyouseido.mhlw.go.jp/znk-web/juminkanja/S2430/initialize?prefCd=47&kikanCd=0400000535&kikanKbn=5", "url2": "https://www.harp-pharmacy.com/", "内容": "ハープ薬局【5:薬局】沖縄県那覇市首里久場川町２丁目９６番地の１８" }, "geometry": { "type": "Point", "coordinates": [ 127.725987, 26.222214 ] } },
{ "type": "Feature", "properties": { "ID": 4750400000548, "正式名称": "ふく薬局　まかび店", "機関区分": 5, "都道府県コード": 47, "市区町村コード": 201, "所在地": "沖縄県那覇市真嘉比２丁目２９番２０号", "緯度": 26.22425, "経度": 127.70319, "url": "https://www.iryou.teikyouseido.mhlw.go.jp/znk-web/juminkanja/S2430/initialize?prefCd=47&kikanCd=0400000548&kikanKbn=5", "url2": null, "内容": "ふく薬局　まかび店【5:薬局】沖縄県那覇市真嘉比２丁目２９番２０号" }, "geometry": { "type": "Point", "coordinates": [ 127.70319, 26.22425 ] } },
{ "type": "Feature", "properties": { "ID": 4750400000549, "正式名称": "すこやか薬局　新都心店", "機関区分": 5, "都道府県コード": 47, "市区町村コード": 201, "所在地": "沖縄県那覇市銘苅２丁目２番１号", "緯度": 26.229694, "経度": 127.697316, "url": "https://www.iryou.teikyouseido.mhlw.go.jp/znk-web/juminkanja/S2430/initialize?prefCd=47&kikanCd=0400000549&kikanKbn=5", "url2": "https://sukoyaka.cc/", "内容": "すこやか薬局　新都心店【5:薬局】沖縄県那覇市銘苅２丁目２番１号" }, "geometry": { "type": "Point", "coordinates": [ 127.697316, 26.229694 ] } },
{ "type": "Feature", "properties": { "ID": 4750400000556, "正式名称": "すこやか薬局　田原店", "機関区分": 5, "都道府県コード": 47, "市区町村コード": 201, "所在地": "沖縄県那覇市宇栄原１丁目６番３８号", "緯度": 26.193647, "経度": 127.664704, "url": "https://www.iryou.teikyouseido.mhlw.go.jp/znk-web/juminkanja/S2430/initialize?prefCd=47&kikanCd=0400000556&kikanKbn=5", "url2": "https://sukoyaka.cc/", "内容": "すこやか薬局　田原店【5:薬局】沖縄県那覇市宇栄原１丁目６番３８号" }, "geometry": { "type": "Point", "coordinates": [ 127.664704, 26.193647 ] } },
{ "type": "Feature", "properties": { "ID": 4750400000562, "正式名称": "吉田薬局　はんたがわ店", "機関区分": 5, "都道府県コード": 47, "市区町村コード": 201, "所在地": "沖縄県那覇市繁多川５－２３－１", "緯度": 26.209913, "経度": 127.71245, "url": "https://www.iryou.teikyouseido.mhlw.go.jp/znk-web/juminkanja/S2430/initialize?prefCd=47&kikanCd=0400000562&kikanKbn=5", "url2": "https://www.e-classa.net/y-hantagawa/index.html", "内容": "吉田薬局　はんたがわ店【5:薬局】沖縄県那覇市繁多川５－２３－１" }, "geometry": { "type": "Point", "coordinates": [ 127.71245, 26.209913 ] } },
{ "type": "Feature", "properties": { "ID": 4750400000566, "正式名称": "吉原東洋薬局宮城店", "機関区分": 5, "都道府県コード": 47, "市区町村コード": 208, "所在地": "沖縄県浦添市宮城６－１－１５－１", "緯度": 26.246733, "経度": 127.709545, "url": "https://www.iryou.teikyouseido.mhlw.go.jp/znk-web/juminkanja/S2430/initialize?prefCd=47&kikanCd=0400000566&kikanKbn=5", "url2": null, "内容": "吉原東洋薬局宮城店【5:薬局】沖縄県浦添市宮城６－１－１５－１" }, "geometry": { "type": "Point", "coordinates": [ 127.709545, 26.246733 ] } },
{ "type": "Feature", "properties": { "ID": 4750400000571, "正式名称": "すこやか薬局　久米店", "機関区分": 5, "都道府県コード": 47, "市区町村コード": 201, "所在地": "沖縄県那覇市久米２丁目１０番１号　シャトレブランシェ１０２号室", "緯度": 26.215039, "経度": 127.675306, "url": "https://www.iryou.teikyouseido.mhlw.go.jp/znk-web/juminkanja/S2430/initialize?prefCd=47&kikanCd=0400000571&kikanKbn=5", "url2": "https://sukoyaka.cc/", "内容": "すこやか薬局　久米店【5:薬局】沖縄県那覇市久米２丁目１０番１号　シャトレブランシェ１０２号室" }, "geometry": { "type": "Point", "coordinates": [ 127.675306, 26.215039 ] } },
{ "type": "Feature", "properties": { "ID": 4750400000572, "正式名称": "ヴァインドラッグ末吉薬局", "機関区分": 5, "都道府県コード": 47, "市区町村コード": 201, "所在地": "沖縄県那覇市首里末吉町４丁目１－１", "緯度": 26.230375, "経度": 127.706613, "url": "https://www.iryou.teikyouseido.mhlw.go.jp/znk-web/juminkanja/S2430/initialize?prefCd=47&kikanCd=0400000572&kikanKbn=5", "url2": "https://www.vinedrug.com/", "内容": "ヴァインドラッグ末吉薬局【5:薬局】沖縄県那覇市首里末吉町４丁目１－１" }, "geometry": { "type": "Point", "coordinates": [ 127.706613, 26.230375 ] } },
{ "type": "Feature", "properties": { "ID": 4750400000575, "正式名称": "とくりん薬局赤嶺駅前店", "機関区分": 5, "都道府県コード": 47, "市区町村コード": 201, "所在地": "沖縄県那覇市赤嶺２丁目１番地の９号", "緯度": 26.193067, "経度": 127.660884, "url": "https://www.iryou.teikyouseido.mhlw.go.jp/znk-web/juminkanja/S2430/initialize?prefCd=47&kikanCd=0400000575&kikanKbn=5", "url2": null, "内容": "とくりん薬局赤嶺駅前店【5:薬局】沖縄県那覇市赤嶺２丁目１番地の９号" }, "geometry": { "type": "Point", "coordinates": [ 127.660884, 26.193067 ] } },
{ "type": "Feature", "properties": { "ID": 4750400000578, "正式名称": "うらら薬局", "機関区分": 5, "都道府県コード": 47, "市区町村コード": 201, "所在地": "沖縄県那覇市長田２－２５－１０－１０２", "緯度": 26.203491, "経度": 127.705967, "url": "https://www.iryou.teikyouseido.mhlw.go.jp/znk-web/juminkanja/S2430/initialize?prefCd=47&kikanCd=0400000578&kikanKbn=5", "url2": "https://okinawait.com/store/urara/", "内容": "うらら薬局【5:薬局】沖縄県那覇市長田２－２５－１０－１０２" }, "geometry": { "type": "Point", "coordinates": [ 127.705967, 26.203491 ] } },
{ "type": "Feature", "properties": { "ID": 4750400000579, "正式名称": "イオン薬局那覇店", "機関区分": 5, "都道府県コード": 47, "市区町村コード": 201, "所在地": "沖縄県那覇市金城５－１０－２", "緯度": 26.196956, "経度": 127.665767, "url": "https://www.iryou.teikyouseido.mhlw.go.jp/znk-web/juminkanja/S2430/initialize?prefCd=47&kikanCd=0400000579&kikanKbn=5", "url2": "https://www.aeon-ryukyu.jp/store/aeon/naha/", "内容": "イオン薬局那覇店【5:薬局】沖縄県那覇市金城５－１０－２" }, "geometry": { "type": "Point", "coordinates": [ 127.665767, 26.196956 ] } },
{ "type": "Feature", "properties": { "ID": 4750400000582, "正式名称": "くくる薬局", "機関区分": 5, "都道府県コード": 47, "市区町村コード": 201, "所在地": "沖縄県那覇市安謝１丁目１０番３０号スカイエスト１Ｆ", "緯度": 26.233838, "経度": 127.695223, "url": "https://www.iryou.teikyouseido.mhlw.go.jp/znk-web/juminkanja/S2430/initialize?prefCd=47&kikanCd=0400000582&kikanKbn=5", "url2": null, "内容": "くくる薬局【5:薬局】沖縄県那覇市安謝１丁目１０番３０号スカイエスト１Ｆ" }, "geometry": { "type": "Point", "coordinates": [ 127.695223, 26.233838 ] } },
{ "type": "Feature", "properties": { "ID": 4750400000583, "正式名称": "はなはな薬局", "機関区分": 5, "都道府県コード": 47, "市区町村コード": 201, "所在地": "沖縄県那覇市安里３９５－２", "緯度": 26.215827, "経度": 127.695895, "url": "https://www.iryou.teikyouseido.mhlw.go.jp/znk-web/juminkanja/S2430/initialize?prefCd=47&kikanCd=0400000583&kikanKbn=5", "url2": null, "内容": "はなはな薬局【5:薬局】沖縄県那覇市安里３９５－２" }, "geometry": { "type": "Point", "coordinates": [ 127.695895, 26.215827 ] } },
{ "type": "Feature", "properties": { "ID": 4750400000584, "正式名称": "すこやか薬局　みやぐすく店", "機関区分": 5, "都道府県コード": 47, "市区町村コード": 201, "所在地": "沖縄県那覇市宮城１丁目１８番１号　Ｂ１Ｆ", "緯度": 26.187819, "経度": 127.657799, "url": "https://www.iryou.teikyouseido.mhlw.go.jp/znk-web/juminkanja/S2430/initialize?prefCd=47&kikanCd=0400000584&kikanKbn=5", "url2": "https://sukoyaka.cc/", "内容": "すこやか薬局　みやぐすく店【5:薬局】沖縄県那覇市宮城１丁目１８番１号　Ｂ１Ｆ" }, "geometry": { "type": "Point", "coordinates": [ 127.657799, 26.187819 ] } },
{ "type": "Feature", "properties": { "ID": 4750400000586, "正式名称": "薬志堂薬局　小禄南店", "機関区分": 5, "都道府県コード": 47, "市区町村コード": 201, "所在地": "沖縄県那覇市小禄４－１－１　１０１", "緯度": 26.189996, "経度": 127.674231, "url": "https://www.iryou.teikyouseido.mhlw.go.jp/znk-web/juminkanja/S2430/initialize?prefCd=47&kikanCd=0400000586&kikanKbn=5", "url2": null, "内容": "薬志堂薬局　小禄南店【5:薬局】沖縄県那覇市小禄４－１－１　１０１" }, "geometry": { "type": "Point", "coordinates": [ 127.674231, 26.189996 ] } },
{ "type": "Feature", "properties": { "ID": 4750400000587, "正式名称": "株式会社大賀薬局　長田沖大前店", "機関区分": 5, "都道府県コード": 47, "市区町村コード": 201, "所在地": "沖縄県那覇市長田１－２４－２６", "緯度": 26.262573, "経度": 127.764585, "url": "https://www.iryou.teikyouseido.mhlw.go.jp/znk-web/juminkanja/S2430/initialize?prefCd=47&kikanCd=0400000587&kikanKbn=5", "url2": "https://www.ohga-ph.com/", "内容": "株式会社大賀薬局　長田沖大前店【5:薬局】沖縄県那覇市長田１－２４－２６" }, "geometry": { "type": "Point", "coordinates": [ 127.764585, 26.262573 ] } },
{ "type": "Feature", "properties": { "ID": 4750400000589, "正式名称": "ぴぃぷる第２薬局", "機関区分": 5, "都道府県コード": 47, "市区町村コード": 201, "所在地": "沖縄県那覇市小禄１－１－４３", "緯度": 26.195352, "経度": 127.676466, "url": "https://www.iryou.teikyouseido.mhlw.go.jp/znk-web/juminkanja/S2430/initialize?prefCd=47&kikanCd=0400000589&kikanKbn=5", "url2": "https://store.qol-net.co.jp/detail/658/", "内容": "ぴぃぷる第２薬局【5:薬局】沖縄県那覇市小禄１－１－４３" }, "geometry": { "type": "Point", "coordinates": [ 127.676466, 26.195352 ] } },
{ "type": "Feature", "properties": { "ID": 4750400000591, "正式名称": "ミルク薬局　天久店", "機関区分": 5, "都道府県コード": 47, "市区町村コード": 201, "所在地": "沖縄県那覇市天久１－７－５", "緯度": 26.230258, "経度": 127.691709, "url": "https://www.iryou.teikyouseido.mhlw.go.jp/znk-web/juminkanja/S2430/initialize?prefCd=47&kikanCd=0400000591&kikanKbn=5", "url2": null, "内容": "ミルク薬局　天久店【5:薬局】沖縄県那覇市天久１－７－５" }, "geometry": { "type": "Point", "coordinates": [ 127.691709, 26.230258 ] } },
{ "type": "Feature", "properties": { "ID": 4750400000594, "正式名称": "すこやか薬局　松川店", "機関区分": 5, "都道府県コード": 47, "市区町村コード": 201, "所在地": "沖縄県那覇市松川４０７－１　ＳｅｔＢビル２Ｆ", "緯度": 26.219823, "経度": 127.705128, "url": "https://www.iryou.teikyouseido.mhlw.go.jp/znk-web/juminkanja/S2430/initialize?prefCd=47&kikanCd=0400000594&kikanKbn=5", "url2": "https://sukoyaka.cc/", "内容": "すこやか薬局　松川店【5:薬局】沖縄県那覇市松川４０７－１　ＳｅｔＢビル２Ｆ" }, "geometry": { "type": "Point", "coordinates": [ 127.705128, 26.219823 ] } },
{ "type": "Feature", "properties": { "ID": 4750400000595, "正式名称": "とまり薬局", "機関区分": 5, "都道府県コード": 47, "市区町村コード": 201, "所在地": "沖縄県那覇市泊１－１１－７", "緯度": 26.221827, "経度": 127.690132, "url": "https://www.iryou.teikyouseido.mhlw.go.jp/znk-web/juminkanja/S2430/initialize?prefCd=47&kikanCd=0400000595&kikanKbn=5", "url2": "https://www.tomari-terasu.com/", "内容": "とまり薬局【5:薬局】沖縄県那覇市泊１－１１－７" }, "geometry": { "type": "Point", "coordinates": [ 127.690132, 26.221827 ] } },
{ "type": "Feature", "properties": { "ID": 4750400000600, "正式名称": "オリーブ薬局小禄店", "機関区分": 5, "都道府県コード": 47, "市区町村コード": 201, "所在地": "沖縄県那覇市田原３－１－１２　第２丸元ビル１０１", "緯度": 26.197678, "経度": 127.668813, "url": "https://www.iryou.teikyouseido.mhlw.go.jp/znk-web/juminkanja/S2430/initialize?prefCd=47&kikanCd=0400000600&kikanKbn=5", "url2": null, "内容": "オリーブ薬局小禄店【5:薬局】沖縄県那覇市田原３－１－１２　第２丸元ビル１０１" }, "geometry": { "type": "Point", "coordinates": [ 127.668813, 26.197678 ] } },
{ "type": "Feature", "properties": { "ID": 4750400000601, "正式名称": "ＯＷＬ調剤薬局", "機関区分": 5, "都道府県コード": 47, "市区町村コード": 201, "所在地": "沖縄県那覇市楚辺１－１４－３９　１階", "緯度": 26.207699, "経度": 127.684531, "url": "https://www.iryou.teikyouseido.mhlw.go.jp/znk-web/juminkanja/S2430/initialize?prefCd=47&kikanCd=0400000601&kikanKbn=5", "url2": null, "内容": "ＯＷＬ調剤薬局【5:薬局】沖縄県那覇市楚辺１－１４－３９　１階" }, "geometry": { "type": "Point", "coordinates": [ 127.684531, 26.207699 ] } },
{ "type": "Feature", "properties": { "ID": 4750400000602, "正式名称": "セブンス薬局　首里店", "機関区分": 5, "都道府県コード": 47, "市区町村コード": 201, "所在地": "沖縄県那覇市首里石嶺町３－２２１－１ラック石嶺駅前１０１", "緯度": 26.227639, "経度": 127.728992, "url": "https://www.iryou.teikyouseido.mhlw.go.jp/znk-web/juminkanja/S2430/initialize?prefCd=47&kikanCd=0400000602&kikanKbn=5", "url2": null, "内容": "セブンス薬局　首里店【5:薬局】沖縄県那覇市首里石嶺町３－２２１－１ラック石嶺駅前１０１" }, "geometry": { "type": "Point", "coordinates": [ 127.728992, 26.227639 ] } },
{ "type": "Feature", "properties": { "ID": 4750400000603, "正式名称": "ハープ薬局おもろまち駅前店", "機関区分": 5, "都道府県コード": 47, "市区町村コード": 201, "所在地": "沖縄県那覇市真嘉比１ー７ー１　テンズマカビ１Ｆ", "緯度": 26.223207, "経度": 127.70246, "url": "https://www.iryou.teikyouseido.mhlw.go.jp/znk-web/juminkanja/S2430/initialize?prefCd=47&kikanCd=0400000603&kikanKbn=5", "url2": null, "内容": "ハープ薬局おもろまち駅前店【5:薬局】沖縄県那覇市真嘉比１ー７ー１　テンズマカビ１Ｆ" }, "geometry": { "type": "Point", "coordinates": [ 127.70246, 26.223207 ] } },
{ "type": "Feature", "properties": { "ID": 4750400000604, "正式名称": "まかび薬局", "機関区分": 5, "都道府県コード": 47, "市区町村コード": 201, "所在地": "沖縄県那覇市真嘉比２－２９－２６", "緯度": 26.22365, "経度": 127.702605, "url": "https://www.iryou.teikyouseido.mhlw.go.jp/znk-web/juminkanja/S2430/initialize?prefCd=47&kikanCd=0400000604&kikanKbn=5", "url2": "http://omp1992.jp/", "内容": "まかび薬局【5:薬局】沖縄県那覇市真嘉比２－２９－２６" }, "geometry": { "type": "Point", "coordinates": [ 127.702605, 26.22365 ] } },
{ "type": "Feature", "properties": { "ID": 4750400000605, "正式名称": "なははくあい薬局", "機関区分": 5, "都道府県コード": 47, "市区町村コード": 201, "所在地": "沖縄県那覇市安里１－６－１１", "緯度": 26.218949, "経度": 127.693839, "url": "https://www.iryou.teikyouseido.mhlw.go.jp/znk-web/juminkanja/S2430/initialize?prefCd=47&kikanCd=0400000605&kikanKbn=5", "url2": null, "内容": "なははくあい薬局【5:薬局】沖縄県那覇市安里１－６－１１" }, "geometry": { "type": "Point", "coordinates": [ 127.693839, 26.218949 ] } },
{ "type": "Feature", "properties": { "ID": 4750400000606, "正式名称": "ウェーブ薬局", "機関区分": 5, "都道府県コード": 47, "市区町村コード": 201, "所在地": "沖縄県那覇市赤嶺１－１２－２ニューウェーブビル", "緯度": 26.196105, "経度": 127.662774, "url": "https://www.iryou.teikyouseido.mhlw.go.jp/znk-web/juminkanja/S2430/initialize?prefCd=47&kikanCd=0400000606&kikanKbn=5", "url2": null, "内容": "ウェーブ薬局【5:薬局】沖縄県那覇市赤嶺１－１２－２ニューウェーブビル" }, "geometry": { "type": "Point", "coordinates": [ 127.662774, 26.196105 ] } },
{ "type": "Feature", "properties": { "ID": 4750400000607, "正式名称": "和ごころ薬局　くもじ店", "機関区分": 5, "都道府県コード": 47, "市区町村コード": 201, "所在地": "沖縄県那覇市久茂地２－１１－１８当山久茂地川医邸Ｂ１・１Ｆ", "緯度": 26.21723, "経度": 127.681529, "url": "https://www.iryou.teikyouseido.mhlw.go.jp/znk-web/juminkanja/S2430/initialize?prefCd=47&kikanCd=0400000607&kikanKbn=5", "url2": null, "内容": "和ごころ薬局　くもじ店【5:薬局】沖縄県那覇市久茂地２－１１－１８当山久茂地川医邸Ｂ１・１Ｆ" }, "geometry": { "type": "Point", "coordinates": [ 127.681529, 26.21723 ] } },
{ "type": "Feature", "properties": { "ID": 4750400000608, "正式名称": "リーフ調剤薬局", "機関区分": 5, "都道府県コード": 47, "市区町村コード": 201, "所在地": "沖縄県那覇市おもろまち４－９－６", "緯度": 26.227281, "経度": 127.696571, "url": "https://www.iryou.teikyouseido.mhlw.go.jp/znk-web/juminkanja/S2430/initialize?prefCd=47&kikanCd=0400000608&kikanKbn=5", "url2": "https://leafpharmacy.wixsite.com/website", "内容": "リーフ調剤薬局【5:薬局】沖縄県那覇市おもろまち４－９－６" }, "geometry": { "type": "Point", "coordinates": [ 127.696571, 26.227281 ] } },
{ "type": "Feature", "properties": { "ID": 4750400000610, "正式名称": "スマイル薬局古島店", "機関区分": 5, "都道府県コード": 47, "市区町村コード": 201, "所在地": "沖縄県那覇市古島２－６－３", "緯度": 26.227655, "経度": 127.705431, "url": "https://www.iryou.teikyouseido.mhlw.go.jp/znk-web/juminkanja/S2430/initialize?prefCd=47&kikanCd=0400000610&kikanKbn=5", "url2": null, "内容": "スマイル薬局古島店【5:薬局】沖縄県那覇市古島２－６－３" }, "geometry": { "type": "Point", "coordinates": [ 127.705431, 26.227655 ] } },
{ "type": "Feature", "properties": { "ID": 4750400000611, "正式名称": "那覇センター薬局", "機関区分": 5, "都道府県コード": 47, "市区町村コード": 201, "所在地": "沖縄県那覇市久茂地３－１３－１　６３ビル１０２", "緯度": 26.215273, "経度": 127.68237, "url": "https://www.iryou.teikyouseido.mhlw.go.jp/znk-web/juminkanja/S2430/initialize?prefCd=47&kikanCd=0400000611&kikanKbn=5", "url2": null, "内容": "那覇センター薬局【5:薬局】沖縄県那覇市久茂地３－１３－１　６３ビル１０２" }, "geometry": { "type": "Point", "coordinates": [ 127.68237, 26.215273 ] } },
{ "type": "Feature", "properties": { "ID": 4750400000612, "正式名称": "新泉堂薬局", "機関区分": 5, "都道府県コード": 47, "市区町村コード": 201, "所在地": "沖縄県那覇市古波蔵４－１３－１２", "緯度": 26.195319, "経度": 127.692664, "url": "https://www.iryou.teikyouseido.mhlw.go.jp/znk-web/juminkanja/S2430/initialize?prefCd=47&kikanCd=0400000612&kikanKbn=5", "url2": null, "内容": "新泉堂薬局【5:薬局】沖縄県那覇市古波蔵４－１３－１２" }, "geometry": { "type": "Point", "coordinates": [ 127.692664, 26.195319 ] } },
{ "type": "Feature", "properties": { "ID": 4750400000613, "正式名称": "アイワ薬局　松島店", "機関区分": 5, "都道府県コード": 47, "市区町村コード": 201, "所在地": "沖縄県那覇市松島２－１－１９", "緯度": 26.226106, "経度": 127.710996, "url": "https://www.iryou.teikyouseido.mhlw.go.jp/znk-web/juminkanja/S2430/initialize?prefCd=47&kikanCd=0400000613&kikanKbn=5", "url2": "https://r.goope.jp/yuuyui8608/", "内容": "アイワ薬局　松島店【5:薬局】沖縄県那覇市松島２－１－１９" }, "geometry": { "type": "Point", "coordinates": [ 127.710996, 26.226106 ] } },
{ "type": "Feature", "properties": { "ID": 4750400000615, "正式名称": "ひだまり薬局　那覇店", "機関区分": 5, "都道府県コード": 47, "市区町村コード": 201, "所在地": "沖縄県那覇市おもろまち２丁目３番２３号", "緯度": 26.226555, "経度": 127.689934, "url": "https://www.iryou.teikyouseido.mhlw.go.jp/znk-web/juminkanja/S2430/initialize?prefCd=47&kikanCd=0400000615&kikanKbn=5", "url2": null, "内容": "ひだまり薬局　那覇店【5:薬局】沖縄県那覇市おもろまち２丁目３番２３号" }, "geometry": { "type": "Point", "coordinates": [ 127.689934, 26.226555 ] } },
{ "type": "Feature", "properties": { "ID": 4750400000616, "正式名称": "大天堂薬局", "機関区分": 5, "都道府県コード": 47, "市区町村コード": 201, "所在地": "沖縄県那覇市牧志３－９－１", "緯度": 26.216589, "経度": 127.689701, "url": "https://www.iryou.teikyouseido.mhlw.go.jp/znk-web/juminkanja/S2430/initialize?prefCd=47&kikanCd=0400000616&kikanKbn=5", "url2": null, "内容": "大天堂薬局【5:薬局】沖縄県那覇市牧志３－９－１" }, "geometry": { "type": "Point", "coordinates": [ 127.689701, 26.216589 ] } },
{ "type": "Feature", "properties": { "ID": 4750400000619, "正式名称": "うえばる薬局", "機関区分": 5, "都道府県コード": 47, "市区町村コード": 201, "所在地": "沖縄県那覇市宇栄原１－１８－２３", "緯度": 26.190831, "経度": 127.664173, "url": "https://www.iryou.teikyouseido.mhlw.go.jp/znk-web/juminkanja/S2430/initialize?prefCd=47&kikanCd=0400000619&kikanKbn=5", "url2": null, "内容": "うえばる薬局【5:薬局】沖縄県那覇市宇栄原１－１８－２３" }, "geometry": { "type": "Point", "coordinates": [ 127.664173, 26.190831 ] } },
{ "type": "Feature", "properties": { "ID": 4750400000621, "正式名称": "ミルク薬局　真嘉比店", "機関区分": 5, "都道府県コード": 47, "市区町村コード": 201, "所在地": "沖縄県那覇市真嘉比２－１－１", "緯度": 26.226687, "経度": 127.7041, "url": "https://www.iryou.teikyouseido.mhlw.go.jp/znk-web/juminkanja/S2430/initialize?prefCd=47&kikanCd=0400000621&kikanKbn=5", "url2": null, "内容": "ミルク薬局　真嘉比店【5:薬局】沖縄県那覇市真嘉比２－１－１" }, "geometry": { "type": "Point", "coordinates": [ 127.7041, 26.226687 ] } },
{ "type": "Feature", "properties": { "ID": 4750400000622, "正式名称": "そよ風薬局　松川店", "機関区分": 5, "都道府県コード": 47, "市区町村コード": 201, "所在地": "沖縄県那覇市松川４４２－８", "緯度": 26.219466, "経度": 127.705598, "url": "https://www.iryou.teikyouseido.mhlw.go.jp/znk-web/juminkanja/S2430/initialize?prefCd=47&kikanCd=0400000622&kikanKbn=5", "url2": null, "内容": "そよ風薬局　松川店【5:薬局】沖縄県那覇市松川４４２－８" }, "geometry": { "type": "Point", "coordinates": [ 127.705598, 26.219466 ] } },
{ "type": "Feature", "properties": { "ID": 4750400000624, "正式名称": "さわやか薬局開南店", "機関区分": 5, "都道府県コード": 47, "市区町村コード": 201, "所在地": "沖縄県那覇市樋川２－１－２　１－Ｂ", "緯度": 26.211122, "経度": 127.691417, "url": "https://www.iryou.teikyouseido.mhlw.go.jp/znk-web/juminkanja/S2430/initialize?prefCd=47&kikanCd=0400000624&kikanKbn=5", "url2": "http://lenet-group.jp/", "内容": "さわやか薬局開南店【5:薬局】沖縄県那覇市樋川２－１－２　１－Ｂ" }, "geometry": { "type": "Point", "coordinates": [ 127.691417, 26.211122 ] } },
{ "type": "Feature", "properties": { "ID": 4750400000625, "正式名称": "はれ薬局", "機関区分": 5, "都道府県コード": 47, "市区町村コード": 201, "所在地": "沖縄県那覇市寄宮１５３番地１", "緯度": 26.205708, "経度": 127.699115, "url": "https://www.iryou.teikyouseido.mhlw.go.jp/znk-web/juminkanja/S2430/initialize?prefCd=47&kikanCd=0400000625&kikanKbn=5", "url2": null, "内容": "はれ薬局【5:薬局】沖縄県那覇市寄宮１５３番地１" }, "geometry": { "type": "Point", "coordinates": [ 127.699115, 26.205708 ] } },
{ "type": "Feature", "properties": { "ID": 4750400000626, "正式名称": "琉球漢方薬局", "機関区分": 5, "都道府県コード": 47, "市区町村コード": 201, "所在地": "沖縄県那覇市久茂地３丁目１３－８　レジデンス森山１階", "緯度": 26.215494, "経度": 127.682528, "url": "https://www.iryou.teikyouseido.mhlw.go.jp/znk-web/juminkanja/S2430/initialize?prefCd=47&kikanCd=0400000626&kikanKbn=5", "url2": null, "内容": "琉球漢方薬局【5:薬局】沖縄県那覇市久茂地３丁目１３－８　レジデンス森山１階" }, "geometry": { "type": "Point", "coordinates": [ 127.682528, 26.215494 ] } },
{ "type": "Feature", "properties": { "ID": 4750400000627, "正式名称": "てらす薬局", "機関区分": 5, "都道府県コード": 47, "市区町村コード": 201, "所在地": "沖縄県那覇市泊１丁目２５ー１　１階", "緯度": 26.222527, "経度": 127.689481, "url": "https://www.iryou.teikyouseido.mhlw.go.jp/znk-web/juminkanja/S2430/initialize?prefCd=47&kikanCd=0400000627&kikanKbn=5", "url2": "https://www.tomari-terasu.com/store#ttl-navi02", "内容": "てらす薬局【5:薬局】沖縄県那覇市泊１丁目２５ー１　１階" }, "geometry": { "type": "Point", "coordinates": [ 127.689481, 26.222527 ] } },
{ "type": "Feature", "properties": { "ID": 4750400000628, "正式名称": "ひなた薬局うえばる", "機関区分": 5, "都道府県コード": 47, "市区町村コード": 201, "所在地": "沖縄県那覇市宇栄原６－１－８", "緯度": 26.186012, "経度": 127.666349, "url": "https://www.iryou.teikyouseido.mhlw.go.jp/znk-web/juminkanja/S2430/initialize?prefCd=47&kikanCd=0400000628&kikanKbn=5", "url2": null, "内容": "ひなた薬局うえばる【5:薬局】沖縄県那覇市宇栄原６－１－８" }, "geometry": { "type": "Point", "coordinates": [ 127.666349, 26.186012 ] } },
{ "type": "Feature", "properties": { "ID": 4750400000629, "正式名称": "さわふじ薬局", "機関区分": 5, "都道府県コード": 47, "市区町村コード": 201, "所在地": "沖縄県那覇市真地２９９－１８", "緯度": 26.198332, "経度": 127.717597, "url": "https://www.iryou.teikyouseido.mhlw.go.jp/znk-web/juminkanja/S2430/initialize?prefCd=47&kikanCd=0400000629&kikanKbn=5", "url2": "https://r.goope.jp/yuuyui8608/", "内容": "さわふじ薬局【5:薬局】沖縄県那覇市真地２９９－１８" }, "geometry": { "type": "Point", "coordinates": [ 127.717597, 26.198332 ] } },
{ "type": "Feature", "properties": { "ID": 4750400000630, "正式名称": "あすなろ薬局", "機関区分": 5, "都道府県コード": 47, "市区町村コード": 201, "所在地": "沖縄県那覇市古波蔵３－５－２２", "緯度": 26.200743, "経度": 127.684406, "url": "https://www.iryou.teikyouseido.mhlw.go.jp/znk-web/juminkanja/S2430/initialize?prefCd=47&kikanCd=0400000630&kikanKbn=5", "url2": null, "内容": "あすなろ薬局【5:薬局】沖縄県那覇市古波蔵３－５－２２" }, "geometry": { "type": "Point", "coordinates": [ 127.684406, 26.200743 ] } },
{ "type": "Feature", "properties": { "ID": 4750400000632, "正式名称": "山田薬局", "機関区分": 5, "都道府県コード": 47, "市区町村コード": 201, "所在地": "沖縄県那覇市松川３－１２－２　２Ｆ", "緯度": 26.217315, "経度": 127.705545, "url": "https://www.iryou.teikyouseido.mhlw.go.jp/znk-web/juminkanja/S2430/initialize?prefCd=47&kikanCd=0400000632&kikanKbn=5", "url2": null, "内容": "山田薬局【5:薬局】沖縄県那覇市松川３－１２－２　２Ｆ" }, "geometry": { "type": "Point", "coordinates": [ 127.705545, 26.217315 ] } },
{ "type": "Feature", "properties": { "ID": 4750400000635, "正式名称": "とくりん薬局まわし店", "機関区分": 5, "都道府県コード": 47, "市区町村コード": 201, "所在地": "沖縄県那覇市寄宮三丁目１２番１８号", "緯度": 26.208965, "経度": 127.698907, "url": "https://www.iryou.teikyouseido.mhlw.go.jp/znk-web/juminkanja/S2430/initialize?prefCd=47&kikanCd=0400000635&kikanKbn=5", "url2": null, "内容": "とくりん薬局まわし店【5:薬局】沖縄県那覇市寄宮三丁目１２番１８号" }, "geometry": { "type": "Point", "coordinates": [ 127.698907, 26.208965 ] } },
{ "type": "Feature", "properties": { "ID": 4750400000636, "正式名称": "はんたがわ薬局", "機関区分": 5, "都道府県コード": 47, "市区町村コード": 201, "所在地": "沖縄県那覇市繁多川３丁目５番１３号", "緯度": 26.214962, "経度": 127.710643, "url": "https://www.iryou.teikyouseido.mhlw.go.jp/znk-web/juminkanja/S2430/initialize?prefCd=47&kikanCd=0400000636&kikanKbn=5", "url2": null, "内容": "はんたがわ薬局【5:薬局】沖縄県那覇市繁多川３丁目５番１３号" }, "geometry": { "type": "Point", "coordinates": [ 127.710643, 26.214962 ] } },
{ "type": "Feature", "properties": { "ID": 4750400000638, "正式名称": "アイワ薬局　安謝店", "機関区分": 5, "都道府県コード": 47, "市区町村コード": 201, "所在地": "沖縄県那覇市曙２丁目９番２号", "緯度": 26.240985, "経度": 127.685346, "url": "https://www.iryou.teikyouseido.mhlw.go.jp/znk-web/juminkanja/S2430/initialize?prefCd=47&kikanCd=0400000638&kikanKbn=5", "url2": "http://www.aiwa-pharmacy.com/original6.html", "内容": "アイワ薬局　安謝店【5:薬局】沖縄県那覇市曙２丁目９番２号" }, "geometry": { "type": "Point", "coordinates": [ 127.685346, 26.240985 ] } },
{ "type": "Feature", "properties": { "ID": 4750400000640, "正式名称": "アイン薬局天久店", "機関区分": 5, "都道府県コード": 47, "市区町村コード": 201, "所在地": "沖縄県那覇市天久９３２", "緯度": 26.23435, "経度": 127.684761, "url": "https://www.iryou.teikyouseido.mhlw.go.jp/znk-web/juminkanja/S2430/initialize?prefCd=47&kikanCd=0400000640&kikanKbn=5", "url2": null, "内容": "アイン薬局天久店【5:薬局】沖縄県那覇市天久９３２" }, "geometry": { "type": "Point", "coordinates": [ 127.684761, 26.23435 ] } },
{ "type": "Feature", "properties": { "ID": 4750400000642, "正式名称": "ゆんたく薬局おもろまち店", "機関区分": 5, "都道府県コード": 47, "市区町村コード": 201, "所在地": "沖縄県那覇市おもろまち４－１６－２２", "緯度": 26.225391, "経度": 127.698332, "url": "https://www.iryou.teikyouseido.mhlw.go.jp/znk-web/juminkanja/S2430/initialize?prefCd=47&kikanCd=0400000642&kikanKbn=5", "url2": null, "内容": "ゆんたく薬局おもろまち店【5:薬局】沖縄県那覇市おもろまち４－１６－２２" }, "geometry": { "type": "Point", "coordinates": [ 127.698332, 26.225391 ] } },
{ "type": "Feature", "properties": { "ID": 4750400000643, "正式名称": "ももたろう薬局　なは店", "機関区分": 5, "都道府県コード": 47, "市区町村コード": 201, "所在地": "沖縄県那覇市松尾２丁目１６番３８号", "緯度": 26.211121, "経度": 127.68583, "url": "https://www.iryou.teikyouseido.mhlw.go.jp/znk-web/juminkanja/S2430/initialize?prefCd=47&kikanCd=0400000643&kikanKbn=5", "url2": null, "内容": "ももたろう薬局　なは店【5:薬局】沖縄県那覇市松尾２丁目１６番３８号" }, "geometry": { "type": "Point", "coordinates": [ 127.68583, 26.211121 ] } },
{ "type": "Feature", "properties": { "ID": 4750400000645, "正式名称": "いずみはら薬局", "機関区分": 5, "都道府県コード": 47, "市区町村コード": 201, "所在地": "沖縄県那覇市小禄５ー１４ー４", "緯度": 26.193895, "経度": 127.67606, "url": "https://www.iryou.teikyouseido.mhlw.go.jp/znk-web/juminkanja/S2430/initialize?prefCd=47&kikanCd=0400000645&kikanKbn=5", "url2": null, "内容": "いずみはら薬局【5:薬局】沖縄県那覇市小禄５ー１４ー４" }, "geometry": { "type": "Point", "coordinates": [ 127.67606, 26.193895 ] } },
{ "type": "Feature", "properties": { "ID": 4750400000646, "正式名称": "おもろまち薬局", "機関区分": 5, "都道府県コード": 47, "市区町村コード": 201, "所在地": "沖縄県那覇市天久１丁目８番６号アメニティＫ　１０２号", "緯度": 26.229395, "経度": 127.691803, "url": "https://www.iryou.teikyouseido.mhlw.go.jp/znk-web/juminkanja/S2430/initialize?prefCd=47&kikanCd=0400000646&kikanKbn=5", "url2": null, "内容": "おもろまち薬局【5:薬局】沖縄県那覇市天久１丁目８番６号アメニティＫ　１０２号" }, "geometry": { "type": "Point", "coordinates": [ 127.691803, 26.229395 ] } },
{ "type": "Feature", "properties": { "ID": 4750400000647, "正式名称": "なみき薬局", "機関区分": 5, "都道府県コード": 47, "市区町村コード": 201, "所在地": "沖縄県那覇市与儀３６６－３", "緯度": 26.201733, "経度": 127.694051, "url": "https://www.iryou.teikyouseido.mhlw.go.jp/znk-web/juminkanja/S2430/initialize?prefCd=47&kikanCd=0400000647&kikanKbn=5", "url2": null, "内容": "なみき薬局【5:薬局】沖縄県那覇市与儀３６６－３" }, "geometry": { "type": "Point", "coordinates": [ 127.694051, 26.201733 ] } },
{ "type": "Feature", "properties": { "ID": 4750400000648, "正式名称": "さくる薬局", "機関区分": 5, "都道府県コード": 47, "市区町村コード": 201, "所在地": "沖縄県那覇市与儀１丁目１番２８号１Ｆ", "緯度": 26.206669, "経度": 127.691227, "url": "https://www.iryou.teikyouseido.mhlw.go.jp/znk-web/juminkanja/S2430/initialize?prefCd=47&kikanCd=0400000648&kikanKbn=5", "url2": null, "内容": "さくる薬局【5:薬局】沖縄県那覇市与儀１丁目１番２８号１Ｆ" }, "geometry": { "type": "Point", "coordinates": [ 127.691227, 26.206669 ] } },
{ "type": "Feature", "properties": { "ID": 4750400000649, "正式名称": "ピーチ薬局あじゃ店", "機関区分": 5, "都道府県コード": 47, "市区町村コード": 201, "所在地": "沖縄県那覇市安謝１丁目９－２７", "緯度": 26.234724, "経度": 127.694888, "url": "https://www.iryou.teikyouseido.mhlw.go.jp/znk-web/juminkanja/S2430/initialize?prefCd=47&kikanCd=0400000649&kikanKbn=5", "url2": null, "内容": "ピーチ薬局あじゃ店【5:薬局】沖縄県那覇市安謝１丁目９－２７" }, "geometry": { "type": "Point", "coordinates": [ 127.694888, 26.234724 ] } },
{ "type": "Feature", "properties": { "ID": 4750400000650, "正式名称": "ファーマライズ薬局　国場店", "機関区分": 5, "都道府県コード": 47, "市区町村コード": 201, "所在地": "沖縄県那覇市国場２７１－１", "緯度": 26.195366, "経度": 127.702825, "url": "https://www.iryou.teikyouseido.mhlw.go.jp/znk-web/juminkanja/S2430/initialize?prefCd=47&kikanCd=0400000650&kikanKbn=5", "url2": "https://www.pharmarise.com/", "内容": "ファーマライズ薬局　国場店【5:薬局】沖縄県那覇市国場２７１－１" }, "geometry": { "type": "Point", "coordinates": [ 127.702825, 26.195366 ] } },
{ "type": "Feature", "properties": { "ID": 4750400000651, "正式名称": "ぎぼ駅前薬局", "機関区分": 5, "都道府県コード": 47, "市区町村コード": 201, "所在地": "沖縄県那覇市首里儀保町１－２７", "緯度": 26.224386, "経度": 127.718927, "url": "https://www.iryou.teikyouseido.mhlw.go.jp/znk-web/juminkanja/S2430/initialize?prefCd=47&kikanCd=0400000651&kikanKbn=5", "url2": null, "内容": "ぎぼ駅前薬局【5:薬局】沖縄県那覇市首里儀保町１－２７" }, "geometry": { "type": "Point", "coordinates": [ 127.718927, 26.224386 ] } },
{ "type": "Feature", "properties": { "ID": 4750400000652, "正式名称": "なかいま薬局", "機関区分": 5, "都道府県コード": 47, "市区町村コード": 201, "所在地": "沖縄県那覇市仲井真３７９－２", "緯度": 26.191528, "経度": 127.707901, "url": "https://www.iryou.teikyouseido.mhlw.go.jp/znk-web/juminkanja/S2430/initialize?prefCd=47&kikanCd=0400000652&kikanKbn=5", "url2": null, "内容": "なかいま薬局【5:薬局】沖縄県那覇市仲井真３７９－２" }, "geometry": { "type": "Point", "coordinates": [ 127.707901, 26.191528 ] } },
{ "type": "Feature", "properties": { "ID": 4750400000654, "正式名称": "ドラッグイレブン薬局　新都心おもろまち店", "機関区分": 5, "都道府県コード": 47, "市区町村コード": 201, "所在地": "沖縄県那覇市おもろまち３－５－２１", "緯度": 26.230108, "経度": 127.693975, "url": "https://www.iryou.teikyouseido.mhlw.go.jp/znk-web/juminkanja/S2430/initialize?prefCd=47&kikanCd=0400000654&kikanKbn=5", "url2": "https://www.drugeleven.com/", "内容": "ドラッグイレブン薬局　新都心おもろまち店【5:薬局】沖縄県那覇市おもろまち３－５－２１" }, "geometry": { "type": "Point", "coordinates": [ 127.693975, 26.230108 ] } },
{ "type": "Feature", "properties": { "ID": 4750400000655, "正式名称": "薬局マツモトキヨシ三原店", "機関区分": 5, "都道府県コード": 47, "市区町村コード": 201, "所在地": "沖縄県那覇市三原１丁目１３ー１", "緯度": 26.212793, "経度": 127.696311, "url": "https://www.iryou.teikyouseido.mhlw.go.jp/znk-web/juminkanja/S2430/initialize?prefCd=47&kikanCd=0400000655&kikanKbn=5", "url2": null, "内容": "薬局マツモトキヨシ三原店【5:薬局】沖縄県那覇市三原１丁目１３ー１" }, "geometry": { "type": "Point", "coordinates": [ 127.696311, 26.212793 ] } },
{ "type": "Feature", "properties": { "ID": 4750400000656, "正式名称": "すこやか薬局　鏡原店", "機関区分": 5, "都道府県コード": 47, "市区町村コード": 201, "所在地": "沖縄県那覇市鏡原町１０番３号", "緯度": 26.201123, "経度": 127.676943, "url": "https://www.iryou.teikyouseido.mhlw.go.jp/znk-web/juminkanja/S2430/initialize?prefCd=47&kikanCd=0400000656&kikanKbn=5", "url2": "https://www.sukoyaka.cc/", "内容": "すこやか薬局　鏡原店【5:薬局】沖縄県那覇市鏡原町１０番３号" }, "geometry": { "type": "Point", "coordinates": [ 127.676943, 26.201123 ] } },
{ "type": "Feature", "properties": { "ID": 4750400000657, "正式名称": "あいらんど薬局　泊店", "機関区分": 5, "都道府県コード": 47, "市区町村コード": 201, "所在地": "沖縄県那覇市泊１－１３－１", "緯度": 26.221853, "経度": 127.68886, "url": "https://www.iryou.teikyouseido.mhlw.go.jp/znk-web/juminkanja/S2430/initialize?prefCd=47&kikanCd=0400000657&kikanKbn=5", "url2": "https://gesetmedical.jp/", "内容": "あいらんど薬局　泊店【5:薬局】沖縄県那覇市泊１－１３－１" }, "geometry": { "type": "Point", "coordinates": [ 127.68886, 26.221853 ] } },
{ "type": "Feature", "properties": { "ID": 4750400000658, "正式名称": "かりん薬局", "機関区分": 5, "都道府県コード": 47, "市区町村コード": 201, "所在地": "沖縄県那覇市古島１丁目２２番９", "緯度": 26.229169, "経度": 127.704972, "url": "https://www.iryou.teikyouseido.mhlw.go.jp/znk-web/juminkanja/S2430/initialize?prefCd=47&kikanCd=0400000658&kikanKbn=5", "url2": null, "内容": "かりん薬局【5:薬局】沖縄県那覇市古島１丁目２２番９" }, "geometry": { "type": "Point", "coordinates": [ 127.704972, 26.229169 ] } },
{ "type": "Feature", "properties": { "ID": 4750400000659, "正式名称": "ドラッグイレブン薬局繁多川店", "機関区分": 5, "都道府県コード": 47, "市区町村コード": 201, "所在地": "沖縄県那覇市繁多川１丁目２０－１", "緯度": 26.213914, "経度": 127.705236, "url": "https://www.iryou.teikyouseido.mhlw.go.jp/znk-web/juminkanja/S2430/initialize?prefCd=47&kikanCd=0400000659&kikanKbn=5", "url2": "https://shop.tsuruha-g.com/4877", "内容": "ドラッグイレブン薬局繁多川店【5:薬局】沖縄県那覇市繁多川１丁目２０－１" }, "geometry": { "type": "Point", "coordinates": [ 127.705236, 26.213914 ] } },
{ "type": "Feature", "properties": { "ID": 4750500000022, "正式名称": "いちご薬局とよみ店", "機関区分": 5, "都道府県コード": 47, "市区町村コード": 212, "所在地": "沖縄県豊見城市我那覇４７８－１", "緯度": 26.176356, "経度": 127.674356, "url": "https://www.iryou.teikyouseido.mhlw.go.jp/znk-web/juminkanja/S2430/initialize?prefCd=47&kikanCd=0500000022&kikanKbn=5", "url2": null, "内容": "いちご薬局とよみ店【5:薬局】沖縄県豊見城市我那覇４７８－１" }, "geometry": { "type": "Point", "coordinates": [ 127.674356, 26.176356 ] } },
{ "type": "Feature", "properties": { "ID": 4750500000024, "正式名称": "うさぎ薬局", "機関区分": 5, "都道府県コード": 47, "市区町村コード": 329, "所在地": "沖縄県中頭郡西原町呉屋１０２番地の２小波津アパート１０３号室", "緯度": 26.2267265, "経度": 127.7556765, "url": "https://www.iryou.teikyouseido.mhlw.go.jp/znk-web/juminkanja/S2430/initialize?prefCd=47&kikanCd=0500000024&kikanKbn=5", "url2": "https://r.goope.jp/yuuyui8608/", "内容": "うさぎ薬局【5:薬局】沖縄県中頭郡西原町呉屋１０２番地の２小波津アパート１０３号室" }, "geometry": { "type": "Point", "coordinates": [ 127.7556765, 26.2267265 ] } },
{ "type": "Feature", "properties": { "ID": 4750500000027, "正式名称": "いちご薬局", "機関区分": 5, "都道府県コード": 47, "市区町村コード": 348, "所在地": "沖縄県島尻郡与那原町上与那原３４０－２", "緯度": 26.200263, "経度": 127.751971, "url": "https://www.iryou.teikyouseido.mhlw.go.jp/znk-web/juminkanja/S2430/initialize?prefCd=47&kikanCd=0500000027&kikanKbn=5", "url2": null, "内容": "いちご薬局【5:薬局】沖縄県島尻郡与那原町上与那原３４０－２" }, "geometry": { "type": "Point", "coordinates": [ 127.751971, 26.200263 ] } },
{ "type": "Feature", "properties": { "ID": 4750500000050, "正式名称": "東風平薬局", "機関区分": 5, "都道府県コード": 47, "市区町村コード": 362, "所在地": "沖縄県島尻郡八重瀬町東風平１４２９－２メゾンアンデス", "緯度": 26.156406, "経度": 127.721928, "url": "https://www.iryou.teikyouseido.mhlw.go.jp/znk-web/juminkanja/S2430/initialize?prefCd=47&kikanCd=0500000050&kikanKbn=5", "url2": null, "内容": "東風平薬局【5:薬局】沖縄県島尻郡八重瀬町東風平１４２９－２メゾンアンデス" }, "geometry": { "type": "Point", "coordinates": [ 127.721928, 26.156406 ] } },
{ "type": "Feature", "properties": { "ID": 4750500000126, "正式名称": "千寿薬局", "機関区分": 5, "都道府県コード": 47, "市区町村コード": 362, "所在地": "沖縄県島尻郡八重瀬町伊覇４３３番地４", "緯度": 26.159822, "経度": 127.721691, "url": "https://www.iryou.teikyouseido.mhlw.go.jp/znk-web/juminkanja/S2430/initialize?prefCd=47&kikanCd=0500000126&kikanKbn=5", "url2": null, "内容": "千寿薬局【5:薬局】沖縄県島尻郡八重瀬町伊覇４３３番地４" }, "geometry": { "type": "Point", "coordinates": [ 127.721691, 26.159822 ] } },
{ "type": "Feature", "properties": { "ID": 4750500000146, "正式名称": "つつじ薬局ヨナ原", "機関区分": 5, "都道府県コード": 47, "市区町村コード": 348, "所在地": "沖縄県島尻郡与那原町与那原２９１８", "緯度": 26.202902, "経度": 127.749106, "url": "https://www.iryou.teikyouseido.mhlw.go.jp/znk-web/juminkanja/S2430/initialize?prefCd=47&kikanCd=0500000146&kikanKbn=5", "url2": "https://www.tsutsuji-ph.com", "内容": "つつじ薬局ヨナ原【5:薬局】沖縄県島尻郡与那原町与那原２９１８" }, "geometry": { "type": "Point", "coordinates": [ 127.749106, 26.202902 ] } },
{ "type": "Feature", "properties": { "ID": 4750500000164, "正式名称": "会営薬局とよみ", "機関区分": 5, "都道府県コード": 47, "市区町村コード": 212, "所在地": "沖縄県豊見城市宜保", "緯度": 26.176743, "経度": 127.67802, "url": "https://www.iryou.teikyouseido.mhlw.go.jp/znk-web/juminkanja/S2430/initialize?prefCd=47&kikanCd=0500000164&kikanKbn=5", "url2": "https://www.okiyaku.or.jp/", "内容": "会営薬局とよみ【5:薬局】沖縄県豊見城市宜保" }, "geometry": { "type": "Point", "coordinates": [ 127.67802, 26.176743 ] } },
{ "type": "Feature", "properties": { "ID": 4750500000168, "正式名称": "ヴァインドラッグあがり浜薬局", "機関区分": 5, "都道府県コード": 47, "市区町村コード": 348, "所在地": "沖縄県島尻郡与那原町東浜６８－１－２", "緯度": 26.273531, "経度": 127.775875, "url": "https://www.iryou.teikyouseido.mhlw.go.jp/znk-web/juminkanja/S2430/initialize?prefCd=47&kikanCd=0500000168&kikanKbn=5", "url2": "https://www.vinedrug.com/cyouzai-agarihama", "内容": "ヴァインドラッグあがり浜薬局【5:薬局】沖縄県島尻郡与那原町東浜６８－１－２" }, "geometry": { "type": "Point", "coordinates": [ 127.775875, 26.273531 ] } },
{ "type": "Feature", "properties": { "ID": 4750500000177, "正式名称": "ミント薬局豊見城店", "機関区分": 5, "都道府県コード": 47, "市区町村コード": 212, "所在地": "沖縄県豊見城市宜保５丁目１番地２", "緯度": 26.180231, "経度": 127.680553, "url": "https://www.iryou.teikyouseido.mhlw.go.jp/znk-web/juminkanja/S2430/initialize?prefCd=47&kikanCd=0500000177&kikanKbn=5", "url2": null, "内容": "ミント薬局豊見城店【5:薬局】沖縄県豊見城市宜保５丁目１番地２" }, "geometry": { "type": "Point", "coordinates": [ 127.680553, 26.180231 ] } },
{ "type": "Feature", "properties": { "ID": 4750500000200, "正式名称": "ゆい潮平薬局", "機関区分": 5, "都道府県コード": 47, "市区町村コード": 210, "所在地": "沖縄県糸満市潮平７６７番地１９", "緯度": 26.149272, "経度": 127.672064, "url": "https://www.iryou.teikyouseido.mhlw.go.jp/znk-web/juminkanja/S2430/initialize?prefCd=47&kikanCd=0500000200&kikanKbn=5", "url2": null, "内容": "ゆい潮平薬局【5:薬局】沖縄県糸満市潮平７６７番地１９" }, "geometry": { "type": "Point", "coordinates": [ 127.672064, 26.149272 ] } },
{ "type": "Feature", "properties": { "ID": 4750500000211, "正式名称": "ハープ薬局　つかざん店", "機関区分": 5, "都道府県コード": 47, "市区町村コード": 350, "所在地": "沖縄県島尻郡南風原町津嘉山１４９０メディカルプラザつかざん１Ｆ", "緯度": 26.187742, "経度": 127.71007, "url": "https://www.iryou.teikyouseido.mhlw.go.jp/znk-web/juminkanja/S2430/initialize?prefCd=47&kikanCd=0500000211&kikanKbn=5", "url2": null, "内容": "ハープ薬局　つかざん店【5:薬局】沖縄県島尻郡南風原町津嘉山１４９０メディカルプラザつかざん１Ｆ" }, "geometry": { "type": "Point", "coordinates": [ 127.71007, 26.187742 ] } },
{ "type": "Feature", "properties": { "ID": 4750500000213, "正式名称": "いちご薬局　真玉橋店", "機関区分": 5, "都道府県コード": 47, "市区町村コード": 212, "所在地": "沖縄県豊見城市真玉橋２８５－１", "緯度": 26.190135, "経度": 127.690074, "url": "https://www.iryou.teikyouseido.mhlw.go.jp/znk-web/juminkanja/S2430/initialize?prefCd=47&kikanCd=0500000213&kikanKbn=5", "url2": "http://www.ichigo-dc.com/", "内容": "いちご薬局　真玉橋店【5:薬局】沖縄県豊見城市真玉橋２８５－１" }, "geometry": { "type": "Point", "coordinates": [ 127.690074, 26.190135 ] } },
{ "type": "Feature", "properties": { "ID": 4750500000214, "正式名称": "とくりん薬局経塚店", "機関区分": 5, "都道府県コード": 47, "市区町村コード": 208, "所在地": "沖縄県浦添市字経塚７４５番地７", "緯度": 26.235289, "経度": 127.725683, "url": "https://www.iryou.teikyouseido.mhlw.go.jp/znk-web/juminkanja/S2430/initialize?prefCd=47&kikanCd=0500000214&kikanKbn=5", "url2": "http://okinawa-youth.jp/", "内容": "とくりん薬局経塚店【5:薬局】沖縄県浦添市字経塚７４５番地７" }, "geometry": { "type": "Point", "coordinates": [ 127.725683, 26.235289 ] } },
{ "type": "Feature", "properties": { "ID": 4750500000219, "正式名称": "くじら薬局", "機関区分": 5, "都道府県コード": 47, "市区町村コード": 208, "所在地": "沖縄県浦添市伊祖２－３－６－２", "緯度": 26.253108, "経度": 127.717192, "url": "https://www.iryou.teikyouseido.mhlw.go.jp/znk-web/juminkanja/S2430/initialize?prefCd=47&kikanCd=0500000219&kikanKbn=5", "url2": null, "内容": "くじら薬局【5:薬局】沖縄県浦添市伊祖２－３－６－２" }, "geometry": { "type": "Point", "coordinates": [ 127.717192, 26.253108 ] } },
{ "type": "Feature", "properties": { "ID": 4750500000226, "正式名称": "ひだまり薬局", "機関区分": 5, "都道府県コード": 47, "市区町村コード": 350, "所在地": "沖縄県島尻郡南風原町新川２１４－２", "緯度": 26.203784, "経度": 127.727349, "url": "https://www.iryou.teikyouseido.mhlw.go.jp/znk-web/juminkanja/S2430/initialize?prefCd=47&kikanCd=0500000226&kikanKbn=5", "url2": null, "内容": "ひだまり薬局【5:薬局】沖縄県島尻郡南風原町新川２１４－２" }, "geometry": { "type": "Point", "coordinates": [ 127.727349, 26.203784 ] } },
{ "type": "Feature", "properties": { "ID": 4750500000240, "正式名称": "とくりん薬局前田店", "機関区分": 5, "都道府県コード": 47, "市区町村コード": 208, "所在地": "沖縄県浦添市前田１１５２－５", "緯度": 26.2395, "経度": 127.730955, "url": "https://www.iryou.teikyouseido.mhlw.go.jp/znk-web/juminkanja/S2430/initialize?prefCd=47&kikanCd=0500000240&kikanKbn=5", "url2": "http://okinawa-youth.jp/", "内容": "とくりん薬局前田店【5:薬局】沖縄県浦添市前田１１５２－５" }, "geometry": { "type": "Point", "coordinates": [ 127.730955, 26.2395 ] } },
{ "type": "Feature", "properties": { "ID": 4750500000250, "正式名称": "タウン薬局", "機関区分": 5, "都道府県コード": 47, "市区町村コード": 208, "所在地": "沖縄県浦添市前田５６４－２", "緯度": 26.239144, "経度": 127.731886, "url": "https://www.iryou.teikyouseido.mhlw.go.jp/znk-web/juminkanja/S2430/initialize?prefCd=47&kikanCd=0500000250&kikanKbn=5", "url2": null, "内容": "タウン薬局【5:薬局】沖縄県浦添市前田５６４－２" }, "geometry": { "type": "Point", "coordinates": [ 127.731886, 26.239144 ] } },
{ "type": "Feature", "properties": { "ID": 4750500000261, "正式名称": "竹の子薬局", "機関区分": 5, "都道府県コード": 47, "市区町村コード": 208, "所在地": "沖縄県浦添市前田１－１４－１５", "緯度": 26.242521, "経度": 127.737133, "url": "https://www.iryou.teikyouseido.mhlw.go.jp/znk-web/juminkanja/S2430/initialize?prefCd=47&kikanCd=0500000261&kikanKbn=5", "url2": null, "内容": "竹の子薬局【5:薬局】沖縄県浦添市前田１－１４－１５" }, "geometry": { "type": "Point", "coordinates": [ 127.737133, 26.242521 ] } },
{ "type": "Feature", "properties": { "ID": 4750500000271, "正式名称": "さんご薬局", "機関区分": 5, "都道府県コード": 47, "市区町村コード": 348, "所在地": "沖縄県島尻郡与那原町東浜９３－３－１０２", "緯度": 26.205083, "経度": 127.758808, "url": "https://www.iryou.teikyouseido.mhlw.go.jp/znk-web/juminkanja/S2430/initialize?prefCd=47&kikanCd=0500000271&kikanKbn=5", "url2": null, "内容": "さんご薬局【5:薬局】沖縄県島尻郡与那原町東浜９３－３－１０２" }, "geometry": { "type": "Point", "coordinates": [ 127.758808, 26.205083 ] } },
{ "type": "Feature", "properties": { "ID": 4750500000274, "正式名称": "かなみ薬局", "機関区分": 5, "都道府県コード": 47, "市区町村コード": 212, "所在地": "沖縄県豊見城市長堂３７５－６", "緯度": 26.185439, "経度": 127.707456, "url": "https://www.iryou.teikyouseido.mhlw.go.jp/znk-web/juminkanja/S2430/initialize?prefCd=47&kikanCd=0500000274&kikanKbn=5", "url2": null, "内容": "かなみ薬局【5:薬局】沖縄県豊見城市長堂３７５－６" }, "geometry": { "type": "Point", "coordinates": [ 127.707456, 26.185439 ] } },
{ "type": "Feature", "properties": { "ID": 4750500000283, "正式名称": "ひろた薬局", "機関区分": 5, "都道府県コード": 47, "市区町村コード": 212, "所在地": "沖縄県豊見城市根差部５８９－５", "緯度": 26.187717, "経度": 127.68801, "url": "https://www.iryou.teikyouseido.mhlw.go.jp/znk-web/juminkanja/S2430/initialize?prefCd=47&kikanCd=0500000283&kikanKbn=5", "url2": "https://hiromu-ph.com/", "内容": "ひろた薬局【5:薬局】沖縄県豊見城市根差部５８９－５" }, "geometry": { "type": "Point", "coordinates": [ 127.68801, 26.187717 ] } },
{ "type": "Feature", "properties": { "ID": 4750500000286, "正式名称": "和ごころ薬局　とよさき店", "機関区分": 5, "都道府県コード": 47, "市区町村コード": 212, "所在地": "沖縄県豊見城市字翁長８６４－２９", "緯度": 26.160908, "経度": 127.664822, "url": "https://www.iryou.teikyouseido.mhlw.go.jp/znk-web/juminkanja/S2430/initialize?prefCd=47&kikanCd=0500000286&kikanKbn=5", "url2": "https://www.wagokoro-ph.com/", "内容": "和ごころ薬局　とよさき店【5:薬局】沖縄県豊見城市字翁長８６４－２９" }, "geometry": { "type": "Point", "coordinates": [ 127.664822, 26.160908 ] } },
{ "type": "Feature", "properties": { "ID": 4750500000291, "正式名称": "シーサー薬局", "機関区分": 5, "都道府県コード": 47, "市区町村コード": 329, "所在地": "沖縄県中頭郡西原町幸地９７２番地６", "緯度": 26.227375, "経度": 127.736256, "url": "https://www.iryou.teikyouseido.mhlw.go.jp/znk-web/juminkanja/S2430/initialize?prefCd=47&kikanCd=0500000291&kikanKbn=5", "url2": "https://www.shi-sa-ph.com/", "内容": "シーサー薬局【5:薬局】沖縄県中頭郡西原町幸地９７２番地６" }, "geometry": { "type": "Point", "coordinates": [ 127.736256, 26.227375 ] } },
{ "type": "Feature", "properties": { "ID": 4750500000295, "正式名称": "上地薬局", "機関区分": 5, "都道府県コード": 47, "市区町村コード": 208, "所在地": "沖縄県浦添市城間４－３４－１９－１", "緯度": 26.260065, "経度": 127.712876, "url": "https://www.iryou.teikyouseido.mhlw.go.jp/znk-web/juminkanja/S2430/initialize?prefCd=47&kikanCd=0500000295&kikanKbn=5", "url2": null, "内容": "上地薬局【5:薬局】沖縄県浦添市城間４－３４－１９－１" }, "geometry": { "type": "Point", "coordinates": [ 127.712876, 26.260065 ] } },
{ "type": "Feature", "properties": { "ID": 4750500000297, "正式名称": "りんご薬局　小湾店", "機関区分": 5, "都道府県コード": 47, "市区町村コード": 208, "所在地": "沖縄県浦添市宮城２－１７－１－１", "緯度": 26.247686, "経度": 127.707231, "url": "https://www.iryou.teikyouseido.mhlw.go.jp/znk-web/juminkanja/S2430/initialize?prefCd=47&kikanCd=0500000297&kikanKbn=5", "url2": null, "内容": "りんご薬局　小湾店【5:薬局】沖縄県浦添市宮城２－１７－１－１" }, "geometry": { "type": "Point", "coordinates": [ 127.707231, 26.247686 ] } },
{ "type": "Feature", "properties": { "ID": 4750500000301, "正式名称": "ハープ薬局とよさき店", "機関区分": 5, "都道府県コード": 47, "市区町村コード": 212, "所在地": "沖縄県豊見城市渡橋名２８９番地６２ー１", "緯度": 26.162059, "経度": 127.668023, "url": "https://www.iryou.teikyouseido.mhlw.go.jp/znk-web/juminkanja/S2430/initialize?prefCd=47&kikanCd=0500000301&kikanKbn=5", "url2": "https://www.harp-pharmacy.com/", "内容": "ハープ薬局とよさき店【5:薬局】沖縄県豊見城市渡橋名２８９番地６２ー１" }, "geometry": { "type": "Point", "coordinates": [ 127.668023, 26.162059 ] } },
{ "type": "Feature", "properties": { "ID": 4750500000307, "正式名称": "ハープ薬局　にしはら店", "機関区分": 5, "都道府県コード": 47, "市区町村コード": 329, "所在地": "沖縄県中頭郡西原町小那覇２６６－１にしはらハート　１階", "緯度": 26.224096, "経度": 127.766101, "url": "https://www.iryou.teikyouseido.mhlw.go.jp/znk-web/juminkanja/S2430/initialize?prefCd=47&kikanCd=0500000307&kikanKbn=5", "url2": null, "内容": "ハープ薬局　にしはら店【5:薬局】沖縄県中頭郡西原町小那覇２６６－１にしはらハート　１階" }, "geometry": { "type": "Point", "coordinates": [ 127.766101, 26.224096 ] } },
{ "type": "Feature", "properties": { "ID": 4750500000308, "正式名称": "フロンティア薬局　たくし店", "機関区分": 5, "都道府県コード": 47, "市区町村コード": 208, "所在地": "沖縄県浦添市沢岻２－１－２", "緯度": 26.233989, "経度": 127.718189, "url": "https://www.iryou.teikyouseido.mhlw.go.jp/znk-web/juminkanja/S2430/initialize?prefCd=47&kikanCd=0500000308&kikanKbn=5", "url2": null, "内容": "フロンティア薬局　たくし店【5:薬局】沖縄県浦添市沢岻２－１－２" }, "geometry": { "type": "Point", "coordinates": [ 127.718189, 26.233989 ] } },
{ "type": "Feature", "properties": { "ID": 4750500000310, "正式名称": "さつき薬局", "機関区分": 5, "都道府県コード": 47, "市区町村コード": 208, "所在地": "沖縄県浦添市前田２丁目１５１７番", "緯度": 26.240958, "経度": 127.739516, "url": "https://www.iryou.teikyouseido.mhlw.go.jp/znk-web/juminkanja/S2430/initialize?prefCd=47&kikanCd=0500000310&kikanKbn=5", "url2": null, "内容": "さつき薬局【5:薬局】沖縄県浦添市前田２丁目１５１７番" }, "geometry": { "type": "Point", "coordinates": [ 127.739516, 26.240958 ] } },
{ "type": "Feature", "properties": { "ID": 4750500000311, "正式名称": "ココ薬局", "機関区分": 5, "都道府県コード": 47, "市区町村コード": 208, "所在地": "沖縄県浦添市宮城４丁目１５番７号コーポ瑞雲１０２号室", "緯度": 26.2457048, "経度": 127.703694, "url": "https://www.iryou.teikyouseido.mhlw.go.jp/znk-web/juminkanja/S2430/initialize?prefCd=47&kikanCd=0500000311&kikanKbn=5", "url2": null, "内容": "ココ薬局【5:薬局】沖縄県浦添市宮城４丁目１５番７号コーポ瑞雲１０２号室" }, "geometry": { "type": "Point", "coordinates": [ 127.703694, 26.2457048 ] } },
{ "type": "Feature", "properties": { "ID": 4750500000314, "正式名称": "有限会社薬志堂　薬志堂薬局　糸満店", "機関区分": 5, "都道府県コード": 47, "市区町村コード": 210, "所在地": "沖縄県糸満市糸満１２６９番地", "緯度": 26.126011, "経度": 127.669506, "url": "https://www.iryou.teikyouseido.mhlw.go.jp/znk-web/juminkanja/S2430/initialize?prefCd=47&kikanCd=0500000314&kikanKbn=5", "url2": null, "内容": "有限会社薬志堂　薬志堂薬局　糸満店【5:薬局】沖縄県糸満市糸満１２６９番地" }, "geometry": { "type": "Point", "coordinates": [ 127.669506, 26.126011 ] } },
{ "type": "Feature", "properties": { "ID": 4750500000317, "正式名称": "与根くんち薬局", "機関区分": 5, "都道府県コード": 47, "市区町村コード": 212, "所在地": "沖縄県豊見城市与根５０－２１３", "緯度": 26.169909, "経度": 127.654501, "url": "https://www.iryou.teikyouseido.mhlw.go.jp/znk-web/juminkanja/S2430/initialize?prefCd=47&kikanCd=0500000317&kikanKbn=5", "url2": "https://gesetmedical.jp/", "内容": "与根くんち薬局【5:薬局】沖縄県豊見城市与根５０－２１３" }, "geometry": { "type": "Point", "coordinates": [ 127.654501, 26.169909 ] } },
{ "type": "Feature", "properties": { "ID": 4750500000318, "正式名称": "たかしん薬局　八重瀬店", "機関区分": 5, "都道府県コード": 47, "市区町村コード": 362, "所在地": "沖縄県島尻郡八重瀬町東風平１２００－５", "緯度": 26.156303, "経度": 127.719533, "url": "https://www.iryou.teikyouseido.mhlw.go.jp/znk-web/juminkanja/S2430/initialize?prefCd=47&kikanCd=0500000318&kikanKbn=5", "url2": "http://st-corpo.com/company/1564/", "内容": "たかしん薬局　八重瀬店【5:薬局】沖縄県島尻郡八重瀬町東風平１２００－５" }, "geometry": { "type": "Point", "coordinates": [ 127.719533, 26.156303 ] } },
{ "type": "Feature", "properties": { "ID": 4750500000319, "正式名称": "ふく薬局いとまん店", "機関区分": 5, "都道府県コード": 47, "市区町村コード": 210, "所在地": "沖縄県糸満市糸満１６４８－１－７", "緯度": 26.124511, "経度": 127.67602, "url": "https://www.iryou.teikyouseido.mhlw.go.jp/znk-web/juminkanja/S2430/initialize?prefCd=47&kikanCd=0500000319&kikanKbn=5", "url2": "http://www.fukuyakuhin.co.jp", "内容": "ふく薬局いとまん店【5:薬局】沖縄県糸満市糸満１６４８－１－７" }, "geometry": { "type": "Point", "coordinates": [ 127.67602, 26.124511 ] } },
{ "type": "Feature", "properties": { "ID": 4750500000321, "正式名称": "とくりん薬局ユニオン経塚前店", "機関区分": 5, "都道府県コード": 47, "市区町村コード": 208, "所在地": "沖縄県浦添市字経塚７８６番地１Ｆ１０２号室", "緯度": 26.237515, "経度": 127.72218, "url": "https://www.iryou.teikyouseido.mhlw.go.jp/znk-web/juminkanja/S2430/initialize?prefCd=47&kikanCd=0500000321&kikanKbn=5", "url2": null, "内容": "とくりん薬局ユニオン経塚前店【5:薬局】沖縄県浦添市字経塚７８６番地１Ｆ１０２号室" }, "geometry": { "type": "Point", "coordinates": [ 127.72218, 26.237515 ] } },
{ "type": "Feature", "properties": { "ID": 4750500000322, "正式名称": "日本調剤　浦添薬局", "機関区分": 5, "都道府県コード": 47, "市区町村コード": 208, "所在地": "沖縄県浦添市大平４３４－１", "緯度": 26.243181, "経度": 127.710775, "url": "https://www.iryou.teikyouseido.mhlw.go.jp/znk-web/juminkanja/S2430/initialize?prefCd=47&kikanCd=0500000322&kikanKbn=5", "url2": "https://www.nicho.co.jp/tenpo/urasoe/", "内容": "日本調剤　浦添薬局【5:薬局】沖縄県浦添市大平４３４－１" }, "geometry": { "type": "Point", "coordinates": [ 127.710775, 26.243181 ] } },
{ "type": "Feature", "properties": { "ID": 4750500000324, "正式名称": "ドラッグイレブン薬局バークレーズ浦添店", "機関区分": 5, "都道府県コード": 47, "市区町村コード": 208, "所在地": "沖縄県浦添市当山２丁目２番２－２号", "緯度": 26.252139, "経度": 127.736672, "url": "https://www.iryou.teikyouseido.mhlw.go.jp/znk-web/juminkanja/S2430/initialize?prefCd=47&kikanCd=0500000324&kikanKbn=5", "url2": "https://shop.tsuruha-g.com/4706", "内容": "ドラッグイレブン薬局バークレーズ浦添店【5:薬局】沖縄県浦添市当山２丁目２番２－２号" }, "geometry": { "type": "Point", "coordinates": [ 127.736672, 26.252139 ] } },
{ "type": "Feature", "properties": { "ID": 4750500000328, "正式名称": "大信薬局　浦添総合病院前店", "機関区分": 5, "都道府県コード": 47, "市区町村コード": 208, "所在地": "沖縄県浦添市前田１－１７－１７", "緯度": 26.23855, "経度": 127.738275, "url": "https://www.iryou.teikyouseido.mhlw.go.jp/znk-web/juminkanja/S2430/initialize?prefCd=47&kikanCd=0500000328&kikanKbn=5", "url2": "https://www.taishinph.co.jp/store/store_list/okinawa_urasoe_maeda.html", "内容": "大信薬局　浦添総合病院前店【5:薬局】沖縄県浦添市前田１－１７－１７" }, "geometry": { "type": "Point", "coordinates": [ 127.738275, 26.23855 ] } },
{ "type": "Feature", "properties": { "ID": 4750500000330, "正式名称": "和ごころ薬局　よなばる店", "機関区分": 5, "都道府県コード": 47, "市区町村コード": 348, "所在地": "沖縄県島尻郡与那原町与那原３０６７－１喜屋武氏貸事務所１階", "緯度": 26.2013783, "経度": 127.7530774, "url": "https://www.iryou.teikyouseido.mhlw.go.jp/znk-web/juminkanja/S2430/initialize?prefCd=47&kikanCd=0500000330&kikanKbn=5", "url2": "https://www.wagokoro-ph.com", "内容": "和ごころ薬局　よなばる店【5:薬局】沖縄県島尻郡与那原町与那原３０６７－１喜屋武氏貸事務所１階" }, "geometry": { "type": "Point", "coordinates": [ 127.7530774, 26.2013783 ] } },
{ "type": "Feature", "properties": { "ID": 4750500000331, "正式名称": "しらさぎ虹薬局", "機関区分": 5, "都道府県コード": 47, "市区町村コード": 212, "所在地": "沖縄県豊見城市真玉橋５９３－４３", "緯度": 26.192405, "経度": 127.687083, "url": "https://www.iryou.teikyouseido.mhlw.go.jp/znk-web/juminkanja/S2430/initialize?prefCd=47&kikanCd=0500000331&kikanKbn=5", "url2": "http://www.o-kenko.com", "内容": "しらさぎ虹薬局【5:薬局】沖縄県豊見城市真玉橋５９３－４３" }, "geometry": { "type": "Point", "coordinates": [ 127.687083, 26.192405 ] } },
{ "type": "Feature", "properties": { "ID": 4750500000335, "正式名称": "ふく薬局　とみとん店", "機関区分": 5, "都道府県コード": 47, "市区町村コード": 212, "所在地": "沖縄県豊見城市豊崎１－４１１豊崎ライフスタイルセンターＴＯＭＩＴＯＮ", "緯度": 26.156558, "経度": 127.660125, "url": "https://www.iryou.teikyouseido.mhlw.go.jp/znk-web/juminkanja/S2430/initialize?prefCd=47&kikanCd=0500000335&kikanKbn=5", "url2": "https://www.fukuyakuhin.co.jp/", "内容": "ふく薬局　とみとん店【5:薬局】沖縄県豊見城市豊崎１－４１１豊崎ライフスタイルセンターＴＯＭＩＴＯＮ" }, "geometry": { "type": "Point", "coordinates": [ 127.660125, 26.156558 ] } },
{ "type": "Feature", "properties": { "ID": 4750500000336, "正式名称": "コストコホールセール沖縄南城倉庫店薬局", "機関区分": 5, "都道府県コード": 47, "市区町村コード": 215, "所在地": "沖縄県南城市つきしろＩＣ南土地区画整理事業地内１街区１", "緯度": 26.155312, "経度": 127.786644, "url": "https://www.iryou.teikyouseido.mhlw.go.jp/znk-web/juminkanja/S2430/initialize?prefCd=47&kikanCd=0500000336&kikanKbn=5", "url2": "https://www.costco.co.jp/store-finder/Okinawa%20Nanjo", "内容": "コストコホールセール沖縄南城倉庫店薬局【5:薬局】沖縄県南城市つきしろＩＣ南土地区画整理事業地内１街区１" }, "geometry": { "type": "Point", "coordinates": [ 127.786644, 26.155312 ] } },
{ "type": "Feature", "properties": { "ID": 4750500000337, "正式名称": "ガーデン薬局", "機関区分": 5, "都道府県コード": 47, "市区町村コード": 208, "所在地": "沖縄県浦添市西原６－１２－９Ｅｓａｎ　Ｔｅｒｒａｃｅ　浦西１０１", "緯度": 26.25158, "経度": 127.749646, "url": "https://www.iryou.teikyouseido.mhlw.go.jp/znk-web/juminkanja/S2430/initialize?prefCd=47&kikanCd=0500000337&kikanKbn=5", "url2": null, "内容": "ガーデン薬局【5:薬局】沖縄県浦添市西原６－１２－９Ｅｓａｎ　Ｔｅｒｒａｃｅ　浦西１０１" }, "geometry": { "type": "Point", "coordinates": [ 127.749646, 26.25158 ] } },
{ "type": "Feature", "properties": { "ID": 4750500000339, "正式名称": "イオン薬局てだこ浦西駅前店", "機関区分": 5, "都道府県コード": 47, "市区町村コード": 208, "所在地": "沖縄県浦添市前田３丁目１９－４０", "緯度": 26.243176, "経度": 127.74115, "url": "https://www.iryou.teikyouseido.mhlw.go.jp/znk-web/juminkanja/S2430/initialize?prefCd=47&kikanCd=0500000339&kikanKbn=5", "url2": "https://www.aeon-ryukyu.jp/shopping/pharmacy_lp/", "内容": "イオン薬局てだこ浦西駅前店【5:薬局】沖縄県浦添市前田３丁目１９－４０" }, "geometry": { "type": "Point", "coordinates": [ 127.74115, 26.243176 ] } },
{ "type": "Feature", "properties": { "ID": 4750500000341, "正式名称": "ビオラ薬局てるや店", "機関区分": 5, "都道府県コード": 47, "市区町村コード": 350, "所在地": "沖縄県島尻郡南風原町字照屋２６３－１　はえばるスマイルスクエア１０１", "緯度": 26.184924, "経度": 127.725083, "url": "https://www.iryou.teikyouseido.mhlw.go.jp/znk-web/juminkanja/S2430/initialize?prefCd=47&kikanCd=0500000341&kikanKbn=5", "url2": null, "内容": "ビオラ薬局てるや店【5:薬局】沖縄県島尻郡南風原町字照屋２６３－１　はえばるスマイルスクエア１０１" }, "geometry": { "type": "Point", "coordinates": [ 127.725083, 26.184924 ] } },
{ "type": "Feature", "properties": { "ID": 4750500000342, "正式名称": "ひだまり薬局南城店", "機関区分": 5, "都道府県コード": 47, "市区町村コード": 215, "所在地": "沖縄県南城市大里嶺井２０５－１", "緯度": 26.194374, "経度": 127.75167, "url": "https://www.iryou.teikyouseido.mhlw.go.jp/znk-web/juminkanja/S2430/initialize?prefCd=47&kikanCd=0500000342&kikanKbn=5", "url2": null, "内容": "ひだまり薬局南城店【5:薬局】沖縄県南城市大里嶺井２０５－１" }, "geometry": { "type": "Point", "coordinates": [ 127.75167, 26.194374 ] } },
{ "type": "Feature", "properties": { "ID": 4750500000343, "正式名称": "さくら薬局てだこ浦西店", "機関区分": 5, "都道府県コード": 47, "市区町村コード": 208, "所在地": "沖縄県浦添市前田３丁目１３番２８号メディカルスクエアてだこ浦西", "緯度": 26.243643, "経度": 127.741972, "url": "https://www.iryou.teikyouseido.mhlw.go.jp/znk-web/juminkanja/S2430/initialize?prefCd=47&kikanCd=0500000343&kikanKbn=5", "url2": "https://www.nanohana-ph.jp/shop/okinawa/okinawa/urasoe/sakura-tedakouranishi.php", "内容": "さくら薬局てだこ浦西店【5:薬局】沖縄県浦添市前田３丁目１３番２８号メディカルスクエアてだこ浦西" }, "geometry": { "type": "Point", "coordinates": [ 127.741972, 26.243643 ] } },
{ "type": "Feature", "properties": { "ID": 4750500000348, "正式名称": "すこやか薬局　ＳａＲｙｕ南風原店", "機関区分": 5, "都道府県コード": 47, "市区町村コード": 350, "所在地": "沖縄県島尻郡南風原町与那覇２８３番地　１０３", "緯度": 26.200403, "経度": 127.738857, "url": "https://www.iryou.teikyouseido.mhlw.go.jp/znk-web/juminkanja/S2430/initialize?prefCd=47&kikanCd=0500000348&kikanKbn=5", "url2": "https://sukoyaka.cc/", "内容": "すこやか薬局　ＳａＲｙｕ南風原店【5:薬局】沖縄県島尻郡南風原町与那覇２８３番地　１０３" }, "geometry": { "type": "Point", "coordinates": [ 127.738857, 26.200403 ] } },
{ "type": "Feature", "properties": { "ID": 4750600000060, "正式名称": "調剤薬局日本メディカルシステム宮古島店", "機関区分": 5, "都道府県コード": 47, "市区町村コード": 214, "所在地": "沖縄県宮古島市平良東仲宗根８６９－４", "緯度": 24.799915, "経度": 125.293019, "url": "https://www.iryou.teikyouseido.mhlw.go.jp/znk-web/juminkanja/S2430/initialize?prefCd=47&kikanCd=0600000060&kikanKbn=5", "url2": "https://www.jmsys.co.jp/pharmacy/shop-detail_301/", "内容": "調剤薬局日本メディカルシステム宮古島店【5:薬局】沖縄県宮古島市平良東仲宗根８６９－４" }, "geometry": { "type": "Point", "coordinates": [ 125.293019, 24.799915 ] } },
{ "type": "Feature", "properties": { "ID": 4750600000061, "正式名称": "コナ薬局", "機関区分": 5, "都道府県コード": 47, "市区町村コード": 214, "所在地": "沖縄県宮古島市下地上地４１１－１", "緯度": 24.747583, "経度": 125.276397, "url": "https://www.iryou.teikyouseido.mhlw.go.jp/znk-web/juminkanja/S2430/initialize?prefCd=47&kikanCd=0600000061&kikanKbn=5", "url2": null, "内容": "コナ薬局【5:薬局】沖縄県宮古島市下地上地４１１－１" }, "geometry": { "type": "Point", "coordinates": [ 125.276397, 24.747583 ] } },
{ "type": "Feature", "properties": { "ID": 4750600000062, "正式名称": "ふく薬局みやこ店", "機関区分": 5, "都道府県コード": 47, "市区町村コード": 214, "所在地": "沖縄県宮古島市平良松原６３１", "緯度": 24.787867, "経度": 125.280303, "url": "https://www.iryou.teikyouseido.mhlw.go.jp/znk-web/juminkanja/S2430/initialize?prefCd=47&kikanCd=0600000062&kikanKbn=5", "url2": null, "内容": "ふく薬局みやこ店【5:薬局】沖縄県宮古島市平良松原６３１" }, "geometry": { "type": "Point", "coordinates": [ 125.280303, 24.787867 ] } },
{ "type": "Feature", "properties": { "ID": 4750700000043, "正式名称": "なみき薬局", "機関区分": 5, "都道府県コード": 47, "市区町村コード": 207, "所在地": "沖縄県石垣市登野城城１０２４番地の４", "緯度": 24.343524, "経度": 124.171615, "url": "https://www.iryou.teikyouseido.mhlw.go.jp/znk-web/juminkanja/S2430/initialize?prefCd=47&kikanCd=0700000043&kikanKbn=5", "url2": null, "内容": "なみき薬局【5:薬局】沖縄県石垣市登野城城１０２４番地の４" }, "geometry": { "type": "Point", "coordinates": [ 124.171615, 24.343524 ] } },
{ "type": "Feature", "properties": { "ID": 4750700000054, "正式名称": "こすも薬局", "機関区分": 5, "都道府県コード": 47, "市区町村コード": 207, "所在地": "沖縄県石垣市新川２９－２", "緯度": 24.344476, "経度": 124.154194, "url": "https://www.iryou.teikyouseido.mhlw.go.jp/znk-web/juminkanja/S2430/initialize?prefCd=47&kikanCd=0700000054&kikanKbn=5", "url2": null, "内容": "こすも薬局【5:薬局】沖縄県石垣市新川２９－２" }, "geometry": { "type": "Point", "coordinates": [ 124.154194, 24.344476 ] } },
{ "type": "Feature", "properties": { "ID": 4750700000064, "正式名称": "みどり薬局", "機関区分": 5, "都道府県コード": 47, "市区町村コード": 207, "所在地": "沖縄県石垣市平得８８番地", "緯度": 24.342091, "経度": 124.172139, "url": "https://www.iryou.teikyouseido.mhlw.go.jp/znk-web/juminkanja/S2430/initialize?prefCd=47&kikanCd=0700000064&kikanKbn=5", "url2": null, "内容": "みどり薬局【5:薬局】沖縄県石垣市平得８８番地" }, "geometry": { "type": "Point", "coordinates": [ 124.172139, 24.342091 ] } },
{ "type": "Feature", "properties": { "ID": 4750700000069, "正式名称": "ゆい登野城薬局", "機関区分": 5, "都道府県コード": 47, "市区町村コード": 207, "所在地": "沖縄県石垣市登野城３１９番地５", "緯度": 24.341533, "経度": 124.16665, "url": "https://www.iryou.teikyouseido.mhlw.go.jp/znk-web/juminkanja/S2430/initialize?prefCd=47&kikanCd=0700000069&kikanKbn=5", "url2": "https://www.big-advance.site/c/172/1649", "内容": "ゆい登野城薬局【5:薬局】沖縄県石垣市登野城３１９番地５" }, "geometry": { "type": "Point", "coordinates": [ 124.16665, 24.341533 ] } },
{ "type": "Feature", "properties": { "ID": 4750700000082, "正式名称": "Ｉ＆Ｈ石垣離島ターミナル薬局", "機関区分": 5, "都道府県コード": 47, "市区町村コード": 207, "所在地": "沖縄県石垣市美崎町１番地石垣港離島ターミナル内", "緯度": 24.337408, "経度": 124.155492, "url": "https://www.iryou.teikyouseido.mhlw.go.jp/znk-web/juminkanja/S2430/initialize?prefCd=47&kikanCd=0700000082&kikanKbn=5", "url2": null, "内容": "Ｉ＆Ｈ石垣離島ターミナル薬局【5:薬局】沖縄県石垣市美崎町１番地石垣港離島ターミナル内" }, "geometry": { "type": "Point", "coordinates": [ 124.155492, 24.337408 ] } },
{ "type": "Feature", "properties": { "ID": 4750700000083, "正式名称": "ばんた薬局", "機関区分": 5, "都道府県コード": 47, "市区町村コード": 382, "所在地": "沖縄県八重山郡与那国町与那国８５", "緯度": 24.46835, "経度": 123.00355, "url": "https://www.iryou.teikyouseido.mhlw.go.jp/znk-web/juminkanja/S2430/initialize?prefCd=47&kikanCd=0700000083&kikanKbn=5", "url2": "https://okinawait.com/store/banta/", "内容": "ばんた薬局【5:薬局】沖縄県八重山郡与那国町与那国８５" }, "geometry": { "type": "Point", "coordinates": [ 123.00355, 24.46835 ] } },
{ "type": "Feature", "properties": { "ID": 4750740479, "正式名称": "ティーダ薬局", "機関区分": 5, "都道府県コード": 47, "市区町村コード": 207, "所在地": "沖縄県石垣市真栄里２４１－４", "緯度": 24.335083, "経度": 124.178369, "url": "https://www.iryou.teikyouseido.mhlw.go.jp/znk-web/juminkanja/S2430/initialize?prefCd=47&kikanCd=0740479&kikanKbn=5", "url2": null, "内容": "ティーダ薬局【5:薬局】沖縄県石垣市真栄里２４１－４" }, "geometry": { "type": "Point", "coordinates": [ 124.178369, 24.335083 ] } },
{ "type": "Feature", "properties": { "ID": 4751580, "正式名称": "きさらぎ薬局", "機関区分": 5, "都道府県コード": 47, "市区町村コード": 211, "所在地": "沖縄県沖縄市高原７－２２－２８", "緯度": 26.317969, "経度": 127.824417, "url": "https://www.iryou.teikyouseido.mhlw.go.jp/znk-web/juminkanja/S2430/initialize?prefCd=47&kikanCd=1580&kikanKbn=5", "url2": null, "内容": "きさらぎ薬局【5:薬局】沖縄県沖縄市高原７－２２－２８" }, "geometry": { "type": "Point", "coordinates": [ 127.824417, 26.317969 ] } },
{ "type": "Feature", "properties": { "ID": 4751583, "正式名称": "すこやか薬局　高原店", "機関区分": 5, "都道府県コード": 47, "市区町村コード": 211, "所在地": "沖縄県沖縄市高原５－１７－１", "緯度": 26.322222, "経度": 127.828749, "url": "https://www.iryou.teikyouseido.mhlw.go.jp/znk-web/juminkanja/S2430/initialize?prefCd=47&kikanCd=1583&kikanKbn=5", "url2": "https://sukoyaka.cc/", "内容": "すこやか薬局　高原店【5:薬局】沖縄県沖縄市高原５－１７－１" }, "geometry": { "type": "Point", "coordinates": [ 127.828749, 26.322222 ] } },
{ "type": "Feature", "properties": { "ID": 4751584, "正式名称": "すこやか薬局　北谷店", "機関区分": 5, "都道府県コード": 47, "市区町村コード": 326, "所在地": "沖縄県中頭郡北谷町字上勢頭６２９番地の２", "緯度": 26.328482, "経度": 127.771853, "url": "https://www.iryou.teikyouseido.mhlw.go.jp/znk-web/juminkanja/S2430/initialize?prefCd=47&kikanCd=1584&kikanKbn=5", "url2": "https://sukoyaka.cc/", "内容": "すこやか薬局　北谷店【5:薬局】沖縄県中頭郡北谷町字上勢頭６２９番地の２" }, "geometry": { "type": "Point", "coordinates": [ 127.771853, 26.328482 ] } },
{ "type": "Feature", "properties": { "ID": 4751585, "正式名称": "アリス薬局", "機関区分": 5, "都道府県コード": 47, "市区町村コード": 211, "所在地": "沖縄県沖縄市泡瀬２－８－５", "緯度": 26.318057, "経度": 127.831843, "url": "https://www.iryou.teikyouseido.mhlw.go.jp/znk-web/juminkanja/S2430/initialize?prefCd=47&kikanCd=1585&kikanKbn=5", "url2": null, "内容": "アリス薬局【5:薬局】沖縄県沖縄市泡瀬２－８－５" }, "geometry": { "type": "Point", "coordinates": [ 127.831843, 26.318057 ] } },
{ "type": "Feature", "properties": { "ID": 4751586, "正式名称": "がねこ薬局", "機関区分": 5, "都道府県コード": 47, "市区町村コード": 205, "所在地": "沖縄県宜野湾市我如古３丁目８番８号", "緯度": 26.252795, "経度": 127.756963, "url": "https://www.iryou.teikyouseido.mhlw.go.jp/znk-web/juminkanja/S2430/initialize?prefCd=47&kikanCd=1586&kikanKbn=5", "url2": "https://www.g-p.or.jp", "内容": "がねこ薬局【5:薬局】沖縄県宜野湾市我如古３丁目８番８号" }, "geometry": { "type": "Point", "coordinates": [ 127.756963, 26.252795 ] } },
{ "type": "Feature", "properties": { "ID": 4751588, "正式名称": "やまうち薬局", "機関区分": 5, "都道府県コード": 47, "市区町村コード": 211, "所在地": "沖縄県沖縄市山内１－６－１１", "緯度": 26.328786, "経度": 127.787089, "url": "https://www.iryou.teikyouseido.mhlw.go.jp/znk-web/juminkanja/S2430/initialize?prefCd=47&kikanCd=1588&kikanKbn=5", "url2": null, "内容": "やまうち薬局【5:薬局】沖縄県沖縄市山内１－６－１１" }, "geometry": { "type": "Point", "coordinates": [ 127.787089, 26.328786 ] } },
{ "type": "Feature", "properties": { "ID": 4751594, "正式名称": "回生堂薬局ユニオン店", "機関区分": 5, "都道府県コード": 47, "市区町村コード": 205, "所在地": "沖縄県宜野湾市野嵩", "緯度": 26.289257, "経度": 127.780765, "url": "https://www.iryou.teikyouseido.mhlw.go.jp/znk-web/juminkanja/S2430/initialize?prefCd=47&kikanCd=1594&kikanKbn=5", "url2": null, "内容": "回生堂薬局ユニオン店【5:薬局】沖縄県宜野湾市野嵩" }, "geometry": { "type": "Point", "coordinates": [ 127.780765, 26.289257 ] } },
{ "type": "Feature", "properties": { "ID": 4751603, "正式名称": "琉球クオール薬局　登川店", "機関区分": 5, "都道府県コード": 47, "市区町村コード": 211, "所在地": "沖縄県沖縄市登川１－９－７", "緯度": 26.370247, "経度": 127.823303, "url": "https://www.iryou.teikyouseido.mhlw.go.jp/znk-web/juminkanja/S2430/initialize?prefCd=47&kikanCd=1603&kikanKbn=5", "url2": "http://www.qol-net.co.jp/pharmacy/map/detail.php?id=467", "内容": "琉球クオール薬局　登川店【5:薬局】沖縄県沖縄市登川１－９－７" }, "geometry": { "type": "Point", "coordinates": [ 127.823303, 26.370247 ] } },
{ "type": "Feature", "properties": { "ID": 4751612, "正式名称": "さしだ薬局曙店", "機関区分": 5, "都道府県コード": 47, "市区町村コード": 213, "所在地": "沖縄県うるま市石川曙３ー２－２８", "緯度": 26.420496, "経度": 127.82508, "url": "https://www.iryou.teikyouseido.mhlw.go.jp/znk-web/juminkanja/S2430/initialize?prefCd=47&kikanCd=1612&kikanKbn=5", "url2": null, "内容": "さしだ薬局曙店【5:薬局】沖縄県うるま市石川曙３ー２－２８" }, "geometry": { "type": "Point", "coordinates": [ 127.82508, 26.420496 ] } },
{ "type": "Feature", "properties": { "ID": 4751614, "正式名称": "吉原東洋堂薬局", "機関区分": 5, "都道府県コード": 47, "市区町村コード": 211, "所在地": "沖縄県沖縄市高原７－３０－２５", "緯度": 26.319966, "経度": 127.82567, "url": "https://www.iryou.teikyouseido.mhlw.go.jp/znk-web/juminkanja/S2430/initialize?prefCd=47&kikanCd=1614&kikanKbn=5", "url2": null, "内容": "吉原東洋堂薬局【5:薬局】沖縄県沖縄市高原７－３０－２５" }, "geometry": { "type": "Point", "coordinates": [ 127.82567, 26.319966 ] } },
{ "type": "Feature", "properties": { "ID": 4751618, "正式名称": "やまびこ薬局", "機関区分": 5, "都道府県コード": 47, "市区町村コード": 324, "所在地": "沖縄県中頭郡読谷村高志保１３１８", "緯度": 26.408589, "経度": 127.732133, "url": "https://www.iryou.teikyouseido.mhlw.go.jp/znk-web/juminkanja/S2430/initialize?prefCd=47&kikanCd=1618&kikanKbn=5", "url2": null, "内容": "やまびこ薬局【5:薬局】沖縄県中頭郡読谷村高志保１３１８" }, "geometry": { "type": "Point", "coordinates": [ 127.732133, 26.408589 ] } },
{ "type": "Feature", "properties": { "ID": 4751623, "正式名称": "有限会社天願薬局", "機関区分": 5, "都道府県コード": 47, "市区町村コード": 213, "所在地": "沖縄県うるま市みどり町４丁目４番１６号", "緯度": 26.378264, "経度": 127.856486, "url": "https://www.iryou.teikyouseido.mhlw.go.jp/znk-web/juminkanja/S2430/initialize?prefCd=47&kikanCd=1623&kikanKbn=5", "url2": null, "内容": "有限会社天願薬局【5:薬局】沖縄県うるま市みどり町４丁目４番１６号" }, "geometry": { "type": "Point", "coordinates": [ 127.856486, 26.378264 ] } },
{ "type": "Feature", "properties": { "ID": 4751624, "正式名称": "すこやか薬局　具志川店", "機関区分": 5, "都道府県コード": 47, "市区町村コード": 213, "所在地": "沖縄県うるま市字宮里２６１番地１６", "緯度": 26.354919, "経度": 127.835041, "url": "https://www.iryou.teikyouseido.mhlw.go.jp/znk-web/juminkanja/S2430/initialize?prefCd=47&kikanCd=1624&kikanKbn=5", "url2": "https://sukoyaka.cc/", "内容": "すこやか薬局　具志川店【5:薬局】沖縄県うるま市字宮里２６１番地１６" }, "geometry": { "type": "Point", "coordinates": [ 127.835041, 26.354919 ] } },
{ "type": "Feature", "properties": { "ID": 4751628, "正式名称": "内間薬局", "機関区分": 5, "都道府県コード": 47, "市区町村コード": 315, "所在地": "沖縄県国頭郡伊江村川平１３１番地１", "緯度": 26.711278, "経度": 127.805725, "url": "https://www.iryou.teikyouseido.mhlw.go.jp/znk-web/juminkanja/S2430/initialize?prefCd=47&kikanCd=1628&kikanKbn=5", "url2": null, "内容": "内間薬局【5:薬局】沖縄県国頭郡伊江村川平１３１番地１" }, "geometry": { "type": "Point", "coordinates": [ 127.805725, 26.711278 ] } },
{ "type": "Feature", "properties": { "ID": 4751632, "正式名称": "あい薬局", "機関区分": 5, "都道府県コード": 47, "市区町村コード": 211, "所在地": "沖縄県沖縄市高原２－４－１８", "緯度": 26.327239, "経度": 127.814555, "url": "https://www.iryou.teikyouseido.mhlw.go.jp/znk-web/juminkanja/S2430/initialize?prefCd=47&kikanCd=1632&kikanKbn=5", "url2": "https://www.ai-yakkyoku.net", "内容": "あい薬局【5:薬局】沖縄県沖縄市高原２－４－１８" }, "geometry": { "type": "Point", "coordinates": [ 127.814555, 26.327239 ] } },
{ "type": "Feature", "properties": { "ID": 4751634, "正式名称": "仲真薬局", "機関区分": 5, "都道府県コード": 47, "市区町村コード": 211, "所在地": "沖縄県沖縄市上地１－５－２", "緯度": 26.334528, "経度": 127.794167, "url": "https://www.iryou.teikyouseido.mhlw.go.jp/znk-web/juminkanja/S2430/initialize?prefCd=47&kikanCd=1634&kikanKbn=5", "url2": null, "内容": "仲真薬局【5:薬局】沖縄県沖縄市上地１－５－２" }, "geometry": { "type": "Point", "coordinates": [ 127.794167, 26.334528 ] } },
{ "type": "Feature", "properties": { "ID": 4751638, "正式名称": "すこやか薬局　泡瀬店", "機関区分": 5, "都道府県コード": 47, "市区町村コード": 211, "所在地": "沖縄県沖縄市泡瀬４丁目３８番１９号", "緯度": 26.314421, "経度": 127.829277, "url": "https://www.iryou.teikyouseido.mhlw.go.jp/znk-web/juminkanja/S2430/initialize?prefCd=47&kikanCd=1638&kikanKbn=5", "url2": "https://sukoyaka.cc/", "内容": "すこやか薬局　泡瀬店【5:薬局】沖縄県沖縄市泡瀬４丁目３８番１９号" }, "geometry": { "type": "Point", "coordinates": [ 127.829277, 26.314421 ] } },
{ "type": "Feature", "properties": { "ID": 4751639, "正式名称": "へしきや薬局", "機関区分": 5, "都道府県コード": 47, "市区町村コード": 213, "所在地": "沖縄県うるま市与那城西原９８８番地３", "緯度": 26.327014, "経度": 127.887283, "url": "https://www.iryou.teikyouseido.mhlw.go.jp/znk-web/juminkanja/S2430/initialize?prefCd=47&kikanCd=1639&kikanKbn=5", "url2": null, "内容": "へしきや薬局【5:薬局】沖縄県うるま市与那城西原９８８番地３" }, "geometry": { "type": "Point", "coordinates": [ 127.887283, 26.327014 ] } },
{ "type": "Feature", "properties": { "ID": 4751641, "正式名称": "平田薬局", "機関区分": 5, "都道府県コード": 47, "市区町村コード": 211, "所在地": "沖縄県沖縄市知花１－４－１２", "緯度": 26.35985, "経度": 127.819553, "url": "https://www.iryou.teikyouseido.mhlw.go.jp/znk-web/juminkanja/S2430/initialize?prefCd=47&kikanCd=1641&kikanKbn=5", "url2": null, "内容": "平田薬局【5:薬局】沖縄県沖縄市知花１－４－１２" }, "geometry": { "type": "Point", "coordinates": [ 127.819553, 26.35985 ] } },
{ "type": "Feature", "properties": { "ID": 4751643, "正式名称": "すこやか薬局　野嵩店", "機関区分": 5, "都道府県コード": 47, "市区町村コード": 205, "所在地": "沖縄県宜野湾市野嵩１丁目１０番１１号", "緯度": 26.280322, "経度": 127.780661, "url": "https://www.iryou.teikyouseido.mhlw.go.jp/znk-web/juminkanja/S2430/initialize?prefCd=47&kikanCd=1643&kikanKbn=5", "url2": "https://sukoyaka.cc/", "内容": "すこやか薬局　野嵩店【5:薬局】沖縄県宜野湾市野嵩１丁目１０番１１号" }, "geometry": { "type": "Point", "coordinates": [ 127.780661, 26.280322 ] } },
{ "type": "Feature", "properties": { "ID": 4751647, "正式名称": "レモン薬局美里店", "機関区分": 5, "都道府県コード": 47, "市区町村コード": 211, "所在地": "沖縄県沖縄市東２－５－１８", "緯度": 26.347063, "経度": 127.824954, "url": "https://www.iryou.teikyouseido.mhlw.go.jp/znk-web/juminkanja/S2430/initialize?prefCd=47&kikanCd=1647&kikanKbn=5", "url2": "https://www.lemon-luna.com/", "内容": "レモン薬局美里店【5:薬局】沖縄県沖縄市東２－５－１８" }, "geometry": { "type": "Point", "coordinates": [ 127.824954, 26.347063 ] } },
{ "type": "Feature", "properties": { "ID": 4751652, "正式名称": "レモン薬局みはら店", "機関区分": 5, "都道府県コード": 47, "市区町村コード": 211, "所在地": "沖縄県沖縄市美原４－１０－１", "緯度": 26.35042, "経度": 127.825086, "url": "https://www.iryou.teikyouseido.mhlw.go.jp/znk-web/juminkanja/S2430/initialize?prefCd=47&kikanCd=1652&kikanKbn=5", "url2": "https://www.lemon-luna.com/", "内容": "レモン薬局みはら店【5:薬局】沖縄県沖縄市美原４－１０－１" }, "geometry": { "type": "Point", "coordinates": [ 127.825086, 26.35042 ] } },
{ "type": "Feature", "properties": { "ID": 4751654, "正式名称": "ふれあい薬局", "機関区分": 5, "都道府県コード": 47, "市区町村コード": 213, "所在地": "沖縄県うるま市赤道７５９－５", "緯度": 26.359172, "経度": 127.821744, "url": "https://www.iryou.teikyouseido.mhlw.go.jp/znk-web/juminkanja/S2430/initialize?prefCd=47&kikanCd=1654&kikanKbn=5", "url2": null, "内容": "ふれあい薬局【5:薬局】沖縄県うるま市赤道７５９－５" }, "geometry": { "type": "Point", "coordinates": [ 127.821744, 26.359172 ] } },
{ "type": "Feature", "properties": { "ID": 4751656, "正式名称": "あかみち薬局", "機関区分": 5, "都道府県コード": 47, "市区町村コード": 213, "所在地": "沖縄県うるま市赤道１１－１３", "緯度": 26.356706, "経度": 127.83446, "url": "https://www.iryou.teikyouseido.mhlw.go.jp/znk-web/juminkanja/S2430/initialize?prefCd=47&kikanCd=1656&kikanKbn=5", "url2": "http://www.akamichi.net/", "内容": "あかみち薬局【5:薬局】沖縄県うるま市赤道１１－１３" }, "geometry": { "type": "Point", "coordinates": [ 127.83446, 26.356706 ] } },
{ "type": "Feature", "properties": { "ID": 4751657, "正式名称": "きな薬局", "機関区分": 5, "都道府県コード": 47, "市区町村コード": 327, "所在地": "沖縄県中頭郡北中城村比嘉６４０‐６‐１０２", "緯度": 26.317068, "経度": 127.79398, "url": "https://www.iryou.teikyouseido.mhlw.go.jp/znk-web/juminkanja/S2430/initialize?prefCd=47&kikanCd=1657&kikanKbn=5", "url2": "http://www1ocn.ne.jp/~kina-ph/", "内容": "きな薬局【5:薬局】沖縄県中頭郡北中城村比嘉６４０‐６‐１０２" }, "geometry": { "type": "Point", "coordinates": [ 127.79398, 26.317068 ] } },
{ "type": "Feature", "properties": { "ID": 4751658, "正式名称": "すずらん薬局", "機関区分": 5, "都道府県コード": 47, "市区町村コード": 211, "所在地": "沖縄県沖縄市東２丁目１６番３号", "緯度": 26.342838, "経度": 127.824413, "url": "https://www.iryou.teikyouseido.mhlw.go.jp/znk-web/juminkanja/S2430/initialize?prefCd=47&kikanCd=1658&kikanKbn=5", "url2": null, "内容": "すずらん薬局【5:薬局】沖縄県沖縄市東２丁目１６番３号" }, "geometry": { "type": "Point", "coordinates": [ 127.824413, 26.342838 ] } },
{ "type": "Feature", "properties": { "ID": 4751659, "正式名称": "かりゆし薬局", "機関区分": 5, "都道府県コード": 47, "市区町村コード": 324, "所在地": "沖縄県中頭郡読谷村瀬名波４６８－１", "緯度": 26.424553, "経度": 127.730433, "url": "https://www.iryou.teikyouseido.mhlw.go.jp/znk-web/juminkanja/S2430/initialize?prefCd=47&kikanCd=1659&kikanKbn=5", "url2": null, "内容": "かりゆし薬局【5:薬局】沖縄県中頭郡読谷村瀬名波４６８－１" }, "geometry": { "type": "Point", "coordinates": [ 127.730433, 26.424553 ] } },
{ "type": "Feature", "properties": { "ID": 4751666, "正式名称": "すこやか薬局　ももやま店", "機関区分": 5, "都道府県コード": 47, "市区町村コード": 211, "所在地": "沖縄県沖縄市南桃原３丁目３６番１１号", "緯度": 26.324959, "経度": 127.781709, "url": "https://www.iryou.teikyouseido.mhlw.go.jp/znk-web/juminkanja/S2430/initialize?prefCd=47&kikanCd=1666&kikanKbn=5", "url2": "https://sukoyaka.cc/", "内容": "すこやか薬局　ももやま店【5:薬局】沖縄県沖縄市南桃原３丁目３６番１１号" }, "geometry": { "type": "Point", "coordinates": [ 127.781709, 26.324959 ] } },
{ "type": "Feature", "properties": { "ID": 4751670, "正式名称": "すこやか薬局　宇地泊店", "機関区分": 5, "都道府県コード": 47, "市区町村コード": 205, "所在地": "沖縄県宜野湾市宇地泊３丁目１０番１５号", "緯度": 26.272615, "経度": 127.728918, "url": "https://www.iryou.teikyouseido.mhlw.go.jp/znk-web/juminkanja/S2430/initialize?prefCd=47&kikanCd=1670&kikanKbn=5", "url2": "https://sukoyaka.cc/", "内容": "すこやか薬局　宇地泊店【5:薬局】沖縄県宜野湾市宇地泊３丁目１０番１５号" }, "geometry": { "type": "Point", "coordinates": [ 127.728918, 26.272615 ] } },
{ "type": "Feature", "properties": { "ID": 4751672, "正式名称": "ひが薬局美里店", "機関区分": 5, "都道府県コード": 47, "市区町村コード": 211, "所在地": "沖縄県沖縄市美原２－２５－１", "緯度": 26.345158, "経度": 127.819608, "url": "https://www.iryou.teikyouseido.mhlw.go.jp/znk-web/juminkanja/S2430/initialize?prefCd=47&kikanCd=1672&kikanKbn=5", "url2": "https://www.okinawa-pharmacy.com/", "内容": "ひが薬局美里店【5:薬局】沖縄県沖縄市美原２－２５－１" }, "geometry": { "type": "Point", "coordinates": [ 127.819608, 26.345158 ] } },
{ "type": "Feature", "properties": { "ID": 4751681, "正式名称": "ミドリ薬局美里店", "機関区分": 5, "都道府県コード": 47, "市区町村コード": 211, "所在地": "沖縄県沖縄市東", "緯度": 26.34503, "経度": 127.82143, "url": "https://www.iryou.teikyouseido.mhlw.go.jp/znk-web/juminkanja/S2430/initialize?prefCd=47&kikanCd=1681&kikanKbn=5", "url2": "http://midorikame.com/", "内容": "ミドリ薬局美里店【5:薬局】沖縄県沖縄市東" }, "geometry": { "type": "Point", "coordinates": [ 127.82143, 26.34503 ] } },
{ "type": "Feature", "properties": { "ID": 4751683, "正式名称": "すこやか薬局　知花店", "機関区分": 5, "都道府県コード": 47, "市区町村コード": 211, "所在地": "沖縄県沖縄市知花６丁目３８番５号", "緯度": 26.364585, "経度": 127.817334, "url": "https://www.iryou.teikyouseido.mhlw.go.jp/znk-web/juminkanja/S2430/initialize?prefCd=47&kikanCd=1683&kikanKbn=5", "url2": "https://sukoyaka.cc/", "内容": "すこやか薬局　知花店【5:薬局】沖縄県沖縄市知花６丁目３８番５号" }, "geometry": { "type": "Point", "coordinates": [ 127.817334, 26.364585 ] } },
{ "type": "Feature", "properties": { "ID": 4751687, "正式名称": "すこやか薬局　知花十字路店", "機関区分": 5, "都道府県コード": 47, "市区町村コード": 211, "所在地": "沖縄県沖縄市知花５丁目１３番２８号", "緯度": 26.362935, "経度": 127.812896, "url": "https://www.iryou.teikyouseido.mhlw.go.jp/znk-web/juminkanja/S2430/initialize?prefCd=47&kikanCd=1687&kikanKbn=5", "url2": "https://sukoyaka.cc/", "内容": "すこやか薬局　知花十字路店【5:薬局】沖縄県沖縄市知花５丁目１３番２８号" }, "geometry": { "type": "Point", "coordinates": [ 127.812896, 26.362935 ] } },
{ "type": "Feature", "properties": { "ID": 4751690, "正式名称": "すこやか薬局　美里店", "機関区分": 5, "都道府県コード": 47, "市区町村コード": 211, "所在地": "沖縄県沖縄市美原４丁目１番２８号", "緯度": 26.351014, "経度": 127.818257, "url": "https://www.iryou.teikyouseido.mhlw.go.jp/znk-web/juminkanja/S2430/initialize?prefCd=47&kikanCd=1690&kikanKbn=5", "url2": "https://sukoyaka.cc/", "内容": "すこやか薬局　美里店【5:薬局】沖縄県沖縄市美原４丁目１番２８号" }, "geometry": { "type": "Point", "coordinates": [ 127.818257, 26.351014 ] } },
{ "type": "Feature", "properties": { "ID": 4751691, "正式名称": "アイン薬局知花店", "機関区分": 5, "都道府県コード": 47, "市区町村コード": 211, "所在地": "沖縄県沖縄市知花６－２５－１８", "緯度": 26.364325, "経度": 127.817453, "url": "https://www.iryou.teikyouseido.mhlw.go.jp/znk-web/juminkanja/S2430/initialize?prefCd=47&kikanCd=1691&kikanKbn=5", "url2": "http://www.ainj.co.jp", "内容": "アイン薬局知花店【5:薬局】沖縄県沖縄市知花６－２５－１８" }, "geometry": { "type": "Point", "coordinates": [ 127.817453, 26.364325 ] } },
{ "type": "Feature", "properties": { "ID": 4751692, "正式名称": "すこやか薬局　みどり町店", "機関区分": 5, "都道府県コード": 47, "市区町村コード": 213, "所在地": "沖縄県うるま市みどり町４丁目１９番１５号", "緯度": 26.375029, "経度": 127.855604, "url": "https://www.iryou.teikyouseido.mhlw.go.jp/znk-web/juminkanja/S2430/initialize?prefCd=47&kikanCd=1692&kikanKbn=5", "url2": "https://sukoyaka.cc/", "内容": "すこやか薬局　みどり町店【5:薬局】沖縄県うるま市みどり町４丁目１９番１５号" }, "geometry": { "type": "Point", "coordinates": [ 127.855604, 26.375029 ] } },
{ "type": "Feature", "properties": { "ID": 4751698, "正式名称": "さわやか薬局", "機関区分": 5, "都道府県コード": 47, "市区町村コード": 205, "所在地": "沖縄県宜野湾市長田１－２９－１", "緯度": 26.2629, "経度": 127.762215, "url": "https://www.iryou.teikyouseido.mhlw.go.jp/znk-web/juminkanja/S2430/initialize?prefCd=47&kikanCd=1698&kikanKbn=5", "url2": null, "内容": "さわやか薬局【5:薬局】沖縄県宜野湾市長田１－２９－１" }, "geometry": { "type": "Point", "coordinates": [ 127.762215, 26.2629 ] } },
{ "type": "Feature", "properties": { "ID": 4751699, "正式名称": "かんな薬局", "機関区分": 5, "都道府県コード": 47, "市区町村コード": 313, "所在地": "沖縄県国頭郡宜野座村漢那", "緯度": 26.473904, "経度": 127.953476, "url": "https://www.iryou.teikyouseido.mhlw.go.jp/znk-web/juminkanja/S2430/initialize?prefCd=47&kikanCd=1699&kikanKbn=5", "url2": null, "内容": "かんな薬局【5:薬局】沖縄県国頭郡宜野座村漢那" }, "geometry": { "type": "Point", "coordinates": [ 127.953476, 26.473904 ] } },
{ "type": "Feature", "properties": { "ID": 4751709, "正式名称": "サンセイ薬局", "機関区分": 5, "都道府県コード": 47, "市区町村コード": 211, "所在地": "沖縄県沖縄市美里１－２７－１４", "緯度": 26.342347, "経度": 127.818083, "url": "https://www.iryou.teikyouseido.mhlw.go.jp/znk-web/juminkanja/S2430/initialize?prefCd=47&kikanCd=1709&kikanKbn=5", "url2": null, "内容": "サンセイ薬局【5:薬局】沖縄県沖縄市美里１－２７－１４" }, "geometry": { "type": "Point", "coordinates": [ 127.818083, 26.342347 ] } },
{ "type": "Feature", "properties": { "ID": 4751711, "正式名称": "ぎのざ薬局", "機関区分": 5, "都道府県コード": 47, "市区町村コード": 313, "所在地": "沖縄県国頭郡宜野座村宜野座３６７－３", "緯度": 26.482419, "経度": 127.978406, "url": "https://www.iryou.teikyouseido.mhlw.go.jp/znk-web/juminkanja/S2430/initialize?prefCd=47&kikanCd=1711&kikanKbn=5", "url2": null, "内容": "ぎのざ薬局【5:薬局】沖縄県国頭郡宜野座村宜野座３６７－３" }, "geometry": { "type": "Point", "coordinates": [ 127.978406, 26.482419 ] } },
{ "type": "Feature", "properties": { "ID": 4751712, "正式名称": "さしだ薬局ニュ－東山店", "機関区分": 5, "都道府県コード": 47, "市区町村コード": 213, "所在地": "沖縄県うるま市石川東山１－２２－６", "緯度": 26.43494, "経度": 127.83782, "url": "https://www.iryou.teikyouseido.mhlw.go.jp/znk-web/juminkanja/S2430/initialize?prefCd=47&kikanCd=1712&kikanKbn=5", "url2": "https://www.sashida-pharmacy.com/", "内容": "さしだ薬局ニュ－東山店【5:薬局】沖縄県うるま市石川東山１－２２－６" }, "geometry": { "type": "Point", "coordinates": [ 127.83782, 26.43494 ] } },
{ "type": "Feature", "properties": { "ID": 4751716, "正式名称": "むつみ薬局", "機関区分": 5, "都道府県コード": 47, "市区町村コード": 214, "所在地": "沖縄県宮古島市平良下里１１５４－１", "緯度": 24.795692, "経度": 125.287181, "url": "https://www.iryou.teikyouseido.mhlw.go.jp/znk-web/juminkanja/S2430/initialize?prefCd=47&kikanCd=1716&kikanKbn=5", "url2": null, "内容": "むつみ薬局【5:薬局】沖縄県宮古島市平良下里１１５４－１" }, "geometry": { "type": "Point", "coordinates": [ 125.287181, 24.795692 ] } },
{ "type": "Feature", "properties": { "ID": 4751717, "正式名称": "コジャ薬局市場前店", "機関区分": 5, "都道府県コード": 47, "市区町村コード": 214, "所在地": "沖縄県宮古島市平良下里５５６番地３", "緯度": 24.803903, "経度": 125.279297, "url": "https://www.iryou.teikyouseido.mhlw.go.jp/znk-web/juminkanja/S2430/initialize?prefCd=47&kikanCd=1717&kikanKbn=5", "url2": null, "内容": "コジャ薬局市場前店【5:薬局】沖縄県宮古島市平良下里５５６番地３" }, "geometry": { "type": "Point", "coordinates": [ 125.279297, 24.803903 ] } },
{ "type": "Feature", "properties": { "ID": 4751718, "正式名称": "すこやか薬局　西里店", "機関区分": 5, "都道府県コード": 47, "市区町村コード": 214, "所在地": "沖縄県宮古島市平良字西里７８２番地１の２", "緯度": 24.798315, "経度": 125.289388, "url": "https://www.iryou.teikyouseido.mhlw.go.jp/znk-web/juminkanja/S2430/initialize?prefCd=47&kikanCd=1718&kikanKbn=5", "url2": "https://sukoyaka.cc/", "内容": "すこやか薬局　西里店【5:薬局】沖縄県宮古島市平良字西里７８２番地１の２" }, "geometry": { "type": "Point", "coordinates": [ 125.289388, 24.798315 ] } },
{ "type": "Feature", "properties": { "ID": 4751719, "正式名称": "コジャ薬局　東店", "機関区分": 5, "都道府県コード": 47, "市区町村コード": 214, "所在地": "沖縄県宮古島市平良東仲宗根５６６番地１", "緯度": 24.805639, "経度": 125.291528, "url": "https://www.iryou.teikyouseido.mhlw.go.jp/znk-web/juminkanja/S2430/initialize?prefCd=47&kikanCd=1719&kikanKbn=5", "url2": null, "内容": "コジャ薬局　東店【5:薬局】沖縄県宮古島市平良東仲宗根５６６番地１" }, "geometry": { "type": "Point", "coordinates": [ 125.291528, 24.805639 ] } },
{ "type": "Feature", "properties": { "ID": 4751725, "正式名称": "新高薬局", "機関区分": 5, "都道府県コード": 47, "市区町村コード": 207, "所在地": "沖縄県石垣市美崎町", "緯度": 24.339343, "経度": 124.15656, "url": "https://www.iryou.teikyouseido.mhlw.go.jp/znk-web/juminkanja/S2430/initialize?prefCd=47&kikanCd=1725&kikanKbn=5", "url2": null, "内容": "新高薬局【5:薬局】沖縄県石垣市美崎町" }, "geometry": { "type": "Point", "coordinates": [ 124.15656, 24.339343 ] } },
{ "type": "Feature", "properties": { "ID": 4751731, "正式名称": "有限会社くすの木　くすの木薬局", "機関区分": 5, "都道府県コード": 47, "市区町村コード": 211, "所在地": "沖縄県沖縄市安慶田４－６－６", "緯度": 26.329164, "経度": 127.812053, "url": "https://www.iryou.teikyouseido.mhlw.go.jp/znk-web/juminkanja/S2430/initialize?prefCd=47&kikanCd=1731&kikanKbn=5", "url2": null, "内容": "有限会社くすの木　くすの木薬局【5:薬局】沖縄県沖縄市安慶田４－６－６" }, "geometry": { "type": "Point", "coordinates": [ 127.812053, 26.329164 ] } },
{ "type": "Feature", "properties": { "ID": 4751737, "正式名称": "むるぶし薬局", "機関区分": 5, "都道府県コード": 47, "市区町村コード": 207, "所在地": "沖縄県石垣市平得１５０ー３", "緯度": 24.340636, "経度": 124.172155, "url": "https://www.iryou.teikyouseido.mhlw.go.jp/znk-web/juminkanja/S2430/initialize?prefCd=47&kikanCd=1737&kikanKbn=5", "url2": null, "内容": "むるぶし薬局【5:薬局】沖縄県石垣市平得１５０ー３" }, "geometry": { "type": "Point", "coordinates": [ 124.172155, 24.340636 ] } },
{ "type": "Feature", "properties": { "ID": 4751739, "正式名称": "中央薬局", "機関区分": 5, "都道府県コード": 47, "市区町村コード": 207, "所在地": "沖縄県石垣市石垣１２－１", "緯度": 24.340811, "経度": 124.156764, "url": "https://www.iryou.teikyouseido.mhlw.go.jp/znk-web/juminkanja/S2430/initialize?prefCd=47&kikanCd=1739&kikanKbn=5", "url2": null, "内容": "中央薬局【5:薬局】沖縄県石垣市石垣１２－１" }, "geometry": { "type": "Point", "coordinates": [ 124.156764, 24.340811 ] } },
{ "type": "Feature", "properties": { "ID": 4751740, "正式名称": "ミント薬局　腰原店", "機関区分": 5, "都道府県コード": 47, "市区町村コード": 214, "所在地": "沖縄県宮古島市平良字下里１４７７－Ⅰ", "緯度": 24.756819, "経度": 125.343477, "url": "https://www.iryou.teikyouseido.mhlw.go.jp/znk-web/juminkanja/S2430/initialize?prefCd=47&kikanCd=1740&kikanKbn=5", "url2": null, "内容": "ミント薬局　腰原店【5:薬局】沖縄県宮古島市平良字下里１４７７－Ⅰ" }, "geometry": { "type": "Point", "coordinates": [ 125.343477, 24.756819 ] } },
{ "type": "Feature", "properties": { "ID": 4751743, "正式名称": "はら薬局", "機関区分": 5, "都道府県コード": 47, "市区町村コード": 207, "所在地": "沖縄県　石垣市　真栄里３０１－１　サンエー石垣シティ内", "緯度": 24.412708, "経度": 124.20164, "url": "https://www.iryou.teikyouseido.mhlw.go.jp/znk-web/juminkanja/S2430/initialize?prefCd=47&kikanCd=1743&kikanKbn=5", "url2": null, "内容": "はら薬局【5:薬局】沖縄県　石垣市　真栄里３０１－１　サンエー石垣シティ内" }, "geometry": { "type": "Point", "coordinates": [ 124.20164, 24.412708 ] } },
{ "type": "Feature", "properties": { "ID": 4751744, "正式名称": "上地薬局　いしがき店", "機関区分": 5, "都道府県コード": 47, "市区町村コード": 207, "所在地": "沖縄県石垣市真栄里５８４－１", "緯度": 24.343464, "経度": 124.183881, "url": "https://www.iryou.teikyouseido.mhlw.go.jp/znk-web/juminkanja/S2430/initialize?prefCd=47&kikanCd=1744&kikanKbn=5", "url2": "https://www.ainj.co.jp/network/detail.html?pdid=1643", "内容": "上地薬局　いしがき店【5:薬局】沖縄県石垣市真栄里５８４－１" }, "geometry": { "type": "Point", "coordinates": [ 124.183881, 24.343464 ] } },
{ "type": "Feature", "properties": { "ID": 4751750, "正式名称": "ふく薬局もとぶ店", "機関区分": 5, "都道府県コード": 47, "市区町村コード": 308, "所在地": "沖縄県国頭郡本部町大浜　８８０の４", "緯度": 26.657198, "経度": 127.88451, "url": "https://www.iryou.teikyouseido.mhlw.go.jp/znk-web/juminkanja/S2430/initialize?prefCd=47&kikanCd=1750&kikanKbn=5", "url2": "https://www.fukuyakuhin.co.jp/", "内容": "ふく薬局もとぶ店【5:薬局】沖縄県国頭郡本部町大浜　８８０の４" }, "geometry": { "type": "Point", "coordinates": [ 127.88451, 26.657198 ] } },
{ "type": "Feature", "properties": { "ID": 4751753, "正式名称": "イオン薬局　南風原店", "機関区分": 5, "都道府県コード": 47, "市区町村コード": 350, "所在地": "沖縄県島尻郡南風原町宮平２６４番地", "緯度": 26.200956, "経度": 127.737886, "url": "https://www.iryou.teikyouseido.mhlw.go.jp/znk-web/juminkanja/S2430/initialize?prefCd=47&kikanCd=1753&kikanKbn=5", "url2": "https://www.aeon-ryukyu.jp/", "内容": "イオン薬局　南風原店【5:薬局】沖縄県島尻郡南風原町宮平２６４番地" }, "geometry": { "type": "Point", "coordinates": [ 127.737886, 26.200956 ] } },
{ "type": "Feature", "properties": { "ID": 4751754, "正式名称": "はいさい薬局", "機関区分": 5, "都道府県コード": 47, "市区町村コード": 212, "所在地": "沖縄県豊見城市平良５７３番地１", "緯度": 26.17502, "経度": 127.686626, "url": "https://www.iryou.teikyouseido.mhlw.go.jp/znk-web/juminkanja/S2430/initialize?prefCd=47&kikanCd=1754&kikanKbn=5", "url2": null, "内容": "はいさい薬局【5:薬局】沖縄県豊見城市平良５７３番地１" }, "geometry": { "type": "Point", "coordinates": [ 127.686626, 26.17502 ] } },
{ "type": "Feature", "properties": { "ID": 4751759, "正式名称": "がじまる薬局", "機関区分": 5, "都道府県コード": 47, "市区町村コード": 329, "所在地": "沖縄県中頭郡西原町小那覇１６０２－１", "緯度": 26.237292, "経度": 127.771905, "url": "https://www.iryou.teikyouseido.mhlw.go.jp/znk-web/juminkanja/S2430/initialize?prefCd=47&kikanCd=1759&kikanKbn=5", "url2": "https://www.g-p.or.jp", "内容": "がじまる薬局【5:薬局】沖縄県中頭郡西原町小那覇１６０２－１" }, "geometry": { "type": "Point", "coordinates": [ 127.771905, 26.237292 ] } },
{ "type": "Feature", "properties": { "ID": 4751760, "正式名称": "もとぶ薬局", "機関区分": 5, "都道府県コード": 47, "市区町村コード": 308, "所在地": "沖縄県国頭郡本部町大浜８８０番地３", "緯度": 26.656978, "経度": 127.884232, "url": "https://www.iryou.teikyouseido.mhlw.go.jp/znk-web/juminkanja/S2430/initialize?prefCd=47&kikanCd=1760&kikanKbn=5", "url2": null, "内容": "もとぶ薬局【5:薬局】沖縄県国頭郡本部町大浜８８０番地３" }, "geometry": { "type": "Point", "coordinates": [ 127.884232, 26.656978 ] } },
{ "type": "Feature", "properties": { "ID": 4751764, "正式名称": "上原薬局", "機関区分": 5, "都道府県コード": 47, "市区町村コード": 301, "所在地": "沖縄県国頭郡国頭村辺土名２１５－１", "緯度": 26.746853, "経度": 128.178551, "url": "https://www.iryou.teikyouseido.mhlw.go.jp/znk-web/juminkanja/S2430/initialize?prefCd=47&kikanCd=1764&kikanKbn=5", "url2": null, "内容": "上原薬局【5:薬局】沖縄県国頭郡国頭村辺土名２１５－１" }, "geometry": { "type": "Point", "coordinates": [ 128.178551, 26.746853 ] } },
{ "type": "Feature", "properties": { "ID": 4751767, "正式名称": "クロ－バ－薬局", "機関区分": 5, "都道府県コード": 47, "市区町村コード": 350, "所在地": "沖縄県島尻郡南風原町新川４２３－７", "緯度": 26.210881, "経度": 127.725297, "url": "https://www.iryou.teikyouseido.mhlw.go.jp/znk-web/juminkanja/S2430/initialize?prefCd=47&kikanCd=1767&kikanKbn=5", "url2": null, "内容": "クロ－バ－薬局【5:薬局】沖縄県島尻郡南風原町新川４２３－７" }, "geometry": { "type": "Point", "coordinates": [ 127.725297, 26.210881 ] } },
{ "type": "Feature", "properties": { "ID": 4751770, "正式名称": "すこやか薬局　新川店", "機関区分": 5, "都道府県コード": 47, "市区町村コード": 350, "所在地": "沖縄県島尻郡南風原町字新川１０１番地の３", "緯度": 26.207102, "経度": 127.723539, "url": "https://www.iryou.teikyouseido.mhlw.go.jp/znk-web/juminkanja/S2430/initialize?prefCd=47&kikanCd=1770&kikanKbn=5", "url2": "https://sukoyaka.cc/", "内容": "すこやか薬局　新川店【5:薬局】沖縄県島尻郡南風原町字新川１０１番地の３" }, "geometry": { "type": "Point", "coordinates": [ 127.723539, 26.207102 ] } },
{ "type": "Feature", "properties": { "ID": 4751771, "正式名称": "サン薬局", "機関区分": 5, "都道府県コード": 47, "市区町村コード": 350, "所在地": "沖縄県島尻郡南風原町新川６７－１０", "緯度": 26.204333, "経度": 127.723549, "url": "https://www.iryou.teikyouseido.mhlw.go.jp/znk-web/juminkanja/S2430/initialize?prefCd=47&kikanCd=1771&kikanKbn=5", "url2": "http://bansei-banyu.jp/index.html", "内容": "サン薬局【5:薬局】沖縄県島尻郡南風原町新川６７－１０" }, "geometry": { "type": "Point", "coordinates": [ 127.723549, 26.204333 ] } },
{ "type": "Feature", "properties": { "ID": 4751774, "正式名称": "さわやか薬局　西原店", "機関区分": 5, "都道府県コード": 47, "市区町村コード": 329, "所在地": "沖縄県中頭郡西原町字小波津３－７", "緯度": 26.22702, "経度": 127.754885, "url": "https://www.iryou.teikyouseido.mhlw.go.jp/znk-web/juminkanja/S2430/initialize?prefCd=47&kikanCd=1774&kikanKbn=5", "url2": null, "内容": "さわやか薬局　西原店【5:薬局】沖縄県中頭郡西原町字小波津３－７" }, "geometry": { "type": "Point", "coordinates": [ 127.754885, 26.22702 ] } },
{ "type": "Feature", "properties": { "ID": 4751775, "正式名称": "しんせい薬局豊見城店", "機関区分": 5, "都道府県コード": 47, "市区町村コード": 212, "所在地": "沖縄県豊見城市宜保２丁目６番地１１", "緯度": 26.177225, "経度": 127.676119, "url": "https://www.iryou.teikyouseido.mhlw.go.jp/znk-web/juminkanja/S2430/initialize?prefCd=47&kikanCd=1775&kikanKbn=5", "url2": null, "内容": "しんせい薬局豊見城店【5:薬局】沖縄県豊見城市宜保２丁目６番地１１" }, "geometry": { "type": "Point", "coordinates": [ 127.676119, 26.177225 ] } },
{ "type": "Feature", "properties": { "ID": 4751777, "正式名称": "ミッキ－薬局", "機関区分": 5, "都道府県コード": 47, "市区町村コード": 212, "所在地": "沖縄県豊見城市宜保２－１－１１", "緯度": 26.178064, "経度": 127.677758, "url": "https://www.iryou.teikyouseido.mhlw.go.jp/znk-web/juminkanja/S2430/initialize?prefCd=47&kikanCd=1777&kikanKbn=5", "url2": null, "内容": "ミッキ－薬局【5:薬局】沖縄県豊見城市宜保２－１－１１" }, "geometry": { "type": "Point", "coordinates": [ 127.677758, 26.178064 ] } },
{ "type": "Feature", "properties": { "ID": 4751778, "正式名称": "りんりん堂薬局", "機関区分": 5, "都道府県コード": 47, "市区町村コード": 215, "所在地": "沖縄県南城市大里平良２５６８－２", "緯度": 26.180504, "経度": 127.74752, "url": "https://www.iryou.teikyouseido.mhlw.go.jp/znk-web/juminkanja/S2430/initialize?prefCd=47&kikanCd=1778&kikanKbn=5", "url2": "https://rinrindou-pharmacy.com/", "内容": "りんりん堂薬局【5:薬局】沖縄県南城市大里平良２５６８－２" }, "geometry": { "type": "Point", "coordinates": [ 127.74752, 26.180504 ] } },
{ "type": "Feature", "properties": { "ID": 4751779, "正式名称": "小禄東薬局", "機関区分": 5, "都道府県コード": 47, "市区町村コード": 212, "所在地": "沖縄県豊見城市豊見城３７１−１", "緯度": 26.183825, "経度": 127.676186, "url": "https://www.iryou.teikyouseido.mhlw.go.jp/znk-web/juminkanja/S2430/initialize?prefCd=47&kikanCd=1779&kikanKbn=5", "url2": null, "内容": "小禄東薬局【5:薬局】沖縄県豊見城市豊見城３７１−１" }, "geometry": { "type": "Point", "coordinates": [ 127.676186, 26.183825 ] } },
{ "type": "Feature", "properties": { "ID": 4751780, "正式名称": "みのり薬局", "機関区分": 5, "都道府県コード": 47, "市区町村コード": 348, "所在地": "沖縄県島尻郡与那原町東浜９０－４", "緯度": 26.205649, "経度": 127.757212, "url": "https://www.iryou.teikyouseido.mhlw.go.jp/znk-web/juminkanja/S2430/initialize?prefCd=47&kikanCd=1780&kikanKbn=5", "url2": "https://www.minoriya8.jp/", "内容": "みのり薬局【5:薬局】沖縄県島尻郡与那原町東浜９０－４" }, "geometry": { "type": "Point", "coordinates": [ 127.757212, 26.205649 ] } },
{ "type": "Feature", "properties": { "ID": 4751781, "正式名称": "うみ薬局", "機関区分": 5, "都道府県コード": 47, "市区町村コード": 329, "所在地": "沖縄県中頭郡西原町小橋川１５４－４", "緯度": 26.225733, "経度": 127.764606, "url": "https://www.iryou.teikyouseido.mhlw.go.jp/znk-web/juminkanja/S2430/initialize?prefCd=47&kikanCd=1781&kikanKbn=5", "url2": null, "内容": "うみ薬局【5:薬局】沖縄県中頭郡西原町小橋川１５４－４" }, "geometry": { "type": "Point", "coordinates": [ 127.764606, 26.225733 ] } },
{ "type": "Feature", "properties": { "ID": 4751783, "正式名称": "あさひの薬局　糸満店", "機関区分": 5, "都道府県コード": 47, "市区町村コード": 210, "所在地": "沖縄県糸満市潮平７８７－１５", "緯度": 26.150663, "経度": 127.671611, "url": "https://www.iryou.teikyouseido.mhlw.go.jp/znk-web/juminkanja/S2430/initialize?prefCd=47&kikanCd=1783&kikanKbn=5", "url2": null, "内容": "あさひの薬局　糸満店【5:薬局】沖縄県糸満市潮平７８７－１５" }, "geometry": { "type": "Point", "coordinates": [ 127.671611, 26.150663 ] } },
{ "type": "Feature", "properties": { "ID": 4751785, "正式名称": "ふく薬局　名護店", "機関区分": 5, "都道府県コード": 47, "市区町村コード": 209, "所在地": "沖縄県名護市宮里６丁目８番３６号", "緯度": 26.601706, "経度": 127.975728, "url": "https://www.iryou.teikyouseido.mhlw.go.jp/znk-web/juminkanja/S2430/initialize?prefCd=47&kikanCd=1785&kikanKbn=5", "url2": "https://www.fukuyakuhin.co.jp/", "内容": "ふく薬局　名護店【5:薬局】沖縄県名護市宮里６丁目８番３６号" }, "geometry": { "type": "Point", "coordinates": [ 127.975728, 26.601706 ] } },
{ "type": "Feature", "properties": { "ID": 4751786, "正式名称": "美里薬局", "機関区分": 5, "都道府県コード": 47, "市区町村コード": 211, "所在地": "沖縄県沖縄市美原４－１－７", "緯度": 26.351292, "経度": 127.817992, "url": "https://www.iryou.teikyouseido.mhlw.go.jp/znk-web/juminkanja/S2430/initialize?prefCd=47&kikanCd=1786&kikanKbn=5", "url2": null, "内容": "美里薬局【5:薬局】沖縄県沖縄市美原４－１－７" }, "geometry": { "type": "Point", "coordinates": [ 127.817992, 26.351292 ] } },
{ "type": "Feature", "properties": { "ID": 4751789, "正式名称": "南高原薬局", "機関区分": 5, "都道府県コード": 47, "市区町村コード": 211, "所在地": "沖縄県沖縄市比屋根", "緯度": 26.317715, "経度": 127.822975, "url": "https://www.iryou.teikyouseido.mhlw.go.jp/znk-web/juminkanja/S2430/initialize?prefCd=47&kikanCd=1789&kikanKbn=5", "url2": null, "内容": "南高原薬局【5:薬局】沖縄県沖縄市比屋根" }, "geometry": { "type": "Point", "coordinates": [ 127.822975, 26.317715 ] } },
{ "type": "Feature", "properties": { "ID": 4751795, "正式名称": "りんご薬局　宜野湾店", "機関区分": 5, "都道府県コード": 47, "市区町村コード": 205, "所在地": "沖縄県宜野湾市宜野湾３－３－１０　１Ｆ", "緯度": 26.262233, "経度": 127.760889, "url": "https://www.iryou.teikyouseido.mhlw.go.jp/znk-web/juminkanja/S2430/initialize?prefCd=47&kikanCd=1795&kikanKbn=5", "url2": "https://www.ringo-chozai.jp/entry.php?eid=44937&d=", "内容": "りんご薬局　宜野湾店【5:薬局】沖縄県宜野湾市宜野湾３－３－１０　１Ｆ" }, "geometry": { "type": "Point", "coordinates": [ 127.760889, 26.262233 ] } },
{ "type": "Feature", "properties": { "ID": 4751797, "正式名称": "ひかり薬局　コザ店", "機関区分": 5, "都道府県コード": 47, "市区町村コード": 211, "所在地": "沖縄県沖縄市住吉１－４－１９", "緯度": 26.338097, "経度": 127.809969, "url": "https://www.iryou.teikyouseido.mhlw.go.jp/znk-web/juminkanja/S2430/initialize?prefCd=47&kikanCd=1797&kikanKbn=5", "url2": null, "内容": "ひかり薬局　コザ店【5:薬局】沖縄県沖縄市住吉１－４－１９" }, "geometry": { "type": "Point", "coordinates": [ 127.809969, 26.338097 ] } },
{ "type": "Feature", "properties": { "ID": 4751800, "正式名称": "ひまわり薬局", "機関区分": 5, "都道府県コード": 47, "市区町村コード": 205, "所在地": "沖縄県宜野湾市我如古", "緯度": 26.257732, "経度": 127.749886, "url": "https://www.iryou.teikyouseido.mhlw.go.jp/znk-web/juminkanja/S2430/initialize?prefCd=47&kikanCd=1800&kikanKbn=5", "url2": null, "内容": "ひまわり薬局【5:薬局】沖縄県宜野湾市我如古" }, "geometry": { "type": "Point", "coordinates": [ 127.749886, 26.257732 ] } },
{ "type": "Feature", "properties": { "ID": 4751810, "正式名称": "ひよこ薬局", "機関区分": 5, "都道府県コード": 47, "市区町村コード": 324, "所在地": "沖縄県中頭郡読谷村伊良皆３４１―２", "緯度": 26.381725, "経度": 127.751767, "url": "https://www.iryou.teikyouseido.mhlw.go.jp/znk-web/juminkanja/S2430/initialize?prefCd=47&kikanCd=1810&kikanKbn=5", "url2": null, "内容": "ひよこ薬局【5:薬局】沖縄県中頭郡読谷村伊良皆３４１―２" }, "geometry": { "type": "Point", "coordinates": [ 127.751767, 26.381725 ] } },
{ "type": "Feature", "properties": { "ID": 4751814, "正式名称": "すこやか薬局　中頭店", "機関区分": 5, "都道府県コード": 47, "市区町村コード": 211, "所在地": "沖縄県沖縄市知花６丁目２５番１１号　１Ｆ", "緯度": 26.364137, "経度": 127.816878, "url": "https://www.iryou.teikyouseido.mhlw.go.jp/znk-web/juminkanja/S2430/initialize?prefCd=47&kikanCd=1814&kikanKbn=5", "url2": "https://sukoyaka.cc/", "内容": "すこやか薬局　中頭店【5:薬局】沖縄県沖縄市知花６丁目２５番１１号　１Ｆ" }, "geometry": { "type": "Point", "coordinates": [ 127.816878, 26.364137 ] } },
{ "type": "Feature", "properties": { "ID": 4751818, "正式名称": "名護薬局", "機関区分": 5, "都道府県コード": 47, "市区町村コード": 209, "所在地": "沖縄県名護市大西１－１－１神山ビル大西１Ｆ", "緯度": 26.59159, "経度": 127.981896, "url": "https://www.iryou.teikyouseido.mhlw.go.jp/znk-web/juminkanja/S2430/initialize?prefCd=47&kikanCd=1818&kikanKbn=5", "url2": null, "内容": "名護薬局【5:薬局】沖縄県名護市大西１－１－１神山ビル大西１Ｆ" }, "geometry": { "type": "Point", "coordinates": [ 127.981896, 26.59159 ] } },
{ "type": "Feature", "properties": { "ID": 4751825, "正式名称": "すずらん薬局", "機関区分": 5, "都道府県コード": 47, "市区町村コード": 205, "所在地": "沖縄県宜野湾市嘉数", "緯度": 26.255518, "経度": 127.739184, "url": "https://www.iryou.teikyouseido.mhlw.go.jp/znk-web/juminkanja/S2430/initialize?prefCd=47&kikanCd=1825&kikanKbn=5", "url2": null, "内容": "すずらん薬局【5:薬局】沖縄県宜野湾市嘉数" }, "geometry": { "type": "Point", "coordinates": [ 127.739184, 26.255518 ] } },
{ "type": "Feature", "properties": { "ID": 4751827, "正式名称": "すこやか薬局　大北店", "機関区分": 5, "都道府県コード": 47, "市区町村コード": 209, "所在地": "沖縄県名護市大北１丁目２番３６号", "緯度": 26.600007, "経度": 127.99511, "url": "https://www.iryou.teikyouseido.mhlw.go.jp/znk-web/juminkanja/S2430/initialize?prefCd=47&kikanCd=1827&kikanKbn=5", "url2": "https://sukoyaka.cc/", "内容": "すこやか薬局　大北店【5:薬局】沖縄県名護市大北１丁目２番３６号" }, "geometry": { "type": "Point", "coordinates": [ 127.99511, 26.600007 ] } },
{ "type": "Feature", "properties": { "ID": 4751828, "正式名称": "ふく薬局　うむさ店", "機関区分": 5, "都道府県コード": 47, "市区町村コード": 209, "所在地": "沖縄県名護市字宇茂佐１７６０－１", "緯度": 26.605994, "経度": 127.964603, "url": "https://www.iryou.teikyouseido.mhlw.go.jp/znk-web/juminkanja/S2430/initialize?prefCd=47&kikanCd=1828&kikanKbn=5", "url2": "https://www.fukuyakuhin.co.jp", "内容": "ふく薬局　うむさ店【5:薬局】沖縄県名護市字宇茂佐１７６０－１" }, "geometry": { "type": "Point", "coordinates": [ 127.964603, 26.605994 ] } },
{ "type": "Feature", "properties": { "ID": 4751829, "正式名称": "北部地区薬剤師会会営薬局", "機関区分": 5, "都道府県コード": 47, "市区町村コード": 209, "所在地": "沖縄県名護市宇茂佐１７１２番地１７", "緯度": 26.606811, "経度": 127.966886, "url": "https://www.iryou.teikyouseido.mhlw.go.jp/znk-web/juminkanja/S2430/initialize?prefCd=47&kikanCd=1829&kikanKbn=5", "url2": "URL:http://www.hokuyaku.or.jp/", "内容": "北部地区薬剤師会会営薬局【5:薬局】沖縄県名護市宇茂佐１７１２番地１７" }, "geometry": { "type": "Point", "coordinates": [ 127.966886, 26.606811 ] } },
{ "type": "Feature", "properties": { "ID": 4751830, "正式名称": "ナゴラン薬局", "機関区分": 5, "都道府県コード": 47, "市区町村コード": 209, "所在地": "沖縄県名護市宇茂佐の森一丁目１番地７", "緯度": 26.601027, "経度": 127.966841, "url": "https://www.iryou.teikyouseido.mhlw.go.jp/znk-web/juminkanja/S2430/initialize?prefCd=47&kikanCd=1830&kikanKbn=5", "url2": null, "内容": "ナゴラン薬局【5:薬局】沖縄県名護市宇茂佐の森一丁目１番地７" }, "geometry": { "type": "Point", "coordinates": [ 127.966841, 26.601027 ] } },
{ "type": "Feature", "properties": { "ID": 4751832, "正式名称": "伊差川薬局", "機関区分": 5, "都道府県コード": 47, "市区町村コード": 209, "所在地": "沖縄県名護市伊差川２７４", "緯度": 26.6099, "経度": 128.002064, "url": "https://www.iryou.teikyouseido.mhlw.go.jp/znk-web/juminkanja/S2430/initialize?prefCd=47&kikanCd=1832&kikanKbn=5", "url2": null, "内容": "伊差川薬局【5:薬局】沖縄県名護市伊差川２７４" }, "geometry": { "type": "Point", "coordinates": [ 128.002064, 26.6099 ] } },
{ "type": "Feature", "properties": { "ID": 4751843, "正式名称": "あかみち薬局", "機関区分": 5, "都道府県コード": 47, "市区町村コード": 205, "所在地": "沖縄県宜野湾市上原１－１－６", "緯度": 26.279364, "経度": 127.778289, "url": "https://www.iryou.teikyouseido.mhlw.go.jp/znk-web/juminkanja/S2430/initialize?prefCd=47&kikanCd=1843&kikanKbn=5", "url2": null, "内容": "あかみち薬局【5:薬局】沖縄県宜野湾市上原１－１－６" }, "geometry": { "type": "Point", "coordinates": [ 127.778289, 26.279364 ] } },
{ "type": "Feature", "properties": { "ID": 4751844, "正式名称": "健康堂薬局", "機関区分": 5, "都道府県コード": 47, "市区町村コード": 209, "所在地": "沖縄県名護市城一丁目１番１０号", "緯度": 26.590908, "経度": 127.982409, "url": "https://www.iryou.teikyouseido.mhlw.go.jp/znk-web/juminkanja/S2430/initialize?prefCd=47&kikanCd=1844&kikanKbn=5", "url2": null, "内容": "健康堂薬局【5:薬局】沖縄県名護市城一丁目１番１０号" }, "geometry": { "type": "Point", "coordinates": [ 127.982409, 26.590908 ] } },
{ "type": "Feature", "properties": { "ID": 4751846, "正式名称": "屋我地薬局", "機関区分": 5, "都道府県コード": 47, "市区町村コード": 209, "所在地": "沖縄県名護市饒平名４６５－１", "緯度": 26.596566, "経度": 127.972795, "url": "https://www.iryou.teikyouseido.mhlw.go.jp/znk-web/juminkanja/S2430/initialize?prefCd=47&kikanCd=1846&kikanKbn=5", "url2": null, "内容": "屋我地薬局【5:薬局】沖縄県名護市饒平名４６５－１" }, "geometry": { "type": "Point", "coordinates": [ 127.972795, 26.596566 ] } },
{ "type": "Feature", "properties": { "ID": 4751849, "正式名称": "大北健康堂薬局", "機関区分": 5, "都道府県コード": 47, "市区町村コード": 209, "所在地": "沖縄県名護市大北３丁目１番６３号", "緯度": 26.6013, "経度": 127.996236, "url": "https://www.iryou.teikyouseido.mhlw.go.jp/znk-web/juminkanja/S2430/initialize?prefCd=47&kikanCd=1849&kikanKbn=5", "url2": null, "内容": "大北健康堂薬局【5:薬局】沖縄県名護市大北３丁目１番６３号" }, "geometry": { "type": "Point", "coordinates": [ 127.996236, 26.6013 ] } },
{ "type": "Feature", "properties": { "ID": 4751886, "正式名称": "サンポー薬局", "機関区分": 5, "都道府県コード": 47, "市区町村コード": 208, "所在地": "沖縄県浦添市前田３－３－１０", "緯度": 26.243375, "経度": 127.743442, "url": "https://www.iryou.teikyouseido.mhlw.go.jp/znk-web/juminkanja/S2430/initialize?prefCd=47&kikanCd=1886&kikanKbn=5", "url2": null, "内容": "サンポー薬局【5:薬局】沖縄県浦添市前田３－３－１０" }, "geometry": { "type": "Point", "coordinates": [ 127.743442, 26.243375 ] } },
{ "type": "Feature", "properties": { "ID": 4751891, "正式名称": "アシスト薬局", "機関区分": 5, "都道府県コード": 47, "市区町村コード": 208, "所在地": "沖縄県浦添市前田１丁目１３番１号", "緯度": 26.242486, "経度": 127.737803, "url": "https://www.iryou.teikyouseido.mhlw.go.jp/znk-web/juminkanja/S2430/initialize?prefCd=47&kikanCd=1891&kikanKbn=5", "url2": null, "内容": "アシスト薬局【5:薬局】沖縄県浦添市前田１丁目１３番１号" }, "geometry": { "type": "Point", "coordinates": [ 127.737803, 26.242486 ] } },
{ "type": "Feature", "properties": { "ID": 4751917, "正式名称": "ほたる薬局", "機関区分": 5, "都道府県コード": 47, "市区町村コード": 208, "所在地": "沖縄県浦添市大平１－１－１０　１Ｆ", "緯度": 26.248756, "経度": 127.715697, "url": "https://www.iryou.teikyouseido.mhlw.go.jp/znk-web/juminkanja/S2430/initialize?prefCd=47&kikanCd=1917&kikanKbn=5", "url2": null, "内容": "ほたる薬局【5:薬局】沖縄県浦添市大平１－１－１０　１Ｆ" }, "geometry": { "type": "Point", "coordinates": [ 127.715697, 26.248756 ] } },
{ "type": "Feature", "properties": { "ID": 4751919, "正式名称": "すこやか薬局　宮城店", "機関区分": 5, "都道府県コード": 47, "市区町村コード": 208, "所在地": "沖縄県浦添市宮城４丁目６番１号", "緯度": 26.245093, "経度": 127.705813, "url": "https://www.iryou.teikyouseido.mhlw.go.jp/znk-web/juminkanja/S2430/initialize?prefCd=47&kikanCd=1919&kikanKbn=5", "url2": "https://sukoyaka.cc/", "内容": "すこやか薬局　宮城店【5:薬局】沖縄県浦添市宮城４丁目６番１号" }, "geometry": { "type": "Point", "coordinates": [ 127.705813, 26.245093 ] } },
{ "type": "Feature", "properties": { "ID": 4751926, "正式名称": "晴天堂薬局", "機関区分": 5, "都道府県コード": 47, "市区町村コード": 210, "所在地": "沖縄県糸満市西崎六丁目十六の六", "緯度": 26.143344, "経度": 127.669924, "url": "https://www.iryou.teikyouseido.mhlw.go.jp/znk-web/juminkanja/S2430/initialize?prefCd=47&kikanCd=1926&kikanKbn=5", "url2": null, "内容": "晴天堂薬局【5:薬局】沖縄県糸満市西崎六丁目十六の六" }, "geometry": { "type": "Point", "coordinates": [ 127.669924, 26.143344 ] } },
{ "type": "Feature", "properties": { "ID": 4751929, "正式名称": "ともよせ薬局", "機関区分": 5, "都道府県コード": 47, "市区町村コード": 362, "所在地": "沖縄県島尻郡八重瀬町友寄９０３―６０", "緯度": 26.173931, "経度": 127.720042, "url": "https://www.iryou.teikyouseido.mhlw.go.jp/znk-web/juminkanja/S2430/initialize?prefCd=47&kikanCd=1929&kikanKbn=5", "url2": null, "内容": "ともよせ薬局【5:薬局】沖縄県島尻郡八重瀬町友寄９０３―６０" }, "geometry": { "type": "Point", "coordinates": [ 127.720042, 26.173931 ] } },
{ "type": "Feature", "properties": { "ID": 4751930, "正式名称": "南薬局", "機関区分": 5, "都道府県コード": 47, "市区町村コード": 350, "所在地": "沖縄県島尻郡南風原町兼城７２４", "緯度": 26.190096, "経度": 127.730474, "url": "https://www.iryou.teikyouseido.mhlw.go.jp/znk-web/juminkanja/S2430/initialize?prefCd=47&kikanCd=1930&kikanKbn=5", "url2": "http://www.chikugo.co.jp/pharmacy_list/okinawa/110/", "内容": "南薬局【5:薬局】沖縄県島尻郡南風原町兼城７２４" }, "geometry": { "type": "Point", "coordinates": [ 127.730474, 26.190096 ] } },
{ "type": "Feature", "properties": { "ID": 4751936, "正式名称": "ゆうな薬局", "機関区分": 5, "都道府県コード": 47, "市区町村コード": 215, "所在地": "沖縄県南城市大里仲間１１３３－４", "緯度": 26.175001, "経度": 127.74718, "url": "https://www.iryou.teikyouseido.mhlw.go.jp/znk-web/juminkanja/S2430/initialize?prefCd=47&kikanCd=1936&kikanKbn=5", "url2": "https://www.chikugo.co.jp/store/107/", "内容": "ゆうな薬局【5:薬局】沖縄県南城市大里仲間１１３３－４" }, "geometry": { "type": "Point", "coordinates": [ 127.74718, 26.175001 ] } },
{ "type": "Feature", "properties": { "ID": 4751939, "正式名称": "豊見城薬局", "機関区分": 5, "都道府県コード": 47, "市区町村コード": 212, "所在地": "沖縄県豊見城市宜保２６６－２１", "緯度": 26.176285, "経度": 127.676894, "url": "https://www.iryou.teikyouseido.mhlw.go.jp/znk-web/juminkanja/S2430/initialize?prefCd=47&kikanCd=1939&kikanKbn=5", "url2": "https://www.gesetmedical.jp/", "内容": "豊見城薬局【5:薬局】沖縄県豊見城市宜保２６６－２１" }, "geometry": { "type": "Point", "coordinates": [ 127.676894, 26.176285 ] } },
{ "type": "Feature", "properties": { "ID": 4751940, "正式名称": "あおぞら薬局", "機関区分": 5, "都道府県コード": 47, "市区町村コード": 350, "所在地": "沖縄県島尻郡南風原町与那覇２３６－１", "緯度": 26.202606, "経度": 127.748138, "url": "https://www.iryou.teikyouseido.mhlw.go.jp/znk-web/juminkanja/S2430/initialize?prefCd=47&kikanCd=1940&kikanKbn=5", "url2": null, "内容": "あおぞら薬局【5:薬局】沖縄県島尻郡南風原町与那覇２３６－１" }, "geometry": { "type": "Point", "coordinates": [ 127.748138, 26.202606 ] } },
{ "type": "Feature", "properties": { "ID": 4751943, "正式名称": "あはごん薬局", "機関区分": 5, "都道府県コード": 47, "市区町村コード": 210, "所在地": "沖縄県糸満市阿波根１５５２ー５", "緯度": 26.150667, "経度": 127.67246, "url": "https://www.iryou.teikyouseido.mhlw.go.jp/znk-web/juminkanja/S2430/initialize?prefCd=47&kikanCd=1943&kikanKbn=5", "url2": null, "内容": "あはごん薬局【5:薬局】沖縄県糸満市阿波根１５５２ー５" }, "geometry": { "type": "Point", "coordinates": [ 127.67246, 26.150667 ] } },
{ "type": "Feature", "properties": { "ID": 4751944, "正式名称": "ひまわり薬局", "機関区分": 5, "都道府県コード": 47, "市区町村コード": 210, "所在地": "沖縄県糸満市賀数４１０－２", "緯度": 26.152131, "経度": 127.692103, "url": "https://www.iryou.teikyouseido.mhlw.go.jp/znk-web/juminkanja/S2430/initialize?prefCd=47&kikanCd=1944&kikanKbn=5", "url2": null, "内容": "ひまわり薬局【5:薬局】沖縄県糸満市賀数４１０－２" }, "geometry": { "type": "Point", "coordinates": [ 127.692103, 26.152131 ] } },
{ "type": "Feature", "properties": { "ID": 4751949, "正式名称": "すばる薬局", "機関区分": 5, "都道府県コード": 47, "市区町村コード": 329, "所在地": "沖縄県中頭郡西原町内間５１８－１", "緯度": 26.237069, "経度": 127.770714, "url": "https://www.iryou.teikyouseido.mhlw.go.jp/znk-web/juminkanja/S2430/initialize?prefCd=47&kikanCd=1949&kikanKbn=5", "url2": "http://subaru.p-kit.com/", "内容": "すばる薬局【5:薬局】沖縄県中頭郡西原町内間５１８－１" }, "geometry": { "type": "Point", "coordinates": [ 127.770714, 26.237069 ] } },
{ "type": "Feature", "properties": { "ID": 4751961, "正式名称": "カナン薬局", "機関区分": 5, "都道府県コード": 47, "市区町村コード": 329, "所在地": "沖縄県中頭郡西原町幸地７２４－１", "緯度": 26.230811, "経度": 127.739542, "url": "https://www.iryou.teikyouseido.mhlw.go.jp/znk-web/juminkanja/S2430/initialize?prefCd=47&kikanCd=1961&kikanKbn=5", "url2": "https://kananph.life/", "内容": "カナン薬局【5:薬局】沖縄県中頭郡西原町幸地７２４－１" }, "geometry": { "type": "Point", "coordinates": [ 127.739542, 26.230811 ] } },
{ "type": "Feature", "properties": { "ID": 4751962, "正式名称": "万年堂薬局　平良店", "機関区分": 5, "都道府県コード": 47, "市区町村コード": 212, "所在地": "沖縄県豊見城市平良", "緯度": 26.168892, "経度": 127.69372, "url": "https://www.iryou.teikyouseido.mhlw.go.jp/znk-web/juminkanja/S2430/initialize?prefCd=47&kikanCd=1962&kikanKbn=5", "url2": "https://www.facebook.com/mannendo.ph.tairaten/", "内容": "万年堂薬局　平良店【5:薬局】沖縄県豊見城市平良" }, "geometry": { "type": "Point", "coordinates": [ 127.69372, 26.168892 ] } },
{ "type": "Feature", "properties": { "ID": 4751964, "正式名称": "レモン薬局", "機関区分": 5, "都道府県コード": 47, "市区町村コード": 210, "所在地": "沖縄県糸満市潮平７０６－７", "緯度": 26.145626, "経度": 127.671923, "url": "https://www.iryou.teikyouseido.mhlw.go.jp/znk-web/juminkanja/S2430/initialize?prefCd=47&kikanCd=1964&kikanKbn=5", "url2": "https://www.lemon-luna.com/", "内容": "レモン薬局【5:薬局】沖縄県糸満市潮平７０６－７" }, "geometry": { "type": "Point", "coordinates": [ 127.671923, 26.145626 ] } },
{ "type": "Feature", "properties": { "ID": 4751971, "正式名称": "クララ薬局", "機関区分": 5, "都道府県コード": 47, "市区町村コード": 350, "所在地": "沖縄県島尻郡南風原町神里４３４－１", "緯度": 26.172825, "経度": 127.728028, "url": "https://www.iryou.teikyouseido.mhlw.go.jp/znk-web/juminkanja/S2430/initialize?prefCd=47&kikanCd=1971&kikanKbn=5", "url2": null, "内容": "クララ薬局【5:薬局】沖縄県島尻郡南風原町神里４３４－１" }, "geometry": { "type": "Point", "coordinates": [ 127.728028, 26.172825 ] } },
{ "type": "Feature", "properties": { "ID": 4751978, "正式名称": "とみー薬局", "機関区分": 5, "都道府県コード": 47, "市区町村コード": 212, "所在地": "沖縄県豊見城市豊見城４４５−１", "緯度": 26.182843, "経度": 127.677643, "url": "https://www.iryou.teikyouseido.mhlw.go.jp/znk-web/juminkanja/S2430/initialize?prefCd=47&kikanCd=1978&kikanKbn=5", "url2": null, "内容": "とみー薬局【5:薬局】沖縄県豊見城市豊見城４４５−１" }, "geometry": { "type": "Point", "coordinates": [ 127.677643, 26.182843 ] } },
{ "type": "Feature", "properties": { "ID": 4751981, "正式名称": "てぃみぐ薬局", "機関区分": 5, "都道府県コード": 47, "市区町村コード": 212, "所在地": "沖縄県豊見城市名嘉地２２０－６", "緯度": 26.174225, "経度": 127.663981, "url": "https://www.iryou.teikyouseido.mhlw.go.jp/znk-web/juminkanja/S2430/initialize?prefCd=47&kikanCd=1981&kikanKbn=5", "url2": null, "内容": "てぃみぐ薬局【5:薬局】沖縄県豊見城市名嘉地２２０－６" }, "geometry": { "type": "Point", "coordinates": [ 127.663981, 26.174225 ] } },
{ "type": "Feature", "properties": { "ID": 4751983, "正式名称": "新垣薬局　かねひで店", "機関区分": 5, "都道府県コード": 47, "市区町村コード": 210, "所在地": "沖縄県糸満市兼城", "緯度": 26.141195, "経度": 127.6719, "url": "https://www.iryou.teikyouseido.mhlw.go.jp/znk-web/juminkanja/S2430/initialize?prefCd=47&kikanCd=1983&kikanKbn=5", "url2": null, "内容": "新垣薬局　かねひで店【5:薬局】沖縄県糸満市兼城" }, "geometry": { "type": "Point", "coordinates": [ 127.6719, 26.141195 ] } },
{ "type": "Feature", "properties": { "ID": 4751986, "正式名称": "金城薬局", "機関区分": 5, "都道府県コード": 47, "市区町村コード": 210, "所在地": "沖縄県糸満市字真栄里２０４８－５", "緯度": 26.119528, "経度": 127.669857, "url": "https://www.iryou.teikyouseido.mhlw.go.jp/znk-web/juminkanja/S2430/initialize?prefCd=47&kikanCd=1986&kikanKbn=5", "url2": null, "内容": "金城薬局【5:薬局】沖縄県糸満市字真栄里２０４８－５" }, "geometry": { "type": "Point", "coordinates": [ 127.669857, 26.119528 ] } },
{ "type": "Feature", "properties": { "ID": 4751989, "正式名称": "役場前薬局", "機関区分": 5, "都道府県コード": 47, "市区町村コード": 329, "所在地": "沖縄県中頭郡西原町小橋川１６４－４", "緯度": 26.226161, "経度": 127.76366, "url": "https://www.iryou.teikyouseido.mhlw.go.jp/znk-web/juminkanja/S2430/initialize?prefCd=47&kikanCd=1989&kikanKbn=5", "url2": null, "内容": "役場前薬局【5:薬局】沖縄県中頭郡西原町小橋川１６４－４" }, "geometry": { "type": "Point", "coordinates": [ 127.76366, 26.226161 ] } },
{ "type": "Feature", "properties": { "ID": 4752059, "正式名称": "いは薬局", "機関区分": 5, "都道府県コード": 47, "市区町村コード": 208, "所在地": "沖縄県浦添市城間３丁目１番地１号　又吉アパート１Ｆ", "緯度": 26.255881, "経度": 127.713343, "url": "https://www.iryou.teikyouseido.mhlw.go.jp/znk-web/juminkanja/S2430/initialize?prefCd=47&kikanCd=2059&kikanKbn=5", "url2": null, "内容": "いは薬局【5:薬局】沖縄県浦添市城間３丁目１番地１号　又吉アパート１Ｆ" }, "geometry": { "type": "Point", "coordinates": [ 127.713343, 26.255881 ] } },
{ "type": "Feature", "properties": { "ID": 4752082, "正式名称": "保険薬局プラネット", "機関区分": 5, "都道府県コード": 47, "市区町村コード": 208, "所在地": "沖縄県浦添市牧港２－４５－１", "緯度": 26.264997, "経度": 127.726086, "url": "https://www.iryou.teikyouseido.mhlw.go.jp/znk-web/juminkanja/S2430/initialize?prefCd=47&kikanCd=2082&kikanKbn=5", "url2": "http://lenet-group.jp/", "内容": "保険薬局プラネット【5:薬局】沖縄県浦添市牧港２－４５－１" }, "geometry": { "type": "Point", "coordinates": [ 127.726086, 26.264997 ] } },
{ "type": "Feature", "properties": { "ID": 4752083, "正式名称": "すこやか薬局　牧港店", "機関区分": 5, "都道府県コード": 47, "市区町村コード": 208, "所在地": "沖縄県浦添市牧港４丁目２番１７号　１０１", "緯度": 26.263678, "経度": 127.726857, "url": "https://www.iryou.teikyouseido.mhlw.go.jp/znk-web/juminkanja/S2430/initialize?prefCd=47&kikanCd=2083&kikanKbn=5", "url2": "https://sukoyaka.cc/", "内容": "すこやか薬局　牧港店【5:薬局】沖縄県浦添市牧港４丁目２番１７号　１０１" }, "geometry": { "type": "Point", "coordinates": [ 127.726857, 26.263678 ] } },
{ "type": "Feature", "properties": { "ID": 4752089, "正式名称": "うらそえ虹薬局", "機関区分": 5, "都道府県コード": 47, "市区町村コード": 208, "所在地": "沖縄県浦添市宮城３ー１ー５ー１", "緯度": 26.246104, "経度": 127.707539, "url": "https://www.iryou.teikyouseido.mhlw.go.jp/znk-web/juminkanja/S2430/initialize?prefCd=47&kikanCd=2089&kikanKbn=5", "url2": "http://www.o-kenko.com", "内容": "うらそえ虹薬局【5:薬局】沖縄県浦添市宮城３ー１ー５ー１" }, "geometry": { "type": "Point", "coordinates": [ 127.707539, 26.246104 ] } },
{ "type": "Feature", "properties": { "ID": 4752091, "正式名称": "（株）たいよう薬局", "機関区分": 5, "都道府県コード": 47, "市区町村コード": 361, "所在地": "沖縄県島尻郡久米島町嘉手苅１３６４－１", "緯度": 26.341768, "経度": 126.765293, "url": "https://www.iryou.teikyouseido.mhlw.go.jp/znk-web/juminkanja/S2430/initialize?prefCd=47&kikanCd=2091&kikanKbn=5", "url2": "http://taiyokumejima.com", "内容": "（株）たいよう薬局【5:薬局】沖縄県島尻郡久米島町嘉手苅１３６４－１" }, "geometry": { "type": "Point", "coordinates": [ 126.765293, 26.341768 ] } },
{ "type": "Feature", "properties": { "ID": 4752092, "正式名称": "みね薬局", "機関区分": 5, "都道府県コード": 47, "市区町村コード": 208, "所在地": "沖縄県浦添市伊祖３丁目８番１号　１階", "緯度": 26.256863, "経度": 127.71814, "url": "https://www.iryou.teikyouseido.mhlw.go.jp/znk-web/juminkanja/S2430/initialize?prefCd=47&kikanCd=2092&kikanKbn=5", "url2": "https://mine-com.com/", "内容": "みね薬局【5:薬局】沖縄県浦添市伊祖３丁目８番１号　１階" }, "geometry": { "type": "Point", "coordinates": [ 127.71814, 26.256863 ] } },
{ "type": "Feature", "properties": { "ID": 4752156, "正式名称": "くすみ薬局", "機関区分": 5, "都道府県コード": 47, "市区町村コード": 215, "所在地": "沖縄県南城市大里字平良２５４５－１", "緯度": 26.178046, "経度": 127.747603, "url": "https://www.iryou.teikyouseido.mhlw.go.jp/znk-web/juminkanja/S2430/initialize?prefCd=47&kikanCd=2156&kikanKbn=5", "url2": "https://pharmacy-336.business.site/", "内容": "くすみ薬局【5:薬局】沖縄県南城市大里字平良２５４５－１" }, "geometry": { "type": "Point", "coordinates": [ 127.747603, 26.178046 ] } },
{ "type": "Feature", "properties": { "ID": 4752158, "正式名称": "ほがらか薬局", "機関区分": 5, "都道府県コード": 47, "市区町村コード": 210, "所在地": "沖縄県糸満市阿波根８７３ー１", "緯度": 26.148679, "経度": 127.687609, "url": "https://www.iryou.teikyouseido.mhlw.go.jp/znk-web/juminkanja/S2430/initialize?prefCd=47&kikanCd=2158&kikanKbn=5", "url2": null, "内容": "ほがらか薬局【5:薬局】沖縄県糸満市阿波根８７３ー１" }, "geometry": { "type": "Point", "coordinates": [ 127.687609, 26.148679 ] } },
{ "type": "Feature", "properties": { "ID": 4752171, "正式名称": "ココ薬局", "機関区分": 5, "都道府県コード": 47, "市区町村コード": 207, "所在地": "沖縄県石垣市大川５２８－１荷川取ハイツ１０４", "緯度": 24.348456, "経度": 124.166081, "url": "https://www.iryou.teikyouseido.mhlw.go.jp/znk-web/juminkanja/S2430/initialize?prefCd=47&kikanCd=2171&kikanKbn=5", "url2": "https://kokopharmacy.jimdofree.com/", "内容": "ココ薬局【5:薬局】沖縄県石垣市大川５２８－１荷川取ハイツ１０４" }, "geometry": { "type": "Point", "coordinates": [ 124.166081, 24.348456 ] } },
{ "type": "Feature", "properties": { "ID": 4752225, "正式名称": "たいと薬局", "機関区分": 5, "都道府県コード": 47, "市区町村コード": 214, "所在地": "沖縄県宮古島市平良久貝１０６４－１０－２", "緯度": 24.78945, "経度": 125.280937, "url": "https://www.iryou.teikyouseido.mhlw.go.jp/znk-web/juminkanja/S2430/initialize?prefCd=47&kikanCd=2225&kikanKbn=5", "url2": null, "内容": "たいと薬局【5:薬局】沖縄県宮古島市平良久貝１０６４－１０－２" }, "geometry": { "type": "Point", "coordinates": [ 125.280937, 24.78945 ] } },
{ "type": "Feature", "properties": { "ID": 4752236, "正式名称": "りんご薬局かでな店", "機関区分": 5, "都道府県コード": 47, "市区町村コード": 325, "所在地": "沖縄県中頭郡嘉手納町字屋良１０６２番地の１", "緯度": 26.366971, "経度": 127.772735, "url": "https://www.iryou.teikyouseido.mhlw.go.jp/znk-web/juminkanja/S2430/initialize?prefCd=47&kikanCd=2236&kikanKbn=5", "url2": null, "内容": "りんご薬局かでな店【5:薬局】沖縄県中頭郡嘉手納町字屋良１０６２番地の１" }, "geometry": { "type": "Point", "coordinates": [ 127.772735, 26.366971 ] } },
{ "type": "Feature", "properties": { "ID": 4752279, "正式名称": "すこやか薬局　よみたん店", "機関区分": 5, "都道府県コード": 47, "市区町村コード": 324, "所在地": "沖縄県中頭郡読谷村字都屋１６７番地２の１", "緯度": 26.394375, "経度": 127.725887, "url": "https://www.iryou.teikyouseido.mhlw.go.jp/znk-web/juminkanja/S2430/initialize?prefCd=47&kikanCd=2279&kikanKbn=5", "url2": "https://sukoyaka.cc/", "内容": "すこやか薬局　よみたん店【5:薬局】沖縄県中頭郡読谷村字都屋１６７番地２の１" }, "geometry": { "type": "Point", "coordinates": [ 127.725887, 26.394375 ] } },
{ "type": "Feature", "properties": { "ID": 4752284, "正式名称": "アイン薬局　石垣店", "機関区分": 5, "都道府県コード": 47, "市区町村コード": 207, "所在地": "沖縄県石垣市真栄里１０８－５", "緯度": 24.332539, "経度": 124.171025, "url": "https://www.iryou.teikyouseido.mhlw.go.jp/znk-web/juminkanja/S2430/initialize?prefCd=47&kikanCd=2284&kikanKbn=5", "url2": "http://www.ainj.co.jp/", "内容": "アイン薬局　石垣店【5:薬局】沖縄県石垣市真栄里１０８－５" }, "geometry": { "type": "Point", "coordinates": [ 124.171025, 24.332539 ] } },
{ "type": "Feature", "properties": { "ID": 4752306, "正式名称": "ひまわり薬局上地店", "機関区分": 5, "都道府県コード": 47, "市区町村コード": 211, "所在地": "沖縄県沖縄市上地２－１２－１６", "緯度": 26.331672, "経度": 127.796581, "url": "https://www.iryou.teikyouseido.mhlw.go.jp/znk-web/juminkanja/S2430/initialize?prefCd=47&kikanCd=2306&kikanKbn=5", "url2": null, "内容": "ひまわり薬局上地店【5:薬局】沖縄県沖縄市上地２－１２－１６" }, "geometry": { "type": "Point", "coordinates": [ 127.796581, 26.331672 ] } },
{ "type": "Feature", "properties": { "ID": 4752337, "正式名称": "にしばる薬局", "機関区分": 5, "都道府県コード": 47, "市区町村コード": 329, "所在地": "沖縄県中頭郡西原町内間５０８－１", "緯度": 26.236827, "経度": 127.771562, "url": "https://www.iryou.teikyouseido.mhlw.go.jp/znk-web/juminkanja/S2430/initialize?prefCd=47&kikanCd=2337&kikanKbn=5", "url2": "https://www.g-p.or.jp", "内容": "にしばる薬局【5:薬局】沖縄県中頭郡西原町内間５０８－１" }, "geometry": { "type": "Point", "coordinates": [ 127.771562, 26.236827 ] } },
{ "type": "Feature", "properties": { "ID": 4752347, "正式名称": "すこやか薬局　泡瀬東店", "機関区分": 5, "都道府県コード": 47, "市区町村コード": 211, "所在地": "沖縄県沖縄市泡瀬２丁目５４番４号", "緯度": 26.316839, "経度": 127.836948, "url": "https://www.iryou.teikyouseido.mhlw.go.jp/znk-web/juminkanja/S2430/initialize?prefCd=47&kikanCd=2347&kikanKbn=5", "url2": "https://sukoyaka.cc/", "内容": "すこやか薬局　泡瀬東店【5:薬局】沖縄県沖縄市泡瀬２丁目５４番４号" }, "geometry": { "type": "Point", "coordinates": [ 127.836948, 26.316839 ] } },
{ "type": "Feature", "properties": { "ID": 4752395, "正式名称": "あにも調剤薬局", "機関区分": 5, "都道府県コード": 47, "市区町村コード": 362, "所在地": "沖縄県島尻郡八重瀬町伊覇６５－２４", "緯度": 26.159161, "経度": 127.721739, "url": "https://www.iryou.teikyouseido.mhlw.go.jp/znk-web/juminkanja/S2430/initialize?prefCd=47&kikanCd=2395&kikanKbn=5", "url2": "http://cp.town-nets.jp/491/index.html", "内容": "あにも調剤薬局【5:薬局】沖縄県島尻郡八重瀬町伊覇６５－２４" }, "geometry": { "type": "Point", "coordinates": [ 127.721739, 26.159161 ] } },
{ "type": "Feature", "properties": { "ID": 4752408, "正式名称": "株式会社たいよう薬局　東店", "機関区分": 5, "都道府県コード": 47, "市区町村コード": 361, "所在地": "沖縄県島尻郡久米島町真我里７５の８", "緯度": 26.334045, "経度": 126.795876, "url": "https://www.iryou.teikyouseido.mhlw.go.jp/znk-web/juminkanja/S2430/initialize?prefCd=47&kikanCd=2408&kikanKbn=5", "url2": "https://kumejima-taiyou.com/", "内容": "株式会社たいよう薬局　東店【5:薬局】沖縄県島尻郡久米島町真我里７５の８" }, "geometry": { "type": "Point", "coordinates": [ 126.795876, 26.334045 ] } },
{ "type": "Feature", "properties": { "ID": 4752409, "正式名称": "ルーナ薬局", "機関区分": 5, "都道府県コード": 47, "市区町村コード": 208, "所在地": "沖縄県浦添市経塚６７６－１", "緯度": 26.237782, "経度": 127.724486, "url": "https://www.iryou.teikyouseido.mhlw.go.jp/znk-web/juminkanja/S2430/initialize?prefCd=47&kikanCd=2409&kikanKbn=5", "url2": "https://www.lemon-luna.com/", "内容": "ルーナ薬局【5:薬局】沖縄県浦添市経塚６７６－１" }, "geometry": { "type": "Point", "coordinates": [ 127.724486, 26.237782 ] } },
{ "type": "Feature", "properties": { "ID": 4752414, "正式名称": "りんご調剤薬局　うるま店", "機関区分": 5, "都道府県コード": 47, "市区町村コード": 213, "所在地": "沖縄県うるま市宮里２６４－９－１Ｆ", "緯度": 26.355964, "経度": 127.834958, "url": "https://www.iryou.teikyouseido.mhlw.go.jp/znk-web/juminkanja/S2430/initialize?prefCd=47&kikanCd=2414&kikanKbn=5", "url2": "https://www.ringo-chozai.jp/entry2.php?eid=44933", "内容": "りんご調剤薬局　うるま店【5:薬局】沖縄県うるま市宮里２６４－９－１Ｆ" }, "geometry": { "type": "Point", "coordinates": [ 127.834958, 26.355964 ] } },
{ "type": "Feature", "properties": { "ID": 4752415, "正式名称": "長浜調剤薬局", "機関区分": 5, "都道府県コード": 47, "市区町村コード": 324, "所在地": "沖縄県中頭郡読谷村長浜１５３２－５", "緯度": 26.417094, "経度": 127.731253, "url": "https://www.iryou.teikyouseido.mhlw.go.jp/znk-web/juminkanja/S2430/initialize?prefCd=47&kikanCd=2415&kikanKbn=5", "url2": null, "内容": "長浜調剤薬局【5:薬局】沖縄県中頭郡読谷村長浜１５３２－５" }, "geometry": { "type": "Point", "coordinates": [ 127.731253, 26.417094 ] } },
{ "type": "Feature", "properties": { "ID": 4752423, "正式名称": "オリーブ薬局　病院前店", "機関区分": 5, "都道府県コード": 47, "市区町村コード": 214, "所在地": "沖縄県宮古島市平良下里４９５－３", "緯度": 24.799629, "経度": 125.277642, "url": "https://www.iryou.teikyouseido.mhlw.go.jp/znk-web/juminkanja/S2430/initialize?prefCd=47&kikanCd=2423&kikanKbn=5", "url2": null, "内容": "オリーブ薬局　病院前店【5:薬局】沖縄県宮古島市平良下里４９５－３" }, "geometry": { "type": "Point", "coordinates": [ 125.277642, 24.799629 ] } },
{ "type": "Feature", "properties": { "ID": 4752424, "正式名称": "すこやか薬局　あげだ店", "機関区分": 5, "都道府県コード": 47, "市区町村コード": 211, "所在地": "沖縄県沖縄市安慶田３丁目１１の３３番地　中頭商事ビル１０３号室", "緯度": 26.329944, "経度": 127.812274, "url": "https://www.iryou.teikyouseido.mhlw.go.jp/znk-web/juminkanja/S2430/initialize?prefCd=47&kikanCd=2424&kikanKbn=5", "url2": "https://sukoyaka.cc/", "内容": "すこやか薬局　あげだ店【5:薬局】沖縄県沖縄市安慶田３丁目１１の３３番地　中頭商事ビル１０３号室" }, "geometry": { "type": "Point", "coordinates": [ 127.812274, 26.329944 ] } },
{ "type": "Feature", "properties": { "ID": 4752425, "正式名称": "ミント薬局　松原店", "機関区分": 5, "都道府県コード": 47, "市区町村コード": 214, "所在地": "沖縄県宮古島市平良下里１５７８－８", "緯度": 24.787489, "経度": 125.282, "url": "https://www.iryou.teikyouseido.mhlw.go.jp/znk-web/juminkanja/S2430/initialize?prefCd=47&kikanCd=2425&kikanKbn=5", "url2": null, "内容": "ミント薬局　松原店【5:薬局】沖縄県宮古島市平良下里１５７８－８" }, "geometry": { "type": "Point", "coordinates": [ 125.282, 24.787489 ] } },
{ "type": "Feature", "properties": { "ID": 4752426, "正式名称": "はくあい薬局", "機関区分": 5, "都道府県コード": 47, "市区町村コード": 215, "所在地": "沖縄県南城市佐敷津波古２３１０－２", "緯度": 26.186443, "経度": 127.775715, "url": "https://www.iryou.teikyouseido.mhlw.go.jp/znk-web/juminkanja/S2430/initialize?prefCd=47&kikanCd=2426&kikanKbn=5", "url2": null, "内容": "はくあい薬局【5:薬局】沖縄県南城市佐敷津波古２３１０－２" }, "geometry": { "type": "Point", "coordinates": [ 127.775715, 26.186443 ] } },
{ "type": "Feature", "properties": { "ID": 4752428, "正式名称": "りんご薬局　古謝店", "機関区分": 5, "都道府県コード": 47, "市区町村コード": 211, "所在地": "沖縄県沖縄市古謝２－２１－２８", "緯度": 26.334205, "経度": 127.83389, "url": "https://www.iryou.teikyouseido.mhlw.go.jp/znk-web/juminkanja/S2430/initialize?prefCd=47&kikanCd=2428&kikanKbn=5", "url2": null, "内容": "りんご薬局　古謝店【5:薬局】沖縄県沖縄市古謝２－２１－２８" }, "geometry": { "type": "Point", "coordinates": [ 127.83389, 26.334205 ] } },
{ "type": "Feature", "properties": { "ID": 4752436, "正式名称": "すこやか薬局　かけぼく店", "機関区分": 5, "都道府県コード": 47, "市区町村コード": 329, "所在地": "沖縄県中頭郡西原町字掛保久２８７番地", "緯度": 26.236585, "経度": 127.771945, "url": "https://www.iryou.teikyouseido.mhlw.go.jp/znk-web/juminkanja/S2430/initialize?prefCd=47&kikanCd=2436&kikanKbn=5", "url2": "https://sukoyaka.cc/", "内容": "すこやか薬局　かけぼく店【5:薬局】沖縄県中頭郡西原町字掛保久２８７番地" }, "geometry": { "type": "Point", "coordinates": [ 127.771945, 26.236585 ] } },
{ "type": "Feature", "properties": { "ID": 4752470, "正式名称": "りんご調剤薬局　糸満店", "機関区分": 5, "都道府県コード": 47, "市区町村コード": 210, "所在地": "沖縄県糸満市大度５１５－１", "緯度": 26.097358, "経度": 127.707469, "url": "https://www.iryou.teikyouseido.mhlw.go.jp/znk-web/juminkanja/S2430/initialize?prefCd=47&kikanCd=2470&kikanKbn=5", "url2": "https://www.ringo-chozai.jp", "内容": "りんご調剤薬局　糸満店【5:薬局】沖縄県糸満市大度５１５－１" }, "geometry": { "type": "Point", "coordinates": [ 127.707469, 26.097358 ] } },
{ "type": "Feature", "properties": { "ID": 4752492, "正式名称": "りんご薬局　広栄店", "機関区分": 5, "都道府県コード": 47, "市区町村コード": 208, "所在地": "沖縄県浦添市西原１－９－８", "緯度": 26.252358, "経度": 127.744769, "url": "https://www.iryou.teikyouseido.mhlw.go.jp/znk-web/juminkanja/S2430/initialize?prefCd=47&kikanCd=2492&kikanKbn=5", "url2": "http://ringo-chozai.jp/about/", "内容": "りんご薬局　広栄店【5:薬局】沖縄県浦添市西原１－９－８" }, "geometry": { "type": "Point", "coordinates": [ 127.744769, 26.252358 ] } },
{ "type": "Feature", "properties": { "ID": 4752494, "正式名称": "そうごう薬局浦添当山店", "機関区分": 5, "都道府県コード": 47, "市区町村コード": 208, "所在地": "沖縄県浦添市当山", "緯度": 26.253778, "経度": 127.736314, "url": "https://www.iryou.teikyouseido.mhlw.go.jp/znk-web/juminkanja/S2430/initialize?prefCd=47&kikanCd=2494&kikanKbn=5", "url2": null, "内容": "そうごう薬局浦添当山店【5:薬局】沖縄県浦添市当山" }, "geometry": { "type": "Point", "coordinates": [ 127.736314, 26.253778 ] } },
{ "type": "Feature", "properties": { "ID": 4752514, "正式名称": "ハープ薬局やふそ店", "機関区分": 5, "都道府県コード": 47, "市区町村コード": 208, "所在地": "沖縄県浦添市屋富祖３丁目３４番２号　メディカルプラザたろう１階", "緯度": 26.252115, "経度": 127.704179, "url": "https://www.iryou.teikyouseido.mhlw.go.jp/znk-web/juminkanja/S2430/initialize?prefCd=47&kikanCd=2514&kikanKbn=5", "url2": "https://www.harp-pharmacy.com/", "内容": "ハープ薬局やふそ店【5:薬局】沖縄県浦添市屋富祖３丁目３４番２号　メディカルプラザたろう１階" }, "geometry": { "type": "Point", "coordinates": [ 127.704179, 26.252115 ] } },
{ "type": "Feature", "properties": { "ID": 4752520, "正式名称": "そうごう薬局　豊見城店", "機関区分": 5, "都道府県コード": 47, "市区町村コード": 212, "所在地": "沖縄県豊見城市高嶺３９５－１０３", "緯度": 26.167416, "経度": 127.696664, "url": "https://www.iryou.teikyouseido.mhlw.go.jp/znk-web/juminkanja/S2430/initialize?prefCd=47&kikanCd=2520&kikanKbn=5", "url2": null, "内容": "そうごう薬局　豊見城店【5:薬局】沖縄県豊見城市高嶺３９５－１０３" }, "geometry": { "type": "Point", "coordinates": [ 127.696664, 26.167416 ] } },
{ "type": "Feature", "properties": { "ID": 4752535, "正式名称": "すこやか薬局　喜屋武店", "機関区分": 5, "都道府県コード": 47, "市区町村コード": 213, "所在地": "沖縄県うるま市喜屋武５４６－１", "緯度": 26.360165, "経度": 127.843528, "url": "https://www.iryou.teikyouseido.mhlw.go.jp/znk-web/juminkanja/S2430/initialize?prefCd=47&kikanCd=2535&kikanKbn=5", "url2": "https://sukoyaka.cc/", "内容": "すこやか薬局　喜屋武店【5:薬局】沖縄県うるま市喜屋武５４６－１" }, "geometry": { "type": "Point", "coordinates": [ 127.843528, 26.360165 ] } },
{ "type": "Feature", "properties": { "ID": 4752549, "正式名称": "ドラッグイレブン薬局　読谷店", "機関区分": 5, "都道府県コード": 47, "市区町村コード": 324, "所在地": "沖縄県中頭郡読谷村古堅７４０", "緯度": 26.367825, "経度": 127.744944, "url": "https://www.iryou.teikyouseido.mhlw.go.jp/znk-web/juminkanja/S2430/initialize?prefCd=47&kikanCd=2549&kikanKbn=5", "url2": "https://shop.tsuruha-g.com/4753", "内容": "ドラッグイレブン薬局　読谷店【5:薬局】沖縄県中頭郡読谷村古堅７４０" }, "geometry": { "type": "Point", "coordinates": [ 127.744944, 26.367825 ] } },
{ "type": "Feature", "properties": { "ID": 4752555, "正式名称": "イオン薬局　ライカム店", "機関区分": 5, "都道府県コード": 47, "市区町村コード": 327, "所在地": "沖縄県中頭郡北中城村字ライカム１番地", "緯度": 26.272598, "経度": 127.73037, "url": "https://www.iryou.teikyouseido.mhlw.go.jp/znk-web/juminkanja/S2430/initialize?prefCd=47&kikanCd=2555&kikanKbn=5", "url2": "https://www.aeon-ryukyu.jp/shopping/pharmacy_lp/", "内容": "イオン薬局　ライカム店【5:薬局】沖縄県中頭郡北中城村字ライカム１番地" }, "geometry": { "type": "Point", "coordinates": [ 127.73037, 26.272598 ] } },
{ "type": "Feature", "properties": { "ID": 4752556, "正式名称": "りんご調剤薬局　東風平店", "機関区分": 5, "都道府県コード": 47, "市区町村コード": 362, "所在地": "沖縄県島尻郡八重瀬町東風平１２０９―１６", "緯度": 26.156458, "経度": 127.71915, "url": "https://www.iryou.teikyouseido.mhlw.go.jp/znk-web/juminkanja/S2430/initialize?prefCd=47&kikanCd=2556&kikanKbn=5", "url2": "http://ringo-chozai.jp/", "内容": "りんご調剤薬局　東風平店【5:薬局】沖縄県島尻郡八重瀬町東風平１２０９―１６" }, "geometry": { "type": "Point", "coordinates": [ 127.71915, 26.156458 ] } },
{ "type": "Feature", "properties": { "ID": 4752567, "正式名称": "ハイジア薬局", "機関区分": 5, "都道府県コード": 47, "市区町村コード": 329, "所在地": "沖縄県中頭郡西原町我謝７８６－１１", "緯度": 26.213106, "経度": 127.761244, "url": "https://www.iryou.teikyouseido.mhlw.go.jp/znk-web/juminkanja/S2430/initialize?prefCd=47&kikanCd=2567&kikanKbn=5", "url2": null, "内容": "ハイジア薬局【5:薬局】沖縄県中頭郡西原町我謝７８６－１１" }, "geometry": { "type": "Point", "coordinates": [ 127.761244, 26.213106 ] } },
{ "type": "Feature", "properties": { "ID": 4752568, "正式名称": "ハープ薬局とみしろ店", "機関区分": 5, "都道府県コード": 47, "市区町村コード": 212, "所在地": "沖縄県豊見城市上田１－１", "緯度": 26.135269, "経度": 127.664128, "url": "https://www.iryou.teikyouseido.mhlw.go.jp/znk-web/juminkanja/S2430/initialize?prefCd=47&kikanCd=2568&kikanKbn=5", "url2": null, "内容": "ハープ薬局とみしろ店【5:薬局】沖縄県豊見城市上田１－１" }, "geometry": { "type": "Point", "coordinates": [ 127.664128, 26.135269 ] } },
{ "type": "Feature", "properties": { "ID": 4752576, "正式名称": "すこやか薬局　伊平店", "機関区分": 5, "都道府県コード": 47, "市区町村コード": 326, "所在地": "沖縄県中頭郡北谷町伊平二丁目２番１０号", "緯度": 26.321595, "経度": 127.759593, "url": "https://www.iryou.teikyouseido.mhlw.go.jp/znk-web/juminkanja/S2430/initialize?prefCd=47&kikanCd=2576&kikanKbn=5", "url2": "https://sukoyaka.cc/", "内容": "すこやか薬局　伊平店【5:薬局】沖縄県中頭郡北谷町伊平二丁目２番１０号" }, "geometry": { "type": "Point", "coordinates": [ 127.759593, 26.321595 ] } },
{ "type": "Feature", "properties": { "ID": 4752579, "正式名称": "幸地薬局　新川店", "機関区分": 5, "都道府県コード": 47, "市区町村コード": 207, "所在地": "沖縄県石垣市新川１２７", "緯度": 24.348881, "経度": 124.150153, "url": "https://www.iryou.teikyouseido.mhlw.go.jp/znk-web/juminkanja/S2430/initialize?prefCd=47&kikanCd=2579&kikanKbn=5", "url2": null, "内容": "幸地薬局　新川店【5:薬局】沖縄県石垣市新川１２７" }, "geometry": { "type": "Point", "coordinates": [ 124.150153, 24.348881 ] } },
{ "type": "Feature", "properties": { "ID": 4752582, "正式名称": "フロンティア薬局　与儀店", "機関区分": 5, "都道府県コード": 47, "市区町村コード": 211, "所在地": "沖縄県沖縄市与儀", "緯度": 26.309343, "経度": 127.8147, "url": "https://www.iryou.teikyouseido.mhlw.go.jp/znk-web/juminkanja/S2430/initialize?prefCd=47&kikanCd=2582&kikanKbn=5", "url2": "https://frontier-yui.com", "内容": "フロンティア薬局　与儀店【5:薬局】沖縄県沖縄市与儀" }, "geometry": { "type": "Point", "coordinates": [ 127.8147, 26.309343 ] } },
{ "type": "Feature", "properties": { "ID": 4752603, "正式名称": "ふくぎ薬局", "機関区分": 5, "都道府県コード": 47, "市区町村コード": 208, "所在地": "沖縄県浦添市城間４－３－８", "緯度": 26.256689, "経度": 127.717772, "url": "https://www.iryou.teikyouseido.mhlw.go.jp/znk-web/juminkanja/S2430/initialize?prefCd=47&kikanCd=2603&kikanKbn=5", "url2": null, "内容": "ふくぎ薬局【5:薬局】沖縄県浦添市城間４－３－８" }, "geometry": { "type": "Point", "coordinates": [ 127.717772, 26.256689 ] } },
{ "type": "Feature", "properties": { "ID": 4752615, "正式名称": "薬局　えぱーわーな～", "機関区分": 5, "都道府県コード": 47, "市区町村コード": 210, "所在地": "沖縄県糸満市座波１８２２－８", "緯度": 26.147598, "経度": 127.694005, "url": "https://www.iryou.teikyouseido.mhlw.go.jp/znk-web/juminkanja/S2430/initialize?prefCd=47&kikanCd=2615&kikanKbn=5", "url2": "http://www.eparwharnar.com/", "内容": "薬局　えぱーわーな～【5:薬局】沖縄県糸満市座波１８２２－８" }, "geometry": { "type": "Point", "coordinates": [ 127.694005, 26.147598 ] } },
{ "type": "Feature", "properties": { "ID": 4752617, "正式名称": "りんご調剤薬局　西原東店", "機関区分": 5, "都道府県コード": 47, "市区町村コード": 329, "所在地": "沖縄県中頭郡西原町内間３９１", "緯度": 26.231117, "経度": 127.768986, "url": "https://www.iryou.teikyouseido.mhlw.go.jp/znk-web/juminkanja/S2430/initialize?prefCd=47&kikanCd=2617&kikanKbn=5", "url2": null, "内容": "りんご調剤薬局　西原東店【5:薬局】沖縄県中頭郡西原町内間３９１" }, "geometry": { "type": "Point", "coordinates": [ 127.768986, 26.231117 ] } },
{ "type": "Feature", "properties": { "ID": 4752618, "正式名称": "ぴぃぷる薬局　経塚店", "機関区分": 5, "都道府県コード": 47, "市区町村コード": 208, "所在地": "沖縄県浦添市経塚３７３－１", "緯度": 26.234998, "経度": 127.725048, "url": "https://www.iryou.teikyouseido.mhlw.go.jp/znk-web/juminkanja/S2430/initialize?prefCd=47&kikanCd=2618&kikanKbn=5", "url2": "https://www.qol-net.co.jp/pharmacy/map/detail.php?id=655", "内容": "ぴぃぷる薬局　経塚店【5:薬局】沖縄県浦添市経塚３７３－１" }, "geometry": { "type": "Point", "coordinates": [ 127.725048, 26.234998 ] } },
{ "type": "Feature", "properties": { "ID": 4752653, "正式名称": "ｏｎｅハート南風原薬局", "機関区分": 5, "都道府県コード": 47, "市区町村コード": 350, "所在地": "沖縄県島尻郡南風原町照屋３６２", "緯度": 26.185682, "経度": 127.727346, "url": "https://www.iryou.teikyouseido.mhlw.go.jp/znk-web/juminkanja/S2430/initialize?prefCd=47&kikanCd=2653&kikanKbn=5", "url2": "https://www.sebunnsuyakkyoku.com/haebaru/", "内容": "ｏｎｅハート南風原薬局【5:薬局】沖縄県島尻郡南風原町照屋３６２" }, "geometry": { "type": "Point", "coordinates": [ 127.727346, 26.185682 ] } },
{ "type": "Feature", "properties": { "ID": 4752655, "正式名称": "あい薬局　ライカム店", "機関区分": 5, "都道府県コード": 47, "市区町村コード": 327, "所在地": "沖縄県中頭郡北中城村比嘉５９５番地　ｔ＋ｒｕｎｗａｙ１０１号室", "緯度": 26.317557, "経度": 127.796319, "url": "https://www.iryou.teikyouseido.mhlw.go.jp/znk-web/juminkanja/S2430/initialize?prefCd=47&kikanCd=2655&kikanKbn=5", "url2": "https://www.ai-yakkyoku.net/", "内容": "あい薬局　ライカム店【5:薬局】沖縄県中頭郡北中城村比嘉５９５番地　ｔ＋ｒｕｎｗａｙ１０１号室" }, "geometry": { "type": "Point", "coordinates": [ 127.796319, 26.317557 ] } },
{ "type": "Feature", "properties": { "ID": 4752656, "正式名称": "すこやか薬局　ライカム店", "機関区分": 5, "都道府県コード": 47, "市区町村コード": 327, "所在地": "沖縄県中頭郡北中城村字比嘉４９４番地１", "緯度": 26.317694, "経度": 127.797084, "url": "https://www.iryou.teikyouseido.mhlw.go.jp/znk-web/juminkanja/S2430/initialize?prefCd=47&kikanCd=2656&kikanKbn=5", "url2": "https://sukoyaka.cc/", "内容": "すこやか薬局　ライカム店【5:薬局】沖縄県中頭郡北中城村字比嘉４９４番地１" }, "geometry": { "type": "Point", "coordinates": [ 127.797084, 26.317694 ] } },
{ "type": "Feature", "properties": { "ID": 4752662, "正式名称": "日本調剤中部薬局", "機関区分": 5, "都道府県コード": 47, "市区町村コード": 327, "所在地": "沖縄県中頭郡北中城村比嘉５９５－３　丸清アパート１階　１０２", "緯度": 26.317557, "経度": 127.796319, "url": "https://www.iryou.teikyouseido.mhlw.go.jp/znk-web/juminkanja/S2430/initialize?prefCd=47&kikanCd=2662&kikanKbn=5", "url2": "https://www.nicho.co.jp/tenpo/tyubu/", "内容": "日本調剤中部薬局【5:薬局】沖縄県中頭郡北中城村比嘉５９５－３　丸清アパート１階　１０２" }, "geometry": { "type": "Point", "coordinates": [ 127.796319, 26.317557 ] } },
{ "type": "Feature", "properties": { "ID": 4752704, "正式名称": "くはら薬局", "機関区分": 5, "都道府県コード": 47, "市区町村コード": 215, "所在地": "沖縄県南城市知念久原６９３　くはら薬局", "緯度": 26.187207, "経度": 127.807029, "url": "https://www.iryou.teikyouseido.mhlw.go.jp/znk-web/juminkanja/S2430/initialize?prefCd=47&kikanCd=2704&kikanKbn=5", "url2": "http://www.e-classa.net/kuharaph/", "内容": "くはら薬局【5:薬局】沖縄県南城市知念久原６９３　くはら薬局" }, "geometry": { "type": "Point", "coordinates": [ 127.807029, 26.187207 ] } },
{ "type": "Feature", "properties": { "ID": 4752705, "正式名称": "すこやか薬局　外間店", "機関区分": 5, "都道府県コード": 47, "市区町村コード": 362, "所在地": "沖縄県島尻郡八重瀬町字外間１５７番地１", "緯度": 26.178807, "経度": 127.715132, "url": "https://www.iryou.teikyouseido.mhlw.go.jp/znk-web/juminkanja/S2430/initialize?prefCd=47&kikanCd=2705&kikanKbn=5", "url2": "https://sukoyaka.cc/", "内容": "すこやか薬局　外間店【5:薬局】沖縄県島尻郡八重瀬町字外間１５７番地１" }, "geometry": { "type": "Point", "coordinates": [ 127.715132, 26.178807 ] } },
{ "type": "Feature", "properties": { "ID": 4752712, "正式名称": "はくあい薬局", "機関区分": 5, "都道府県コード": 47, "市区町村コード": 214, "所在地": "沖縄県宮古島市上野宮国７４６－１７", "緯度": 24.718131, "経度": 125.320231, "url": "https://www.iryou.teikyouseido.mhlw.go.jp/znk-web/juminkanja/S2430/initialize?prefCd=47&kikanCd=2712&kikanKbn=5", "url2": null, "内容": "はくあい薬局【5:薬局】沖縄県宮古島市上野宮国７４６－１７" }, "geometry": { "type": "Point", "coordinates": [ 125.320231, 24.718131 ] } },
{ "type": "Feature", "properties": { "ID": 4752714, "正式名称": "合同会社神山薬局名護", "機関区分": 5, "都道府県コード": 47, "市区町村コード": 209, "所在地": "沖縄県名護市大東１－１－８", "緯度": 26.588047, "経度": 127.985585, "url": "https://www.iryou.teikyouseido.mhlw.go.jp/znk-web/juminkanja/S2430/initialize?prefCd=47&kikanCd=2714&kikanKbn=5", "url2": null, "内容": "合同会社神山薬局名護【5:薬局】沖縄県名護市大東１－１－８" }, "geometry": { "type": "Point", "coordinates": [ 127.985585, 26.588047 ] } },
{ "type": "Feature", "properties": { "ID": 4752736, "正式名称": "メルシー薬局　かねぐすく", "機関区分": 5, "都道府県コード": 47, "市区町村コード": 350, "所在地": "沖縄県島尻郡南風原町兼城６５６－３", "緯度": 26.194074, "経度": 127.726197, "url": "https://www.iryou.teikyouseido.mhlw.go.jp/znk-web/juminkanja/S2430/initialize?prefCd=47&kikanCd=2736&kikanKbn=5", "url2": "https://www.g-p.or.jp", "内容": "メルシー薬局　かねぐすく【5:薬局】沖縄県島尻郡南風原町兼城６５６－３" }, "geometry": { "type": "Point", "coordinates": [ 127.726197, 26.194074 ] } },
{ "type": "Feature", "properties": { "ID": 4752741, "正式名称": "経塚薬局", "機関区分": 5, "都道府県コード": 47, "市区町村コード": 208, "所在地": "沖縄県浦添市経塚５７６－２", "緯度": 26.233864, "経度": 127.720472, "url": "https://www.iryou.teikyouseido.mhlw.go.jp/znk-web/juminkanja/S2430/initialize?prefCd=47&kikanCd=2741&kikanKbn=5", "url2": "http://omp1992.jp/", "内容": "経塚薬局【5:薬局】沖縄県浦添市経塚５７６－２" }, "geometry": { "type": "Point", "coordinates": [ 127.720472, 26.233864 ] } },
{ "type": "Feature", "properties": { "ID": 4752743, "正式名称": "アイン薬局　登川店", "機関区分": 5, "都道府県コード": 47, "市区町村コード": 211, "所在地": "沖縄県沖縄市登川５９７－１", "緯度": 26.366796, "経度": 127.824767, "url": "https://www.iryou.teikyouseido.mhlw.go.jp/znk-web/juminkanja/S2430/initialize?prefCd=47&kikanCd=2743&kikanKbn=5", "url2": "http://www.ainj.co.jp", "内容": "アイン薬局　登川店【5:薬局】沖縄県沖縄市登川５９７－１" }, "geometry": { "type": "Point", "coordinates": [ 127.824767, 26.366796 ] } },
{ "type": "Feature", "properties": { "ID": 4752753, "正式名称": "りんご薬局　新川店", "機関区分": 5, "都道府県コード": 47, "市区町村コード": 350, "所在地": "沖縄県島尻郡南風原町新川２１７－４－１Ｆ", "緯度": 26.250547, "経度": 127.750197, "url": "https://www.iryou.teikyouseido.mhlw.go.jp/znk-web/juminkanja/S2430/initialize?prefCd=47&kikanCd=2753&kikanKbn=5", "url2": "https://www.ringo-chozai.jp/", "内容": "りんご薬局　新川店【5:薬局】沖縄県島尻郡南風原町新川２１７－４－１Ｆ" }, "geometry": { "type": "Point", "coordinates": [ 127.750197, 26.250547 ] } },
{ "type": "Feature", "properties": { "ID": 4752757, "正式名称": "いけむら薬局", "機関区分": 5, "都道府県コード": 47, "市区町村コード": 214, "所在地": "沖縄県宮古島市平良東仲宗根１８４", "緯度": 24.804553, "経度": 125.285958, "url": "https://www.iryou.teikyouseido.mhlw.go.jp/znk-web/juminkanja/S2430/initialize?prefCd=47&kikanCd=2757&kikanKbn=5", "url2": "http://www.ainj.co.jp/", "内容": "いけむら薬局【5:薬局】沖縄県宮古島市平良東仲宗根１８４" }, "geometry": { "type": "Point", "coordinates": [ 125.285958, 24.804553 ] } },
{ "type": "Feature", "properties": { "ID": 4752764, "正式名称": "アイン薬局　コンベンションシティ", "機関区分": 5, "都道府県コード": 47, "市区町村コード": 205, "所在地": "沖縄県宜野湾市真志喜２丁目２１番１０号", "緯度": 26.276757, "経度": 127.73724, "url": "https://www.iryou.teikyouseido.mhlw.go.jp/znk-web/juminkanja/S2430/initialize?prefCd=47&kikanCd=2764&kikanKbn=5", "url2": null, "内容": "アイン薬局　コンベンションシティ【5:薬局】沖縄県宜野湾市真志喜２丁目２１番１０号" }, "geometry": { "type": "Point", "coordinates": [ 127.73724, 26.276757 ] } },
{ "type": "Feature", "properties": { "ID": 4752770, "正式名称": "てまり中城薬局", "機関区分": 5, "都道府県コード": 47, "市区町村コード": 328, "所在地": "沖縄県中頭郡中城村久場", "緯度": 26.284168, "経度": 127.815047, "url": "https://www.iryou.teikyouseido.mhlw.go.jp/znk-web/juminkanja/S2430/initialize?prefCd=47&kikanCd=2770&kikanKbn=5", "url2": "https://spatel.co.jp/", "内容": "てまり中城薬局【5:薬局】沖縄県中頭郡中城村久場" }, "geometry": { "type": "Point", "coordinates": [ 127.815047, 26.284168 ] } },
{ "type": "Feature", "properties": { "ID": 4752771, "正式名称": "ハープ薬局　やえせ店", "機関区分": 5, "都道府県コード": 47, "市区町村コード": 362, "所在地": "沖縄県島尻郡八重瀬町伊覇５４番地３　１Ｆー２", "緯度": 26.157939, "経度": 127.719867, "url": "https://www.iryou.teikyouseido.mhlw.go.jp/znk-web/juminkanja/S2430/initialize?prefCd=47&kikanCd=2771&kikanKbn=5", "url2": null, "内容": "ハープ薬局　やえせ店【5:薬局】沖縄県島尻郡八重瀬町伊覇５４番地３　１Ｆー２" }, "geometry": { "type": "Point", "coordinates": [ 127.719867, 26.157939 ] } },
{ "type": "Feature", "properties": { "ID": 4752776, "正式名称": "あなたのかかりつけ薬局", "機関区分": 5, "都道府県コード": 47, "市区町村コード": 211, "所在地": "沖縄県沖縄市東２丁目２５番３号", "緯度": 26.346047, "経度": 127.825545, "url": "https://www.iryou.teikyouseido.mhlw.go.jp/znk-web/juminkanja/S2430/initialize?prefCd=47&kikanCd=2776&kikanKbn=5", "url2": "https://anatano.co.jp/", "内容": "あなたのかかりつけ薬局【5:薬局】沖縄県沖縄市東２丁目２５番３号" }, "geometry": { "type": "Point", "coordinates": [ 127.825545, 26.346047 ] } },
{ "type": "Feature", "properties": { "ID": 4752785, "正式名称": "みさと虹薬局", "機関区分": 5, "都道府県コード": 47, "市区町村コード": 211, "所在地": "沖縄県沖縄市美里１ー２８ー１１", "緯度": 26.342517, "経度": 127.817417, "url": "https://www.iryou.teikyouseido.mhlw.go.jp/znk-web/juminkanja/S2430/initialize?prefCd=47&kikanCd=2785&kikanKbn=5", "url2": "http://www.o-kenko.com", "内容": "みさと虹薬局【5:薬局】沖縄県沖縄市美里１ー２８ー１１" }, "geometry": { "type": "Point", "coordinates": [ 127.817417, 26.342517 ] } },
{ "type": "Feature", "properties": { "ID": 4752788, "正式名称": "なみひら薬局", "機関区分": 5, "都道府県コード": 47, "市区町村コード": 324, "所在地": "沖縄県中頭郡読谷村波平２６０－１", "緯度": 26.405576, "経度": 127.730288, "url": "https://www.iryou.teikyouseido.mhlw.go.jp/znk-web/juminkanja/S2430/initialize?prefCd=47&kikanCd=2788&kikanKbn=5", "url2": "http://www.chikugo.co.jp/pharmacy_list/okinawa/229/", "内容": "なみひら薬局【5:薬局】沖縄県中頭郡読谷村波平２６０－１" }, "geometry": { "type": "Point", "coordinates": [ 127.730288, 26.405576 ] } },
{ "type": "Feature", "properties": { "ID": 4752791, "正式名称": "すこやか薬局　与勝店", "機関区分": 5, "都道府県コード": 47, "市区町村コード": 213, "所在地": "沖縄県うるま市勝連南風原３５７７－１", "緯度": 26.327015, "経度": 127.882837, "url": "https://www.iryou.teikyouseido.mhlw.go.jp/znk-web/juminkanja/S2430/initialize?prefCd=47&kikanCd=2791&kikanKbn=5", "url2": "https://sukoyaka.cc/", "内容": "すこやか薬局　与勝店【5:薬局】沖縄県うるま市勝連南風原３５７７－１" }, "geometry": { "type": "Point", "coordinates": [ 127.882837, 26.327015 ] } },
{ "type": "Feature", "properties": { "ID": 4752800, "正式名称": "うちどまり薬局", "機関区分": 5, "都道府県コード": 47, "市区町村コード": 205, "所在地": "沖縄県宜野湾市宇地泊１－２２－１", "緯度": 26.272203, "経度": 127.730972, "url": "https://www.iryou.teikyouseido.mhlw.go.jp/znk-web/juminkanja/S2430/initialize?prefCd=47&kikanCd=2800&kikanKbn=5", "url2": "https://www.g-p.or.jp", "内容": "うちどまり薬局【5:薬局】沖縄県宜野湾市宇地泊１－２２－１" }, "geometry": { "type": "Point", "coordinates": [ 127.730972, 26.272203 ] } },
{ "type": "Feature", "properties": { "ID": 4752808, "正式名称": "すこやか薬局　登川店", "機関区分": 5, "都道府県コード": 47, "市区町村コード": 211, "所在地": "沖縄県沖縄市登川４９５－１", "緯度": 26.367167, "経度": 127.824953, "url": "https://www.iryou.teikyouseido.mhlw.go.jp/znk-web/juminkanja/S2430/initialize?prefCd=47&kikanCd=2808&kikanKbn=5", "url2": "https://sukoyaka.cc/", "内容": "すこやか薬局　登川店【5:薬局】沖縄県沖縄市登川４９５－１" }, "geometry": { "type": "Point", "coordinates": [ 127.824953, 26.367167 ] } },
{ "type": "Feature", "properties": { "ID": 4752810, "正式名称": "みなみ薬局", "機関区分": 5, "都道府県コード": 47, "市区町村コード": 211, "所在地": "沖縄県沖縄市南桃原４ー２８ー１", "緯度": 26.320213, "経度": 127.784454, "url": "https://www.iryou.teikyouseido.mhlw.go.jp/znk-web/juminkanja/S2430/initialize?prefCd=47&kikanCd=2810&kikanKbn=5", "url2": "omf0223outlook.jp", "内容": "みなみ薬局【5:薬局】沖縄県沖縄市南桃原４ー２８ー１" }, "geometry": { "type": "Point", "coordinates": [ 127.784454, 26.320213 ] } },
{ "type": "Feature", "properties": { "ID": 4752811, "正式名称": "かなさん薬局", "機関区分": 5, "都道府県コード": 47, "市区町村コード": 205, "所在地": "沖縄県宜野湾市宇地泊３丁目１番２０号", "緯度": 26.287772, "経度": 127.778975, "url": "https://www.iryou.teikyouseido.mhlw.go.jp/znk-web/juminkanja/S2430/initialize?prefCd=47&kikanCd=2811&kikanKbn=5", "url2": "https://www.gusui.okinawa", "内容": "かなさん薬局【5:薬局】沖縄県宜野湾市宇地泊３丁目１番２０号" }, "geometry": { "type": "Point", "coordinates": [ 127.778975, 26.287772 ] } },
{ "type": "Feature", "properties": { "ID": 4752827, "正式名称": "うるま薬局", "機関区分": 5, "都道府県コード": 47, "市区町村コード": 213, "所在地": "沖縄県うるま市田場", "緯度": 26.373686, "経度": 127.85743, "url": "https://www.iryou.teikyouseido.mhlw.go.jp/znk-web/juminkanja/S2430/initialize?prefCd=47&kikanCd=2827&kikanKbn=5", "url2": "http://omp1992.jp/", "内容": "うるま薬局【5:薬局】沖縄県うるま市田場" }, "geometry": { "type": "Point", "coordinates": [ 127.85743, 26.373686 ] } },
{ "type": "Feature", "properties": { "ID": 4752828, "正式名称": "さしだ薬局　しらはま店", "機関区分": 5, "都道府県コード": 47, "市区町村コード": 213, "所在地": "沖縄県うるま市石川白浜２－３－１", "緯度": 26.427341, "経度": 127.827028, "url": "https://www.iryou.teikyouseido.mhlw.go.jp/znk-web/juminkanja/S2430/initialize?prefCd=47&kikanCd=2828&kikanKbn=5", "url2": "https://www.sashida-pharmacy.com/", "内容": "さしだ薬局　しらはま店【5:薬局】沖縄県うるま市石川白浜２－３－１" }, "geometry": { "type": "Point", "coordinates": [ 127.827028, 26.427341 ] } },
{ "type": "Feature", "properties": { "ID": 4752838, "正式名称": "あらかわ薬局", "機関区分": 5, "都道府県コード": 47, "市区町村コード": 350, "所在地": "沖縄県島尻郡南風原町新川１６３－１４", "緯度": 26.203253, "経度": 127.72725, "url": "https://www.iryou.teikyouseido.mhlw.go.jp/znk-web/juminkanja/S2430/initialize?prefCd=47&kikanCd=2838&kikanKbn=5", "url2": null, "内容": "あらかわ薬局【5:薬局】沖縄県島尻郡南風原町新川１６３－１４" }, "geometry": { "type": "Point", "coordinates": [ 127.72725, 26.203253 ] } },
{ "type": "Feature", "properties": { "ID": 4752845, "正式名称": "あいらんど薬局つかざん店", "機関区分": 5, "都道府県コード": 47, "市区町村コード": 350, "所在地": "沖縄県島尻郡南風原町字津嘉山４４０番３　１階", "緯度": 26.190678, "経度": 127.715004, "url": "https://www.iryou.teikyouseido.mhlw.go.jp/znk-web/juminkanja/S2430/initialize?prefCd=47&kikanCd=2845&kikanKbn=5", "url2": "https://gesetmedical.jp/", "内容": "あいらんど薬局つかざん店【5:薬局】沖縄県島尻郡南風原町字津嘉山４４０番３　１階" }, "geometry": { "type": "Point", "coordinates": [ 127.715004, 26.190678 ] } },
{ "type": "Feature", "properties": { "ID": 4752846, "正式名称": "ドラッグイレブン薬局　佐敷店", "機関区分": 5, "都道府県コード": 47, "市区町村コード": 215, "所在地": "沖縄県南城市佐敷津波古１２２６番地１", "緯度": 26.186507, "経度": 127.774623, "url": "https://www.iryou.teikyouseido.mhlw.go.jp/znk-web/juminkanja/S2430/initialize?prefCd=47&kikanCd=2846&kikanKbn=5", "url2": "https://www.drugeleven.com/pharmacy/5141/", "内容": "ドラッグイレブン薬局　佐敷店【5:薬局】沖縄県南城市佐敷津波古１２２６番地１" }, "geometry": { "type": "Point", "coordinates": [ 127.774623, 26.186507 ] } },
{ "type": "Feature", "properties": { "ID": 4752855, "正式名称": "てぃだ薬局", "機関区分": 5, "都道府県コード": 47, "市区町村コード": 208, "所在地": "沖縄県浦添市当山", "緯度": 26.253778, "経度": 127.736314, "url": "https://www.iryou.teikyouseido.mhlw.go.jp/znk-web/juminkanja/S2430/initialize?prefCd=47&kikanCd=2855&kikanKbn=5", "url2": "https://grit-h.co.jp/office/teida/", "内容": "てぃだ薬局【5:薬局】沖縄県浦添市当山" }, "geometry": { "type": "Point", "coordinates": [ 127.736314, 26.253778 ] } },
{ "type": "Feature", "properties": { "ID": 4752856, "正式名称": "なごみ薬局", "機関区分": 5, "都道府県コード": 47, "市区町村コード": 210, "所在地": "沖縄県糸満市潮崎町", "緯度": 26.124188, "経度": 127.667265, "url": "https://www.iryou.teikyouseido.mhlw.go.jp/znk-web/juminkanja/S2430/initialize?prefCd=47&kikanCd=2856&kikanKbn=5", "url2": null, "内容": "なごみ薬局【5:薬局】沖縄県糸満市潮崎町" }, "geometry": { "type": "Point", "coordinates": [ 127.667265, 26.124188 ] } },
{ "type": "Feature", "properties": { "ID": 4752861, "正式名称": "ちゅら薬局", "機関区分": 5, "都道府県コード": 47, "市区町村コード": 212, "所在地": "沖縄県豊見城市宜保２－６－６－１０１", "緯度": 26.177341, "経度": 127.675601, "url": "https://www.iryou.teikyouseido.mhlw.go.jp/znk-web/juminkanja/S2430/initialize?prefCd=47&kikanCd=2861&kikanKbn=5", "url2": "https://www.gusui.okinawa", "内容": "ちゅら薬局【5:薬局】沖縄県豊見城市宜保２－６－６－１０１" }, "geometry": { "type": "Point", "coordinates": [ 127.675601, 26.177341 ] } },
{ "type": "Feature", "properties": { "ID": 4752863, "正式名称": "ふる里薬局", "機関区分": 5, "都道府県コード": 47, "市区町村コード": 302, "所在地": "沖縄県国頭郡大宜味村塩屋１３０６番地６３", "緯度": 26.680686, "経度": 128.100456, "url": "https://www.iryou.teikyouseido.mhlw.go.jp/znk-web/juminkanja/S2430/initialize?prefCd=47&kikanCd=2863&kikanKbn=5", "url2": null, "内容": "ふる里薬局【5:薬局】沖縄県国頭郡大宜味村塩屋１３０６番地６３" }, "geometry": { "type": "Point", "coordinates": [ 128.100456, 26.680686 ] } },
{ "type": "Feature", "properties": { "ID": 4752864, "正式名称": "サラダ薬局", "機関区分": 5, "都道府県コード": 47, "市区町村コード": 211, "所在地": "沖縄県沖縄市泡瀬４丁目１番３７号", "緯度": 26.321144, "経度": 127.831331, "url": "https://www.iryou.teikyouseido.mhlw.go.jp/znk-web/juminkanja/S2430/initialize?prefCd=47&kikanCd=2864&kikanKbn=5", "url2": null, "内容": "サラダ薬局【5:薬局】沖縄県沖縄市泡瀬４丁目１番３７号" }, "geometry": { "type": "Point", "coordinates": [ 127.831331, 26.321144 ] } },
{ "type": "Feature", "properties": { "ID": 4752866, "正式名称": "くじら薬局", "機関区分": 5, "都道府県コード": 47, "市区町村コード": 362, "所在地": "沖縄県島尻郡八重瀬町具志頭１５４－１０", "緯度": 26.123692, "経度": 127.748611, "url": "https://www.iryou.teikyouseido.mhlw.go.jp/znk-web/juminkanja/S2430/initialize?prefCd=47&kikanCd=2866&kikanKbn=5", "url2": null, "内容": "くじら薬局【5:薬局】沖縄県島尻郡八重瀬町具志頭１５４－１０" }, "geometry": { "type": "Point", "coordinates": [ 127.748611, 26.123692 ] } },
{ "type": "Feature", "properties": { "ID": 4752894, "正式名称": "ゆい薬局　江口店", "機関区分": 5, "都道府県コード": 47, "市区町村コード": 348, "所在地": "沖縄県島尻郡与那原町与那原３６９１番地１", "緯度": 26.199821, "経度": 127.761238, "url": "https://www.iryou.teikyouseido.mhlw.go.jp/znk-web/juminkanja/S2430/initialize?prefCd=47&kikanCd=2894&kikanKbn=5", "url2": null, "内容": "ゆい薬局　江口店【5:薬局】沖縄県島尻郡与那原町与那原３６９１番地１" }, "geometry": { "type": "Point", "coordinates": [ 127.761238, 26.199821 ] } },
{ "type": "Feature", "properties": { "ID": 4752895, "正式名称": "ゆい薬局　真栄里店", "機関区分": 5, "都道府県コード": 47, "市区町村コード": 210, "所在地": "沖縄県糸満市真栄里２０２４番地の３", "緯度": 26.120992, "経度": 127.671283, "url": "https://www.iryou.teikyouseido.mhlw.go.jp/znk-web/juminkanja/S2430/initialize?prefCd=47&kikanCd=2895&kikanKbn=5", "url2": "https://www.pharmarise.com/company/store/store.php?store_id=773", "内容": "ゆい薬局　真栄里店【5:薬局】沖縄県糸満市真栄里２０２４番地の３" }, "geometry": { "type": "Point", "coordinates": [ 127.671283, 26.120992 ] } },
{ "type": "Feature", "properties": { "ID": 4752897, "正式名称": "ゆい薬局　長田店", "機関区分": 5, "都道府県コード": 47, "市区町村コード": 205, "所在地": "沖縄県宜野湾市長田", "緯度": 26.261418, "経度": 127.763733, "url": "https://www.iryou.teikyouseido.mhlw.go.jp/znk-web/juminkanja/S2430/initialize?prefCd=47&kikanCd=2897&kikanKbn=5", "url2": "https://www.pharmarise.com/company/store/store.php?store_id=1402", "内容": "ゆい薬局　長田店【5:薬局】沖縄県宜野湾市長田" }, "geometry": { "type": "Point", "coordinates": [ 127.763733, 26.261418 ] } },
{ "type": "Feature", "properties": { "ID": 4752898, "正式名称": "ゆい薬局　知花店", "機関区分": 5, "都道府県コード": 47, "市区町村コード": 211, "所在地": "沖縄県沖縄市知花６丁目２６番１６号", "緯度": 26.363864, "経度": 127.817931, "url": "https://www.iryou.teikyouseido.mhlw.go.jp/znk-web/juminkanja/S2430/initialize?prefCd=47&kikanCd=2898&kikanKbn=5", "url2": null, "内容": "ゆい薬局　知花店【5:薬局】沖縄県沖縄市知花６丁目２６番１６号" }, "geometry": { "type": "Point", "coordinates": [ 127.817931, 26.363864 ] } },
{ "type": "Feature", "properties": { "ID": 4752927, "正式名称": "あい薬局　諸見店", "機関区分": 5, "都道府県コード": 47, "市区町村コード": 211, "所在地": "沖縄県沖縄市園田３－８－３０メゾン光Ⅱ１０２", "緯度": 26.327309, "経度": 127.793898, "url": "https://www.iryou.teikyouseido.mhlw.go.jp/znk-web/juminkanja/S2430/initialize?prefCd=47&kikanCd=2927&kikanKbn=5", "url2": "https://www.ai-yakkyoku.net/store/", "内容": "あい薬局　諸見店【5:薬局】沖縄県沖縄市園田３－８－３０メゾン光Ⅱ１０２" }, "geometry": { "type": "Point", "coordinates": [ 127.793898, 26.327309 ] } },
{ "type": "Feature", "properties": { "ID": 4752938, "正式名称": "ここなつ薬局", "機関区分": 5, "都道府県コード": 47, "市区町村コード": 207, "所在地": "沖縄県石垣市新川２２８７－３５", "緯度": 24.351738, "経度": 124.144935, "url": "https://www.iryou.teikyouseido.mhlw.go.jp/znk-web/juminkanja/S2430/initialize?prefCd=47&kikanCd=2938&kikanKbn=5", "url2": null, "内容": "ここなつ薬局【5:薬局】沖縄県石垣市新川２２８７－３５" }, "geometry": { "type": "Point", "coordinates": [ 124.144935, 24.351738 ] } },
{ "type": "Feature", "properties": { "ID": 4752953, "正式名称": "あいらんど薬局友愛医療センター店", "機関区分": 5, "都道府県コード": 47, "市区町村コード": 212, "所在地": "沖縄県豊見城市与根５０－２１３", "緯度": 26.170082, "経度": 127.654611, "url": "https://www.iryou.teikyouseido.mhlw.go.jp/znk-web/juminkanja/S2430/initialize?prefCd=47&kikanCd=2953&kikanKbn=5", "url2": "https://www.gesetmedical.jp/", "内容": "あいらんど薬局友愛医療センター店【5:薬局】沖縄県豊見城市与根５０－２１３" }, "geometry": { "type": "Point", "coordinates": [ 127.654611, 26.170082 ] } },
{ "type": "Feature", "properties": { "ID": 4752960, "正式名称": "サンアイ薬局　ぐすくま", "機関区分": 5, "都道府県コード": 47, "市区町村コード": 208, "所在地": "沖縄県浦添市城間３－３－１", "緯度": 26.257282, "経度": 127.713032, "url": "https://www.iryou.teikyouseido.mhlw.go.jp/znk-web/juminkanja/S2430/initialize?prefCd=47&kikanCd=2960&kikanKbn=5", "url2": "www.sanaiyakkyoku.jp", "内容": "サンアイ薬局　ぐすくま【5:薬局】沖縄県浦添市城間３－３－１" }, "geometry": { "type": "Point", "coordinates": [ 127.713032, 26.257282 ] } },
{ "type": "Feature", "properties": { "ID": 4752961, "正式名称": "みなみだいとう薬局", "機関区分": 5, "都道府県コード": 47, "市区町村コード": 357, "所在地": "沖縄県島尻郡南大東村在所１９９", "緯度": 25.831013, "経度": 131.230463, "url": "https://www.iryou.teikyouseido.mhlw.go.jp/znk-web/juminkanja/S2430/initialize?prefCd=47&kikanCd=2961&kikanKbn=5", "url2": "http://www.okinawait.com/store/minamidaito/", "内容": "みなみだいとう薬局【5:薬局】沖縄県島尻郡南大東村在所１９９" }, "geometry": { "type": "Point", "coordinates": [ 131.230463, 25.831013 ] } },
{ "type": "Feature", "properties": { "ID": 4752962, "正式名称": "あいらんど薬局豊見城中央病院前店", "機関区分": 5, "都道府県コード": 47, "市区町村コード": 212, "所在地": "沖縄県豊見城市宜保２６６－１６", "緯度": 26.176266, "経度": 127.676553, "url": "https://www.iryou.teikyouseido.mhlw.go.jp/znk-web/juminkanja/S2430/initialize?prefCd=47&kikanCd=2962&kikanKbn=5", "url2": "https://gesetmedical.jp/", "内容": "あいらんど薬局豊見城中央病院前店【5:薬局】沖縄県豊見城市宜保２６６－１６" }, "geometry": { "type": "Point", "coordinates": [ 127.676553, 26.176266 ] } },
{ "type": "Feature", "properties": { "ID": 4752963, "正式名称": "サンアイ薬局　みさと", "機関区分": 5, "都道府県コード": 47, "市区町村コード": 211, "所在地": "沖縄県沖縄市美原３－２１－１", "緯度": 26.350442, "経度": 127.817821, "url": "https://www.iryou.teikyouseido.mhlw.go.jp/znk-web/juminkanja/S2430/initialize?prefCd=47&kikanCd=2963&kikanKbn=5", "url2": "www.sanaiyakkyoku.jp", "内容": "サンアイ薬局　みさと【5:薬局】沖縄県沖縄市美原３－２１－１" }, "geometry": { "type": "Point", "coordinates": [ 127.817821, 26.350442 ] } },
{ "type": "Feature", "properties": { "ID": 4752973, "正式名称": "グリーンドラッグ薬局　伊祖店", "機関区分": 5, "都道府県コード": 47, "市区町村コード": 208, "所在地": "沖縄県浦添市伊祖", "緯度": 26.254368, "経度": 127.71986, "url": "https://www.iryou.teikyouseido.mhlw.go.jp/znk-web/juminkanja/S2430/initialize?prefCd=47&kikanCd=2973&kikanKbn=5", "url2": "https://www.ohga-ph.com/", "内容": "グリーンドラッグ薬局　伊祖店【5:薬局】沖縄県浦添市伊祖" }, "geometry": { "type": "Point", "coordinates": [ 127.71986, 26.254368 ] } },
{ "type": "Feature", "properties": { "ID": 4752979, "正式名称": "アイン薬局　よこだけ店", "機関区分": 5, "都道府県コード": 47, "市区町村コード": 214, "所在地": "沖縄県宮古島市伊良部前里添６３８－３", "緯度": 24.840303, "経度": 125.203756, "url": "https://www.iryou.teikyouseido.mhlw.go.jp/znk-web/juminkanja/S2430/initialize?prefCd=47&kikanCd=2979&kikanKbn=5", "url2": null, "内容": "アイン薬局　よこだけ店【5:薬局】沖縄県宮古島市伊良部前里添６３８－３" }, "geometry": { "type": "Point", "coordinates": [ 125.203756, 24.840303 ] } },
{ "type": "Feature", "properties": { "ID": 4752980, "正式名称": "辺土名薬局", "機関区分": 5, "都道府県コード": 47, "市区町村コード": 209, "所在地": "沖縄県名護市宮里１丁目２１番１１号", "緯度": 26.59378, "経度": 127.973968, "url": "https://www.iryou.teikyouseido.mhlw.go.jp/znk-web/juminkanja/S2430/initialize?prefCd=47&kikanCd=2980&kikanKbn=5", "url2": null, "内容": "辺土名薬局【5:薬局】沖縄県名護市宮里１丁目２１番１１号" }, "geometry": { "type": "Point", "coordinates": [ 127.973968, 26.59378 ] } },
{ "type": "Feature", "properties": { "ID": 4752983, "正式名称": "まごころ薬局　山内店", "機関区分": 5, "都道府県コード": 47, "市区町村コード": 211, "所在地": "沖縄県沖縄市山内３丁目１４番３０号", "緯度": 26.327028, "経度": 127.782155, "url": "https://www.iryou.teikyouseido.mhlw.go.jp/znk-web/juminkanja/S2430/initialize?prefCd=47&kikanCd=2983&kikanKbn=5", "url2": null, "内容": "まごころ薬局　山内店【5:薬局】沖縄県沖縄市山内３丁目１４番３０号" }, "geometry": { "type": "Point", "coordinates": [ 127.782155, 26.327028 ] } },
{ "type": "Feature", "properties": { "ID": 4752987, "正式名称": "ミルク薬局　豊見城店", "機関区分": 5, "都道府県コード": 47, "市区町村コード": 212, "所在地": "沖縄県豊見城市豊見城２９３ー２", "緯度": 26.183825, "経度": 127.676186, "url": "https://www.iryou.teikyouseido.mhlw.go.jp/znk-web/juminkanja/S2430/initialize?prefCd=47&kikanCd=2987&kikanKbn=5", "url2": null, "内容": "ミルク薬局　豊見城店【5:薬局】沖縄県豊見城市豊見城２９３ー２" }, "geometry": { "type": "Point", "coordinates": [ 127.676186, 26.183825 ] } },
{ "type": "Feature", "properties": { "ID": 4752993, "正式名称": "タスク薬局", "機関区分": 5, "都道府県コード": 47, "市区町村コード": 213, "所在地": "沖縄県うるま市みどり町", "緯度": 26.379093, "経度": 127.85622, "url": "https://www.iryou.teikyouseido.mhlw.go.jp/znk-web/juminkanja/S2430/initialize?prefCd=47&kikanCd=2993&kikanKbn=5", "url2": "https://www.okinawa-pharmacy.com/", "内容": "タスク薬局【5:薬局】沖縄県うるま市みどり町" }, "geometry": { "type": "Point", "coordinates": [ 127.85622, 26.379093 ] } },
{ "type": "Feature", "properties": { "ID": 4752994, "正式名称": "大北薬局", "機関区分": 5, "都道府県コード": 47, "市区町村コード": 326, "所在地": "沖縄県中頭郡北谷町上勢頭", "緯度": 26.327762, "経度": 127.769456, "url": "https://www.iryou.teikyouseido.mhlw.go.jp/znk-web/juminkanja/S2430/initialize?prefCd=47&kikanCd=2994&kikanKbn=5", "url2": null, "内容": "大北薬局【5:薬局】沖縄県中頭郡北谷町上勢頭" }, "geometry": { "type": "Point", "coordinates": [ 127.769456, 26.327762 ] } },
{ "type": "Feature", "properties": { "ID": 4752996, "正式名称": "ファーマライズ薬局　石垣店", "機関区分": 5, "都道府県コード": 47, "市区町村コード": 207, "所在地": "沖縄県石垣市新川２１０５", "緯度": 24.361357, "経度": 124.140785, "url": "https://www.iryou.teikyouseido.mhlw.go.jp/znk-web/juminkanja/S2430/initialize?prefCd=47&kikanCd=2996&kikanKbn=5", "url2": "http://www.pharmarise.com", "内容": "ファーマライズ薬局　石垣店【5:薬局】沖縄県石垣市新川２１０５" }, "geometry": { "type": "Point", "coordinates": [ 124.140785, 24.361357 ] } },
{ "type": "Feature", "properties": { "ID": 4753005, "正式名称": "ひが薬局　与那城店", "機関区分": 5, "都道府県コード": 47, "市区町村コード": 213, "所在地": "沖縄県うるま市与那城西原８６７－２", "緯度": 26.330536, "経度": 127.886941, "url": "https://www.iryou.teikyouseido.mhlw.go.jp/znk-web/juminkanja/S2430/initialize?prefCd=47&kikanCd=3005&kikanKbn=5", "url2": "https://www.okinawa-pharmacy.com/shop.php", "内容": "ひが薬局　与那城店【5:薬局】沖縄県うるま市与那城西原８６７－２" }, "geometry": { "type": "Point", "coordinates": [ 127.886941, 26.330536 ] } },
{ "type": "Feature", "properties": { "ID": 4753012, "正式名称": "ファーマライズ薬局　あらかわ店", "機関区分": 5, "都道府県コード": 47, "市区町村コード": 207, "所在地": "沖縄県石垣市新川１１８番地", "緯度": 24.348203, "経度": 124.1495, "url": "https://www.iryou.teikyouseido.mhlw.go.jp/znk-web/juminkanja/S2430/initialize?prefCd=47&kikanCd=3012&kikanKbn=5", "url2": "https://www.pharmarise.com/company/store/store.php?store_id=777", "内容": "ファーマライズ薬局　あらかわ店【5:薬局】沖縄県石垣市新川１１８番地" }, "geometry": { "type": "Point", "coordinates": [ 124.1495, 24.348203 ] } },
{ "type": "Feature", "properties": { "ID": 4753020, "正式名称": "病院前薬局", "機関区分": 5, "都道府県コード": 47, "市区町村コード": 209, "所在地": "沖縄県名護市大東３丁目２１番２２号", "緯度": 26.592514, "経度": 127.987788, "url": "https://www.iryou.teikyouseido.mhlw.go.jp/znk-web/juminkanja/S2430/initialize?prefCd=47&kikanCd=3020&kikanKbn=5", "url2": null, "内容": "病院前薬局【5:薬局】沖縄県名護市大東３丁目２１番２２号" }, "geometry": { "type": "Point", "coordinates": [ 127.987788, 26.592514 ] } },
{ "type": "Feature", "properties": { "ID": 4753024, "正式名称": "にしはら薬局", "機関区分": 5, "都道府県コード": 47, "市区町村コード": 329, "所在地": "沖縄県中頭郡西原町翁長２４０－９", "緯度": 26.228576, "経度": 127.754015, "url": "https://www.iryou.teikyouseido.mhlw.go.jp/znk-web/juminkanja/S2430/initialize?prefCd=47&kikanCd=3024&kikanKbn=5", "url2": "https://r.goope.jp/yuuyui8608/", "内容": "にしはら薬局【5:薬局】沖縄県中頭郡西原町翁長２４０－９" }, "geometry": { "type": "Point", "coordinates": [ 127.754015, 26.228576 ] } },
{ "type": "Feature", "properties": { "ID": 4753025, "正式名称": "パール薬局", "機関区分": 5, "都道府県コード": 47, "市区町村コード": 208, "所在地": "沖縄県浦添市伊祖２－１－３　メディカルプレイス伊祖　２Ｆ", "緯度": 26.253647, "経度": 127.718206, "url": "https://www.iryou.teikyouseido.mhlw.go.jp/znk-web/juminkanja/S2430/initialize?prefCd=47&kikanCd=3025&kikanKbn=5", "url2": "https://www.lemon-luna.com/", "内容": "パール薬局【5:薬局】沖縄県浦添市伊祖２－１－３　メディカルプレイス伊祖　２Ｆ" }, "geometry": { "type": "Point", "coordinates": [ 127.718206, 26.253647 ] } },
{ "type": "Feature", "properties": { "ID": 4753044, "正式名称": "Ｐ‘ｓスクエア調剤薬局", "機関区分": 5, "都道府県コード": 47, "市区町村コード": 208, "所在地": "沖縄県浦添市西原２－４－１　Ｐ’ｓＳＱＵＡＲＥ　４Ｆ", "緯度": 26.251454, "経度": 127.748526, "url": "https://www.iryou.teikyouseido.mhlw.go.jp/znk-web/juminkanja/S2430/initialize?prefCd=47&kikanCd=3044&kikanKbn=5", "url2": "https://www.plenty-biz.com/pharmacy", "内容": "Ｐ‘ｓスクエア調剤薬局【5:薬局】沖縄県浦添市西原２－４－１　Ｐ’ｓＳＱＵＡＲＥ　４Ｆ" }, "geometry": { "type": "Point", "coordinates": [ 127.748526, 26.251454 ] } },
{ "type": "Feature", "properties": { "ID": 4753052, "正式名称": "すこやか薬局　南風原北インター店", "機関区分": 5, "都道府県コード": 47, "市区町村コード": 350, "所在地": "沖縄県島尻郡南風原町字与那覇２８３番地　１０２", "緯度": 26.200403, "経度": 127.738857, "url": "https://www.iryou.teikyouseido.mhlw.go.jp/znk-web/juminkanja/S2430/initialize?prefCd=47&kikanCd=3052&kikanKbn=5", "url2": "https://sukoyaka.cc/", "内容": "すこやか薬局　南風原北インター店【5:薬局】沖縄県島尻郡南風原町字与那覇２８３番地　１０２" }, "geometry": { "type": "Point", "coordinates": [ 127.738857, 26.200403 ] } },
{ "type": "Feature", "properties": { "ID": 4753053, "正式名称": "うらしま薬局", "機関区分": 5, "都道府県コード": 47, "市区町村コード": 324, "所在地": "沖縄県中頭郡読谷村長浜１７４３ー２", "緯度": 26.417412, "経度": 127.732445, "url": "https://www.iryou.teikyouseido.mhlw.go.jp/znk-web/juminkanja/S2430/initialize?prefCd=47&kikanCd=3053&kikanKbn=5", "url2": "https://porto-yomitan.com/", "内容": "うらしま薬局【5:薬局】沖縄県中頭郡読谷村長浜１７４３ー２" }, "geometry": { "type": "Point", "coordinates": [ 127.732445, 26.417412 ] } },
{ "type": "Feature", "properties": { "ID": 4753057, "正式名称": "コザ中の町薬局", "機関区分": 5, "都道府県コード": 47, "市区町村コード": 211, "所在地": "沖縄県沖縄市上地１丁目１３番１８号　１Ｆ", "緯度": 26.332668, "経度": 127.797652, "url": "https://www.iryou.teikyouseido.mhlw.go.jp/znk-web/juminkanja/S2430/initialize?prefCd=47&kikanCd=3057&kikanKbn=5", "url2": null, "内容": "コザ中の町薬局【5:薬局】沖縄県沖縄市上地１丁目１３番１８号　１Ｆ" }, "geometry": { "type": "Point", "coordinates": [ 127.797652, 26.332668 ] } },
{ "type": "Feature", "properties": { "ID": 4753075, "正式名称": "松井薬局　浦添店", "機関区分": 5, "都道府県コード": 47, "市区町村コード": 208, "所在地": "沖縄県浦添市牧港４丁目６－９", "緯度": 26.264161, "経度": 127.730258, "url": "https://www.iryou.teikyouseido.mhlw.go.jp/znk-web/juminkanja/S2430/initialize?prefCd=47&kikanCd=3075&kikanKbn=5", "url2": null, "内容": "松井薬局　浦添店【5:薬局】沖縄県浦添市牧港４丁目６－９" }, "geometry": { "type": "Point", "coordinates": [ 127.730258, 26.264161 ] } },
{ "type": "Feature", "properties": { "ID": 4753079, "正式名称": "薬志堂薬局　真栄里店", "機関区分": 5, "都道府県コード": 47, "市区町村コード": 210, "所在地": "沖縄県糸満市真栄里", "緯度": 26.121586, "経度": 127.66958, "url": "https://www.iryou.teikyouseido.mhlw.go.jp/znk-web/juminkanja/S2430/initialize?prefCd=47&kikanCd=3079&kikanKbn=5", "url2": null, "内容": "薬志堂薬局　真栄里店【5:薬局】沖縄県糸満市真栄里" }, "geometry": { "type": "Point", "coordinates": [ 127.66958, 26.121586 ] } },
{ "type": "Feature", "properties": { "ID": 4753089, "正式名称": "フロンティア薬局　うちま店", "機関区分": 5, "都道府県コード": 47, "市区町村コード": 208, "所在地": "沖縄県浦添市内間４－２７－３", "緯度": 26.241701, "経度": 127.701919, "url": "https://www.iryou.teikyouseido.mhlw.go.jp/znk-web/juminkanja/S2430/initialize?prefCd=47&kikanCd=3089&kikanKbn=5", "url2": null, "内容": "フロンティア薬局　うちま店【5:薬局】沖縄県浦添市内間４－２７－３" }, "geometry": { "type": "Point", "coordinates": [ 127.701919, 26.241701 ] } },
{ "type": "Feature", "properties": { "ID": 4753123, "正式名称": "ハート薬局　きゃん店", "機関区分": 5, "都道府県コード": 47, "市区町村コード": 213, "所在地": "沖縄県うるま市喜屋武３８４番地３－２　きゃんメディカルプラザ１Ｂ", "緯度": 26.359705, "経度": 127.848345, "url": "https://www.iryou.teikyouseido.mhlw.go.jp/znk-web/juminkanja/S2430/initialize?prefCd=47&kikanCd=3123&kikanKbn=5", "url2": "https://www.heart-yakkyoku.net/", "内容": "ハート薬局　きゃん店【5:薬局】沖縄県うるま市喜屋武３８４番地３－２　きゃんメディカルプラザ１Ｂ" }, "geometry": { "type": "Point", "coordinates": [ 127.848345, 26.359705 ] } },
{ "type": "Feature", "properties": { "ID": 4753131, "正式名称": "はえばる薬局", "機関区分": 5, "都道府県コード": 47, "市区町村コード": 350, "所在地": "沖縄県島尻郡南風原町津嘉山１３１５－１", "緯度": 26.193997, "経度": 127.712873, "url": "https://www.iryou.teikyouseido.mhlw.go.jp/znk-web/juminkanja/S2430/initialize?prefCd=47&kikanCd=3131&kikanKbn=5", "url2": null, "内容": "はえばる薬局【5:薬局】沖縄県島尻郡南風原町津嘉山１３１５－１" }, "geometry": { "type": "Point", "coordinates": [ 127.712873, 26.193997 ] } },
{ "type": "Feature", "properties": { "ID": 4753144, "正式名称": "登川薬局", "機関区分": 5, "都道府県コード": 47, "市区町村コード": 211, "所在地": "沖縄県沖縄市登川２－２７－１", "緯度": 26.367212, "経度": 127.823523, "url": "https://www.iryou.teikyouseido.mhlw.go.jp/znk-web/juminkanja/S2430/initialize?prefCd=47&kikanCd=3144&kikanKbn=5", "url2": null, "内容": "登川薬局【5:薬局】沖縄県沖縄市登川２－２７－１" }, "geometry": { "type": "Point", "coordinates": [ 127.823523, 26.367212 ] } },
{ "type": "Feature", "properties": { "ID": 4753146, "正式名称": "美ら島薬局", "機関区分": 5, "都道府県コード": 47, "市区町村コード": 207, "所在地": "沖縄県石垣市新川２４２７番地１０２号室", "緯度": 24.34892, "経度": 124.149255, "url": "https://www.iryou.teikyouseido.mhlw.go.jp/znk-web/juminkanja/S2430/initialize?prefCd=47&kikanCd=3146&kikanKbn=5", "url2": null, "内容": "美ら島薬局【5:薬局】沖縄県石垣市新川２４２７番地１０２号室" }, "geometry": { "type": "Point", "coordinates": [ 124.149255, 24.34892 ] } },
{ "type": "Feature", "properties": { "ID": 4754125003, "正式名称": "りんご調剤薬局　上間店", "機関区分": 5, "都道府県コード": 47, "市区町村コード": 201, "所在地": "沖縄県那覇市上間３３６－７", "緯度": 26.196257, "経度": 127.714323, "url": "https://www.iryou.teikyouseido.mhlw.go.jp/znk-web/juminkanja/S2430/initialize?prefCd=47&kikanCd=4125003&kikanKbn=5", "url2": null, "内容": "りんご調剤薬局　上間店【5:薬局】沖縄県那覇市上間３３６－７" }, "geometry": { "type": "Point", "coordinates": [ 127.714323, 26.196257 ] } },
{ "type": "Feature", "properties": { "ID": 4754125007, "正式名称": "つばさ薬局", "機関区分": 5, "都道府県コード": 47, "市区町村コード": 201, "所在地": "沖縄県那覇市寄宮１－３５－１１", "緯度": 26.210879, "経度": 127.697403, "url": "https://www.iryou.teikyouseido.mhlw.go.jp/znk-web/juminkanja/S2430/initialize?prefCd=47&kikanCd=4125007&kikanKbn=5", "url2": null, "内容": "つばさ薬局【5:薬局】沖縄県那覇市寄宮１－３５－１１" }, "geometry": { "type": "Point", "coordinates": [ 127.697403, 26.210879 ] } },
{ "type": "Feature", "properties": { "ID": 4754125032, "正式名称": "薬志堂薬局田原店", "機関区分": 5, "都道府県コード": 47, "市区町村コード": 201, "所在地": "沖縄県那覇市田原３－８－９", "緯度": 26.194501, "経度": 127.666285, "url": "https://www.iryou.teikyouseido.mhlw.go.jp/znk-web/juminkanja/S2430/initialize?prefCd=47&kikanCd=4125032&kikanKbn=5", "url2": null, "内容": "薬志堂薬局田原店【5:薬局】沖縄県那覇市田原３－８－９" }, "geometry": { "type": "Point", "coordinates": [ 127.666285, 26.194501 ] } },
{ "type": "Feature", "properties": { "ID": 4754125034, "正式名称": "やすおか薬局", "機関区分": 5, "都道府県コード": 47, "市区町村コード": 201, "所在地": "沖縄県那覇市銘苅３０１－８", "緯度": 26.236584, "経度": 127.697526, "url": "https://www.iryou.teikyouseido.mhlw.go.jp/znk-web/juminkanja/S2430/initialize?prefCd=47&kikanCd=4125034&kikanKbn=5", "url2": "https://www.quali-ate.com/", "内容": "やすおか薬局【5:薬局】沖縄県那覇市銘苅３０１－８" }, "geometry": { "type": "Point", "coordinates": [ 127.697526, 26.236584 ] } },
{ "type": "Feature", "properties": { "ID": 4754125035, "正式名称": "あい薬局　小禄店", "機関区分": 5, "都道府県コード": 47, "市区町村コード": 201, "所在地": "沖縄県那覇市金城５－１１－６小禄ガーデンビル１Ｆ", "緯度": 26.195161, "経度": 127.665013, "url": "https://www.iryou.teikyouseido.mhlw.go.jp/znk-web/juminkanja/S2430/initialize?prefCd=47&kikanCd=4125035&kikanKbn=5", "url2": "http://www.ai-yakkyoku.net/", "内容": "あい薬局　小禄店【5:薬局】沖縄県那覇市金城５－１１－６小禄ガーデンビル１Ｆ" }, "geometry": { "type": "Point", "coordinates": [ 127.665013, 26.195161 ] } },
{ "type": "Feature", "properties": { "ID": 4754125044, "正式名称": "共創未来　安里薬局", "機関区分": 5, "都道府県コード": 47, "市区町村コード": 201, "所在地": "沖縄県那覇市安里１－７－６　玉井飼料ビル１Ｆ", "緯度": 26.219338, "経度": 127.693153, "url": "https://www.iryou.teikyouseido.mhlw.go.jp/znk-web/juminkanja/S2430/initialize?prefCd=47&kikanCd=4125044&kikanKbn=5", "url2": "https://www.phmirai.co.jp/shops/detail.php?id=348", "内容": "共創未来　安里薬局【5:薬局】沖縄県那覇市安里１－７－６　玉井飼料ビル１Ｆ" }, "geometry": { "type": "Point", "coordinates": [ 127.693153, 26.219338 ] } },
{ "type": "Feature", "properties": { "ID": 4754125045, "正式名称": "共創未来　天久薬局", "機関区分": 5, "都道府県コード": 47, "市区町村コード": 201, "所在地": "沖縄県那覇市天久９１０", "緯度": 26.233477, "経度": 127.685401, "url": "https://www.iryou.teikyouseido.mhlw.go.jp/znk-web/juminkanja/S2430/initialize?prefCd=47&kikanCd=4125045&kikanKbn=5", "url2": "http://www.phmirai.co.jp/shops/detail.php?id=349", "内容": "共創未来　天久薬局【5:薬局】沖縄県那覇市天久９１０" }, "geometry": { "type": "Point", "coordinates": [ 127.685401, 26.233477 ] } },
{ "type": "Feature", "properties": { "ID": 4754125094, "正式名称": "せせらぎ薬局　みはら", "機関区分": 5, "都道府県コード": 47, "市区町村コード": 201, "所在地": "沖縄県那覇市三原２－１６－１", "緯度": 26.212639, "経度": 127.699634, "url": "https://www.iryou.teikyouseido.mhlw.go.jp/znk-web/juminkanja/S2430/initialize?prefCd=47&kikanCd=4125094&kikanKbn=5", "url2": null, "内容": "せせらぎ薬局　みはら【5:薬局】沖縄県那覇市三原２－１６－１" }, "geometry": { "type": "Point", "coordinates": [ 127.699634, 26.212639 ] } },
{ "type": "Feature", "properties": { "ID": 4754125099, "正式名称": "ゆい心豊薬局", "機関区分": 5, "都道府県コード": 47, "市区町村コード": 201, "所在地": "沖縄県那覇市泊１－６－１　ビックライスマンションとまり１階１０１", "緯度": 26.221577, "経度": 127.688728, "url": "https://www.iryou.teikyouseido.mhlw.go.jp/znk-web/juminkanja/S2430/initialize?prefCd=47&kikanCd=4125099&kikanKbn=5", "url2": null, "内容": "ゆい心豊薬局【5:薬局】沖縄県那覇市泊１－６－１　ビックライスマンションとまり１階１０１" }, "geometry": { "type": "Point", "coordinates": [ 127.688728, 26.221577 ] } },
{ "type": "Feature", "properties": { "ID": 4754126001, "正式名称": "にじいろ薬局", "機関区分": 5, "都道府県コード": 47, "市区町村コード": 201, "所在地": "沖縄県那覇市大道５７　粟国アパート１階", "緯度": 26.217669, "経度": 127.701358, "url": "https://www.iryou.teikyouseido.mhlw.go.jp/znk-web/juminkanja/S2430/initialize?prefCd=47&kikanCd=4126001&kikanKbn=5", "url2": null, "内容": "にじいろ薬局【5:薬局】沖縄県那覇市大道５７　粟国アパート１階" }, "geometry": { "type": "Point", "coordinates": [ 127.701358, 26.217669 ] } },
{ "type": "Feature", "properties": { "ID": 4754126005, "正式名称": "薬志堂薬局　寄宮店", "機関区分": 5, "都道府県コード": 47, "市区町村コード": 201, "所在地": "沖縄県那覇市長田１－６－１", "緯度": 26.205537, "経度": 127.701506, "url": "https://www.iryou.teikyouseido.mhlw.go.jp/znk-web/juminkanja/S2430/initialize?prefCd=47&kikanCd=4126005&kikanKbn=5", "url2": null, "内容": "薬志堂薬局　寄宮店【5:薬局】沖縄県那覇市長田１－６－１" }, "geometry": { "type": "Point", "coordinates": [ 127.701506, 26.205537 ] } },
{ "type": "Feature", "properties": { "ID": 4754126010, "正式名称": "まつお虹薬局", "機関区分": 5, "都道府県コード": 47, "市区町村コード": 201, "所在地": "沖縄県那覇市松尾２－１７－３０　宇地原ビル１階", "緯度": 26.211282, "経度": 127.686815, "url": "https://www.iryou.teikyouseido.mhlw.go.jp/znk-web/juminkanja/S2430/initialize?prefCd=47&kikanCd=4126010&kikanKbn=5", "url2": "http://www.o-kenko.com", "内容": "まつお虹薬局【5:薬局】沖縄県那覇市松尾２－１７－３０　宇地原ビル１階" }, "geometry": { "type": "Point", "coordinates": [ 127.686815, 26.211282 ] } },
{ "type": "Feature", "properties": { "ID": 4754126012, "正式名称": "同仁薬局", "機関区分": 5, "都道府県コード": 47, "市区町村コード": 201, "所在地": "沖縄県那覇市天久１１２７－５同仁ビル１階", "緯度": 26.230535, "経度": 127.685878, "url": "https://www.iryou.teikyouseido.mhlw.go.jp/znk-web/juminkanja/S2430/initialize?prefCd=47&kikanCd=4126012&kikanKbn=5", "url2": null, "内容": "同仁薬局【5:薬局】沖縄県那覇市天久１１２７－５同仁ビル１階" }, "geometry": { "type": "Point", "coordinates": [ 127.685878, 26.230535 ] } },
{ "type": "Feature", "properties": { "ID": 4754126013, "正式名称": "ふく薬局　泉崎店", "機関区分": 5, "都道府県コード": 47, "市区町村コード": 201, "所在地": "沖縄県那覇市泉崎２－３－３オフィス泉崎１－Ａ号", "緯度": 26.210653, "経度": 127.681165, "url": "https://www.iryou.teikyouseido.mhlw.go.jp/znk-web/juminkanja/S2430/initialize?prefCd=47&kikanCd=4126013&kikanKbn=5", "url2": null, "内容": "ふく薬局　泉崎店【5:薬局】沖縄県那覇市泉崎２－３－３オフィス泉崎１－Ａ号" }, "geometry": { "type": "Point", "coordinates": [ 127.681165, 26.210653 ] } },
{ "type": "Feature", "properties": { "ID": 4754126040, "正式名称": "ひばり薬局", "機関区分": 5, "都道府県コード": 47, "市区町村コード": 201, "所在地": "沖縄県那覇市久茂地２－９－２５", "緯度": 26.217327, "経度": 127.680667, "url": "https://www.iryou.teikyouseido.mhlw.go.jp/znk-web/juminkanja/S2430/initialize?prefCd=47&kikanCd=4126040&kikanKbn=5", "url2": null, "内容": "ひばり薬局【5:薬局】沖縄県那覇市久茂地２－９－２５" }, "geometry": { "type": "Point", "coordinates": [ 127.680667, 26.217327 ] } },
{ "type": "Feature", "properties": { "ID": 4754126077, "正式名称": "サンアイ薬局めかる", "機関区分": 5, "都道府県コード": 47, "市区町村コード": 201, "所在地": "沖縄県那覇市銘苅３－９－２４", "緯度": 26.236407, "経度": 127.696537, "url": "https://www.iryou.teikyouseido.mhlw.go.jp/znk-web/juminkanja/S2430/initialize?prefCd=47&kikanCd=4126077&kikanKbn=5", "url2": null, "内容": "サンアイ薬局めかる【5:薬局】沖縄県那覇市銘苅３－９－２４" }, "geometry": { "type": "Point", "coordinates": [ 127.696537, 26.236407 ] } },
{ "type": "Feature", "properties": { "ID": 4754127001, "正式名称": "すこやか薬局　松島店", "機関区分": 5, "都道府県コード": 47, "市区町村コード": 201, "所在地": "沖縄県那覇市松島２丁目１番１４号　ＮＦレジデンス松島２階", "緯度": 26.225768, "経度": 127.710331, "url": "https://www.iryou.teikyouseido.mhlw.go.jp/znk-web/juminkanja/S2430/initialize?prefCd=47&kikanCd=4127001&kikanKbn=5", "url2": "https://sukoyaka.cc/", "内容": "すこやか薬局　松島店【5:薬局】沖縄県那覇市松島２丁目１番１４号　ＮＦレジデンス松島２階" }, "geometry": { "type": "Point", "coordinates": [ 127.710331, 26.225768 ] } },
{ "type": "Feature", "properties": { "ID": 4754127033, "正式名称": "アイン薬局　首里店", "機関区分": 5, "都道府県コード": 47, "市区町村コード": 201, "所在地": "沖縄県那覇市首里石嶺町４丁目３５６－５", "緯度": 26.230185, "経度": 127.734284, "url": "https://www.iryou.teikyouseido.mhlw.go.jp/znk-web/juminkanja/S2430/initialize?prefCd=47&kikanCd=4127033&kikanKbn=5", "url2": "https://store.ainj.co.jp/detail/1100406/", "内容": "アイン薬局　首里店【5:薬局】沖縄県那覇市首里石嶺町４丁目３５６－５" }, "geometry": { "type": "Point", "coordinates": [ 127.734284, 26.230185 ] } },
{ "type": "Feature", "properties": { "ID": 4754127060, "正式名称": "ハープ薬局　いしみね店", "機関区分": 5, "都道府県コード": 47, "市区町村コード": 201, "所在地": "沖縄県那覇市首里石嶺町４－２３８－２", "緯度": 26.234251, "経度": 127.73444, "url": "https://www.iryou.teikyouseido.mhlw.go.jp/znk-web/juminkanja/S2430/initialize?prefCd=47&kikanCd=4127060&kikanKbn=5", "url2": null, "内容": "ハープ薬局　いしみね店【5:薬局】沖縄県那覇市首里石嶺町４－２３８－２" }, "geometry": { "type": "Point", "coordinates": [ 127.73444, 26.234251 ] } },
{ "type": "Feature", "properties": { "ID": 4754127062, "正式名称": "和ごころ薬局　さつき店", "機関区分": 5, "都道府県コード": 47, "市区町村コード": 201, "所在地": "沖縄県那覇市宇栄原３丁目１４番地１２号", "緯度": 26.188701, "経度": 127.664698, "url": "https://www.iryou.teikyouseido.mhlw.go.jp/znk-web/juminkanja/S2430/initialize?prefCd=47&kikanCd=4127062&kikanKbn=5", "url2": null, "内容": "和ごころ薬局　さつき店【5:薬局】沖縄県那覇市宇栄原３丁目１４番地１２号" }, "geometry": { "type": "Point", "coordinates": [ 127.664698, 26.188701 ] } },
{ "type": "Feature", "properties": { "ID": 4754127107, "正式名称": "ゆらき薬局　天久店", "機関区分": 5, "都道府県コード": 47, "市区町村コード": 201, "所在地": "沖縄県那覇市天久２－１－１５　サザンリーフ１－Ｂ", "緯度": 26.230529, "経度": 127.687047, "url": "https://www.iryou.teikyouseido.mhlw.go.jp/znk-web/juminkanja/S2430/initialize?prefCd=47&kikanCd=4127107&kikanKbn=5", "url2": null, "内容": "ゆらき薬局　天久店【5:薬局】沖縄県那覇市天久２－１－１５　サザンリーフ１－Ｂ" }, "geometry": { "type": "Point", "coordinates": [ 127.687047, 26.230529 ] } },
{ "type": "Feature", "properties": { "ID": 4754127110, "正式名称": "ぴぃぷる薬局　与儀店", "機関区分": 5, "都道府県コード": 47, "市区町村コード": 201, "所在地": "沖縄県那覇市樋川", "緯度": 26.20604, "経度": 127.689434, "url": "https://www.iryou.teikyouseido.mhlw.go.jp/znk-web/juminkanja/S2430/initialize?prefCd=47&kikanCd=4127110&kikanKbn=5", "url2": "https://www.qol-net.co.jp/pharmacy/map/detail.php?id=656", "内容": "ぴぃぷる薬局　与儀店【5:薬局】沖縄県那覇市樋川" }, "geometry": { "type": "Point", "coordinates": [ 127.689434, 26.20604 ] } },
{ "type": "Feature", "properties": { "ID": 4754127114, "正式名称": "ぴぃぷる薬局　石嶺店", "機関区分": 5, "都道府県コード": 47, "市区町村コード": 201, "所在地": "沖縄県那覇市首里石嶺町３－３１", "緯度": 26.232795, "経度": 127.725555, "url": "https://www.iryou.teikyouseido.mhlw.go.jp/znk-web/juminkanja/S2430/initialize?prefCd=47&kikanCd=4127114&kikanKbn=5", "url2": null, "内容": "ぴぃぷる薬局　石嶺店【5:薬局】沖縄県那覇市首里石嶺町３－３１" }, "geometry": { "type": "Point", "coordinates": [ 127.725555, 26.232795 ] } },
{ "type": "Feature", "properties": { "ID": 4754127120, "正式名称": "グリーンドラッグ薬局与儀店", "機関区分": 5, "都道府県コード": 47, "市区町村コード": 201, "所在地": "沖縄県那覇市与儀２７４", "緯度": 26.201281, "経度": 127.694649, "url": "https://www.iryou.teikyouseido.mhlw.go.jp/znk-web/juminkanja/S2430/initialize?prefCd=47&kikanCd=4127120&kikanKbn=5", "url2": "https://www.ohga-ph.com/", "内容": "グリーンドラッグ薬局与儀店【5:薬局】沖縄県那覇市与儀２７４" }, "geometry": { "type": "Point", "coordinates": [ 127.694649, 26.201281 ] } },
{ "type": "Feature", "properties": { "ID": 4754127124, "正式名称": "グリ－ンドラッグ薬局首里店", "機関区分": 5, "都道府県コード": 47, "市区町村コード": 201, "所在地": "沖縄県那覇市首里汀良町３丁目１１１－７", "緯度": 26.221326, "経度": 127.729457, "url": "https://www.iryou.teikyouseido.mhlw.go.jp/znk-web/juminkanja/S2430/initialize?prefCd=47&kikanCd=4127124&kikanKbn=5", "url2": "https://www.ohga-ph.com/shop/detail/?id=107", "内容": "グリ－ンドラッグ薬局首里店【5:薬局】沖縄県那覇市首里汀良町３丁目１１１－７" }, "geometry": { "type": "Point", "coordinates": [ 127.729457, 26.221326 ] } },
{ "type": "Feature", "properties": { "ID": 4754127129, "正式名称": "ハープ薬局おおのやま店", "機関区分": 5, "都道府県コード": 47, "市区町村コード": 201, "所在地": "沖縄県那覇市奥武山町４６番地りゅうとうビル１階", "緯度": 26.207127, "経度": 127.674661, "url": "https://www.iryou.teikyouseido.mhlw.go.jp/znk-web/juminkanja/S2430/initialize?prefCd=47&kikanCd=4127129&kikanKbn=5", "url2": "http://www.harp-pharmacy.com", "内容": "ハープ薬局おおのやま店【5:薬局】沖縄県那覇市奥武山町４６番地りゅうとうビル１階" }, "geometry": { "type": "Point", "coordinates": [ 127.674661, 26.207127 ] } },
{ "type": "Feature", "properties": { "ID": 4754128026, "正式名称": "アルファ薬局", "機関区分": 5, "都道府県コード": 47, "市区町村コード": 201, "所在地": "沖縄県那覇市おもろまち１－６－２", "緯度": 26.222408, "経度": 127.696762, "url": "https://www.iryou.teikyouseido.mhlw.go.jp/znk-web/juminkanja/S2430/initialize?prefCd=47&kikanCd=4128026&kikanKbn=5", "url2": null, "内容": "アルファ薬局【5:薬局】沖縄県那覇市おもろまち１－６－２" }, "geometry": { "type": "Point", "coordinates": [ 127.696762, 26.222408 ] } }
]
}
