{
"type": "FeatureCollection",
"name": "geo_47_居宅介護支援",
"crs": { "type": "name", "properties": { "name": "urn:ogc:def:crs:OGC:1.3:CRS84" } },
"features": [
{ "type": "Feature", "properties": { "内容": "居宅介護支援事業所　夢【居宅介護支援】沖縄県那覇市首里石嶺町70番地29JK石嶺ハイツ101", "url": "https://www.kaigokensaku.mhlw.go.jp/47/index.php?action_kouhyou_detail_004_kani=true&JigyosyoCd=4770101089-00&ServiceCd=430&Type=search", "url2": "http://www.dayservice-yume.jp/" }, "geometry": { "type": "Point", "coordinates": [ 127.733519362078354, 26.224730141293691 ] } },
{ "type": "Feature", "properties": { "内容": "居宅支援事業所　さんらいふ【居宅介護支援】那覇市銘苅三丁目１７番２２号", "url": "https://www.kaigokensaku.mhlw.go.jp/47/index.php?action_kouhyou_detail_004_kani=true&JigyosyoCd=4770101840-00&ServiceCd=430&Type=search", "url2": "http//www.nahasunlife.com" }, "geometry": { "type": "Point", "coordinates": [ 127.700309100000027, 26.233819 ] } },
{ "type": "Feature", "properties": { "内容": "あいわ居宅介護支援事業所【居宅介護支援】おもろまち3丁目6番地3号愛和ビル5階501号", "url": "https://www.kaigokensaku.mhlw.go.jp/47/index.php?action_kouhyou_detail_004_kani=true&JigyosyoCd=4770102269-00&ServiceCd=430&Type=search", "url2": "http://www.aiwakai.jp/" }, "geometry": { "type": "Point", "coordinates": [ 127.694662600000015, 26.2299136 ] } },
{ "type": "Feature", "properties": { "内容": "居宅介護支援センターふたば【居宅介護支援】沖縄県那覇市金城2-20-16アベニュー105", "url": "https://www.kaigokensaku.mhlw.go.jp/47/index.php?action_kouhyou_detail_004_kani=true&JigyosyoCd=4770103648-00&ServiceCd=430&Type=search", "url2": null }, "geometry": { "type": "Point", "coordinates": [ 127.663708499999984, 26.2030546 ] } },
{ "type": "Feature", "properties": { "内容": "居宅介護支援事業所　美ら島【居宅介護支援】沖縄県那覇市繁多川３－５－２テンディング２階", "url": "https://www.kaigokensaku.mhlw.go.jp/47/index.php?action_kouhyou_detail_004_kani=true&JigyosyoCd=4770101956-00&ServiceCd=430&Type=search", "url2": null }, "geometry": { "type": "Point", "coordinates": [ 127.710484800000017, 26.2148326 ] } },
{ "type": "Feature", "properties": { "内容": "ほっとやすらぎステーション那覇【居宅介護支援】沖縄県那覇市字小禄414番地3", "url": "https://www.kaigokensaku.mhlw.go.jp/47/index.php?action_kouhyou_detail_004_kani=true&JigyosyoCd=4770104398-00&ServiceCd=430&Type=search", "url2": "https://kawatake2000.com/" }, "geometry": { "type": "Point", "coordinates": [ 127.6605718, 26.1951265 ] } },
{ "type": "Feature", "properties": { "内容": "JAおきなわ　南部居宅介護支援事業所【居宅介護支援】沖縄県那覇市寄宮3-10-1", "url": "https://www.kaigokensaku.mhlw.go.jp/47/index.php?action_kouhyou_detail_004_kani=true&JigyosyoCd=4770102475-00&ServiceCd=430&Type=search", "url2": "http://www.ja-okinawa.or.jp/service/kaigo/" }, "geometry": { "type": "Point", "coordinates": [ 127.700539, 26.2074442 ] } },
{ "type": "Feature", "properties": { "内容": "ケアプランセンターゆず【居宅介護支援】沖縄県那覇市首里石嶺町3-199-1コーポみねよし102号", "url": "https://www.kaigokensaku.mhlw.go.jp/47/index.php?action_kouhyou_detail_004_kani=true&JigyosyoCd=4770103465-00&ServiceCd=430&Type=search", "url2": "http://hp.kaipoke.biz/6ep/98796/index_0001.html" }, "geometry": { "type": "Point", "coordinates": [ 127.724241099999958, 26.2304429 ] } },
{ "type": "Feature", "properties": { "内容": "ツクイ沖縄那覇【居宅介護支援】沖縄県那覇市銘苅3-12-32", "url": "https://www.kaigokensaku.mhlw.go.jp/47/index.php?action_kouhyou_detail_004_kani=true&JigyosyoCd=4770104349-00&ServiceCd=430&Type=search", "url2": "http://www/tsukui.net" }, "geometry": { "type": "Point", "coordinates": [ 127.7001068, 26.2347321 ] } },
{ "type": "Feature", "properties": { "内容": "指定居宅介護支援事業所　識名清風苑【居宅介護支援】沖縄県那覇市識名３丁目２０番１２号", "url": "https://www.kaigokensaku.mhlw.go.jp/47/index.php?action_kouhyou_detail_004_kani=true&JigyosyoCd=4750180038-00&ServiceCd=430&Type=search", "url2": "http://seihuuen.net/" }, "geometry": { "type": "Point", "coordinates": [ 127.70846630000004, 26.2043059 ] } },
{ "type": "Feature", "properties": { "内容": "居宅介護支援事業所　颯来【居宅介護支援】沖縄県那覇市字小禄421番地6コーポ屋良105", "url": "https://www.kaigokensaku.mhlw.go.jp/47/index.php?action_kouhyou_detail_004_kani=true&JigyosyoCd=4770102251-00&ServiceCd=430&Type=search", "url2": null }, "geometry": { "type": "Point", "coordinates": [ 127.674577515938637, 26.199856087171209 ] } },
{ "type": "Feature", "properties": { "内容": "居宅介護支援事業所　ハピプラン【居宅介護支援】那覇市松尾2丁目17番45号", "url": "https://www.kaigokensaku.mhlw.go.jp/47/index.php?action_kouhyou_detail_004_kani=true&JigyosyoCd=4770102459-00&ServiceCd=430&Type=search", "url2": "plan＠kainan-hapi.com" }, "geometry": { "type": "Point", "coordinates": [ 127.686970299999984, 26.2114155 ] } },
{ "type": "Feature", "properties": { "内容": "たいら居宅介護支援センター【居宅介護支援】那覇市若狭二丁目10番6号", "url": "https://www.kaigokensaku.mhlw.go.jp/47/index.php?action_kouhyou_detail_004_kani=true&JigyosyoCd=4770100982-00&ServiceCd=430&Type=search", "url2": null }, "geometry": { "type": "Point", "coordinates": [ 127.676625699999917, 26.221703 ] } },
{ "type": "Feature", "properties": { "内容": "繁多川偕生園　ケアプランセンター【居宅介護支援】沖縄県那覇市繁多川１丁目６番１６号", "url": "https://www.kaigokensaku.mhlw.go.jp/47/index.php?action_kouhyou_detail_004_kani=true&JigyosyoCd=4770101790-00&ServiceCd=430&Type=search", "url2": null }, "geometry": { "type": "Point", "coordinates": [ 127.708568600000035, 26.2111663 ] } },
{ "type": "Feature", "properties": { "内容": "居宅介護支援センター　コメスタ【居宅介護支援】沖縄県那覇市寄宮２丁目１－１８ユートピア沖縄１階", "url": "https://www.kaigokensaku.mhlw.go.jp/47/index.php?action_kouhyou_detail_004_kani=true&JigyosyoCd=4770102004-00&ServiceCd=430&Type=search", "url2": "http://www.jyujinkai.or.jp/" }, "geometry": { "type": "Point", "coordinates": [ 127.695718996329873, 26.206581403249466 ] } },
{ "type": "Feature", "properties": { "内容": "那覇偕生園ケアプランセンター【居宅介護支援】那覇市首里石嶺町４丁目３９０番地", "url": "https://www.kaigokensaku.mhlw.go.jp/47/index.php?action_kouhyou_detail_004_kani=true&JigyosyoCd=4770102160-00&ServiceCd=430&Type=search", "url2": "http://www/kaiseikai.org/" }, "geometry": { "type": "Point", "coordinates": [ 127.7349289, 26.2316625 ] } },
{ "type": "Feature", "properties": { "内容": "ふれあいケアマネジメント那覇【居宅介護支援】那覇市字国場862番地1", "url": "https://www.kaigokensaku.mhlw.go.jp/47/index.php?action_kouhyou_detail_004_kani=true&JigyosyoCd=4770102848-00&ServiceCd=430&Type=search", "url2": "http://fureai-kaigo.com/" }, "geometry": { "type": "Point", "coordinates": [ 127.6997176, 26.1983063 ] } },
{ "type": "Feature", "properties": { "内容": "寄宮偕生園ケアプランセンター【居宅介護支援】沖縄県那覇市寄宮2丁目5番8号リブラハウス１Ｆ", "url": "https://www.kaigokensaku.mhlw.go.jp/47/index.php?action_kouhyou_detail_004_kani=true&JigyosyoCd=4770103572-00&ServiceCd=430&Type=search", "url2": "http://www.kaiseikai.org/index.html" }, "geometry": { "type": "Point", "coordinates": [ 127.696195, 26.2067635 ] } },
{ "type": "Feature", "properties": { "内容": "居宅介護支援事業所リンクス【居宅介護支援】沖縄県那覇市寄宮三丁目3番5号寄宮市街地分譲住宅322号", "url": "https://www.kaigokensaku.mhlw.go.jp/47/index.php?action_kouhyou_detail_004_kani=true&JigyosyoCd=4770104281-00&ServiceCd=430&Type=search", "url2": null }, "geometry": { "type": "Point", "coordinates": [ 127.702476284655802, 26.207586012555907 ] } },
{ "type": "Feature", "properties": { "内容": "ニチイケアセンターまぁじ【居宅介護支援】沖縄県那覇市字識名1249-1", "url": "https://www.kaigokensaku.mhlw.go.jp/47/index.php?action_kouhyou_detail_004_kani=true&JigyosyoCd=4770100149-00&ServiceCd=430&Type=search", "url2": "http://www.nichiigakkn.co.jp" }, "geometry": { "type": "Point", "coordinates": [ 127.715485400000034, 26.2002954 ] } },
{ "type": "Feature", "properties": { "内容": "けあぷらんあい【居宅介護支援】上間342番地1シャトレ宮里　１F", "url": "https://www.kaigokensaku.mhlw.go.jp/47/index.php?action_kouhyou_detail_004_kani=true&JigyosyoCd=4770104919-00&ServiceCd=430&Type=search", "url2": null }, "geometry": { "type": "Point", "coordinates": [ 127.714313433135203, 26.1972531 ] } },
{ "type": "Feature", "properties": { "内容": "介護計画相談所さとうきび那覇新都心店【居宅介護支援】沖縄県那覇市銘苅2丁目11番19号グロヴィーサイト新都心101", "url": "https://www.kaigokensaku.mhlw.go.jp/47/index.php?action_kouhyou_detail_004_kani=true&JigyosyoCd=4770103952-00&ServiceCd=430&Type=search", "url2": null }, "geometry": { "type": "Point", "coordinates": [ 127.695830114384677, 26.232964386685161 ] } },
{ "type": "Feature", "properties": { "内容": "居宅介護支援事業所　ゆいまーる松川【居宅介護支援】沖縄県那覇市字松川301-15テラス坂下602号", "url": "https://www.kaigokensaku.mhlw.go.jp/47/index.php?action_kouhyou_detail_004_kani=true&JigyosyoCd=4773600046-00&ServiceCd=430&Type=search", "url2": "ww.hojinkai-group.com/yuimarumatsugawa" }, "geometry": { "type": "Point", "coordinates": [ 127.7020963, 26.2183069 ] } },
{ "type": "Feature", "properties": { "内容": "良創夢ケアプランセンター松川【居宅介護支援】松川3丁目2番1号松川共同住宅　1階", "url": "https://www.kaigokensaku.mhlw.go.jp/47/index.php?action_kouhyou_detail_004_kani=true&JigyosyoCd=4770103226-00&ServiceCd=430&Type=search", "url2": "www.rasoumu.com" }, "geometry": { "type": "Point", "coordinates": [ 127.70483519999992, 26.215199 ] } },
{ "type": "Feature", "properties": { "内容": "居宅介護支援事業所琉愛【居宅介護支援】曙3-17-19コーポ石川1Ｆ", "url": "https://www.kaigokensaku.mhlw.go.jp/47/index.php?action_kouhyou_detail_004_kani=true&JigyosyoCd=4770102640-00&ServiceCd=430&Type=search", "url2": null }, "geometry": { "type": "Point", "coordinates": [ 127.6827988, 26.242726 ] } },
{ "type": "Feature", "properties": { "内容": "来夢居宅介護支援事業所【居宅介護支援】長田2丁目30番36号新里アパート101", "url": "https://www.kaigokensaku.mhlw.go.jp/47/index.php?action_kouhyou_detail_004_kani=true&JigyosyoCd=4770103929-00&ServiceCd=430&Type=search", "url2": null }, "geometry": { "type": "Point", "coordinates": [ 127.7044616, 26.2028727 ] } },
{ "type": "Feature", "properties": { "内容": "居宅介護支援事業所　おもろ【居宅介護支援】沖縄県那覇市銘苅3丁目20番22号", "url": "https://www.kaigokensaku.mhlw.go.jp/47/index.php?action_kouhyou_detail_004_kani=true&JigyosyoCd=4770100321-00&ServiceCd=430&Type=search", "url2": "http://www.medicare-japan.com" }, "geometry": { "type": "Point", "coordinates": [ 127.7005486, 26.2336482 ] } },
{ "type": "Feature", "properties": { "内容": "居宅介護支援事業所　首里センター【居宅介護支援】沖縄県那覇市首里石嶺町４－１９７", "url": "https://www.kaigokensaku.mhlw.go.jp/47/index.php?action_kouhyou_detail_004_kani=true&JigyosyoCd=4770101014-00&ServiceCd=430&Type=search", "url2": "http://shuri-center.com/" }, "geometry": { "type": "Point", "coordinates": [ 127.731443676721256, 26.235579820393006 ] } },
{ "type": "Feature", "properties": { "内容": "在宅ケアセンターしだかじ【居宅介護支援】沖縄県那覇市松川４４８－１B－１０３", "url": "https://www.kaigokensaku.mhlw.go.jp/47/index.php?action_kouhyou_detail_004_kani=true&JigyosyoCd=4770103077-00&ServiceCd=430&Type=search", "url2": "www.kina-clinic.jp" }, "geometry": { "type": "Point", "coordinates": [ 127.707212499999955, 26.219907 ] } },
{ "type": "Feature", "properties": { "内容": "ケアプランあさ　那覇店【居宅介護支援】沖縄県那覇市三原3丁目12番20号ウィンズ三原　1階", "url": "https://www.kaigokensaku.mhlw.go.jp/47/index.php?action_kouhyou_detail_004_kani=true&JigyosyoCd=4770104588-00&ServiceCd=430&Type=search", "url2": null }, "geometry": { "type": "Point", "coordinates": [ 127.703789, 26.2097172 ] } },
{ "type": "Feature", "properties": { "内容": "やさしい手国場居宅介護支援事業所【居宅介護支援】沖縄県那覇市字国場706-10　サンテラスかかず201サンテラスかかず201", "url": "https://www.kaigokensaku.mhlw.go.jp/47/index.php?action_kouhyou_detail_004_kani=true&JigyosyoCd=4770101188-00&ServiceCd=430&Type=search", "url2": "http://www.yasashiite-okinawa.com/" }, "geometry": { "type": "Point", "coordinates": [ 127.697910500000035, 26.2029741 ] } },
{ "type": "Feature", "properties": { "内容": "ゆうこケアセンター【居宅介護支援】首里山川町３丁目５７番地", "url": "https://www.kaigokensaku.mhlw.go.jp/47/index.php?action_kouhyou_detail_004_kani=true&JigyosyoCd=4770102319-00&ServiceCd=430&Type=search", "url2": "http://ainomori.jp/" }, "geometry": { "type": "Point", "coordinates": [ 127.709271739286805, 26.218868814049969 ] } },
{ "type": "Feature", "properties": { "内容": "あかばなー合同会社【居宅介護支援】沖縄県那覇市首里石嶺町2-91-7　1階原田共同住宅2", "url": "https://www.kaigokensaku.mhlw.go.jp/47/index.php?action_kouhyou_detail_004_kani=true&JigyosyoCd=4770104638-00&ServiceCd=430&Type=search", "url2": null }, "geometry": { "type": "Point", "coordinates": [ 127.7297385, 26.2273632 ] } },
{ "type": "Feature", "properties": { "内容": "居宅介護支援事業所楽【居宅介護支援】沖縄県那覇市識名1丁目4番16号", "url": "https://www.kaigokensaku.mhlw.go.jp/47/index.php?action_kouhyou_detail_004_kani=true&JigyosyoCd=4770101931-00&ServiceCd=430&Type=search", "url2": "https://www.partner-raku.com/raku-aiti.php" }, "geometry": { "type": "Point", "coordinates": [ 127.703497100000035, 26.2071443 ] } },
{ "type": "Feature", "properties": { "内容": "ケアプランセンター　エスタジオ小禄【居宅介護支援】宮城１丁目１８番１号エスタジオ小禄2階", "url": "https://www.kaigokensaku.mhlw.go.jp/47/index.php?action_kouhyou_detail_004_kani=true&JigyosyoCd=4770103762-00&ServiceCd=430&Type=search", "url2": null }, "geometry": { "type": "Point", "coordinates": [ 127.6577598, 26.187342 ] } },
{ "type": "Feature", "properties": { "内容": "ケアプランセンターぴたさぽ【居宅介護支援】沖縄県那覇市字国場３２番地", "url": "https://www.kaigokensaku.mhlw.go.jp/47/index.php?action_kouhyou_detail_004_kani=true&JigyosyoCd=4770102590-00&ServiceCd=430&Type=search", "url2": "http://carepro.ryuseki-group.jp/" }, "geometry": { "type": "Point", "coordinates": [ 127.703173675285342, 26.195701287468651 ] } },
{ "type": "Feature", "properties": { "内容": "介護相談所あじゃ【居宅介護支援】沖縄県那覇市字安謝246-9城間アパート1階", "url": "https://www.kaigokensaku.mhlw.go.jp/47/index.php?action_kouhyou_detail_004_kani=true&JigyosyoCd=4770103770-00&ServiceCd=430&Type=search", "url2": "https://www.kaigosoudanjyo.com" }, "geometry": { "type": "Point", "coordinates": [ 127.686828076074804, 26.239385101454992 ] } },
{ "type": "Feature", "properties": { "内容": "居宅介護支援事業所かみはら【居宅介護支援】沖縄県那覇市寄宮1丁目9番地の5地域包括ケアセンターかみはら1階", "url": "https://www.kaigokensaku.mhlw.go.jp/47/index.php?action_kouhyou_detail_004_kani=true&JigyosyoCd=4760190134-00&ServiceCd=430&Type=search", "url2": "http://www.omotokai.or.jp" }, "geometry": { "type": "Point", "coordinates": [ 127.692917604893523, 26.21050644933316 ] } },
{ "type": "Feature", "properties": { "内容": "きょたくかいごしえんじぎょうしょ　なぎ【居宅介護支援】沖縄県那覇市三原3-2-11大湾アパート1F", "url": "https://www.kaigokensaku.mhlw.go.jp/47/index.php?action_kouhyou_detail_004_kani=true&JigyosyoCd=4770104695-00&ServiceCd=430&Type=search", "url2": null }, "geometry": { "type": "Point", "coordinates": [ 127.7010631, 26.2092068 ] } },
{ "type": "Feature", "properties": { "内容": "ひまわり居宅介護支援センター【居宅介護支援】那覇市識名3丁目20番12号", "url": "https://www.kaigokensaku.mhlw.go.jp/47/index.php?action_kouhyou_detail_004_kani=true&JigyosyoCd=4750180061-00&ServiceCd=430&Type=search", "url2": "http://seihuuen.net/" }, "geometry": { "type": "Point", "coordinates": [ 127.7084415, 26.2043644 ] } },
{ "type": "Feature", "properties": { "内容": "CareManagementOfficeLanternNaha【居宅介護支援】沖縄県那覇市宇栄原1-23-18コーポ長嶺Ⅱ　1-1号室", "url": "https://www.kaigokensaku.mhlw.go.jp/47/index.php?action_kouhyou_detail_004_kani=true&JigyosyoCd=4770104802-00&ServiceCd=430&Type=search", "url2": null }, "geometry": { "type": "Point", "coordinates": [ 127.662898942327899, 26.191512288532746 ] } },
{ "type": "Feature", "properties": { "内容": "ケアプラン　もくれん【居宅介護支援】沖縄県　那覇市首里石嶺町二丁目８３番地１宮平アパート２０５", "url": "https://www.kaigokensaku.mhlw.go.jp/47/index.php?action_kouhyou_detail_004_kani=true&JigyosyoCd=4770104885-00&ServiceCd=430&Type=search", "url2": null }, "geometry": { "type": "Point", "coordinates": [ 127.7336035, 26.2236916 ] } },
{ "type": "Feature", "properties": { "内容": "ｹｱﾌﾟﾗﾝｾﾝﾀｰ琉球の街【居宅介護支援】沖縄県那覇市繁多川3丁目7-13吉田店舗A101号室", "url": "https://www.kaigokensaku.mhlw.go.jp/47/index.php?action_kouhyou_detail_004_kani=true&JigyosyoCd=4770103481-00&ServiceCd=430&Type=search", "url2": "http://ｗｗｗ.ｒｙｕｋｙｕｎｏｍａｃｈｉ.ｃｏｍ" }, "geometry": { "type": "Point", "coordinates": [ 127.711068, 26.2157159 ] } },
{ "type": "Feature", "properties": { "内容": "指定居宅介護支援事業所マナ【居宅介護支援】沖縄県那覇市字天久1127番地5", "url": "https://www.kaigokensaku.mhlw.go.jp/47/index.php?action_kouhyou_detail_004_kani=true&JigyosyoCd=4770101998-00&ServiceCd=430&Type=search", "url2": null }, "geometry": { "type": "Point", "coordinates": [ 127.685914349945875, 26.230521126362543 ] } },
{ "type": "Feature", "properties": { "内容": "オリブ山居宅介護支援事業所【居宅介護支援】沖縄県那覇市首里石嶺町２丁目１３番地１オリブ山地域サポートセンター", "url": "https://www.kaigokensaku.mhlw.go.jp/47/index.php?action_kouhyou_detail_004_kani=true&JigyosyoCd=4710116189-00&ServiceCd=430&Type=search", "url2": "http://www.oribuyama.org" }, "geometry": { "type": "Point", "coordinates": [ 127.729457200000056, 26.2257277 ] } },
{ "type": "Feature", "properties": { "内容": "居宅支援センターシルバーピアしきな【居宅介護支援】沖縄県那覇市識名2丁目6番35号", "url": "https://www.kaigokensaku.mhlw.go.jp/47/index.php?action_kouhyou_detail_004_kani=true&JigyosyoCd=4750180020-00&ServiceCd=430&Type=search", "url2": "https://www.piashikina.jp/" }, "geometry": { "type": "Point", "coordinates": [ 127.7086216, 26.2072667 ] } },
{ "type": "Feature", "properties": { "内容": "大名居宅介護支援事業所【居宅介護支援】沖縄県那覇市首里大名町1丁目43番地2", "url": "https://www.kaigokensaku.mhlw.go.jp/47/index.php?action_kouhyou_detail_004_kani=true&JigyosyoCd=4770100024-00&ServiceCd=430&Type=search", "url2": "http://www.yuunanokai.or.jp" }, "geometry": { "type": "Point", "coordinates": [ 127.711036299999918, 26.2322253 ] } },
{ "type": "Feature", "properties": { "内容": "那覇市安謝居宅介護支援事業所【居宅介護支援】沖縄県那覇市安謝2-15-2", "url": "https://www.kaigokensaku.mhlw.go.jp/47/index.php?action_kouhyou_detail_004_kani=true&JigyosyoCd=4770100057-00&ServiceCd=430&Type=search", "url2": "http://www.aja.jrc.or.jp/" }, "geometry": { "type": "Point", "coordinates": [ 127.688015100000044, 26.2374819 ] } },
{ "type": "Feature", "properties": { "内容": "那覇市社会福祉協議会　居宅介護支援事業所【居宅介護支援】沖縄県那覇市金城3丁目5番地の4那覇市総合福祉センター2階", "url": "https://www.kaigokensaku.mhlw.go.jp/47/index.php?action_kouhyou_detail_004_kani=true&JigyosyoCd=4770100065-00&ServiceCd=430&Type=search", "url2": "http://www.nahasyakyo.org" }, "geometry": { "type": "Point", "coordinates": [ 127.663925300000074, 26.2003577 ] } },
{ "type": "Feature", "properties": { "内容": "沖縄介護センター【居宅介護支援】沖縄県那覇市松川531-1", "url": "https://www.kaigokensaku.mhlw.go.jp/47/index.php?action_kouhyou_detail_004_kani=true&JigyosyoCd=4770100099-00&ServiceCd=430&Type=search", "url2": "http://www.okinawakaigo.co.jp" }, "geometry": { "type": "Point", "coordinates": [ 127.710957658474726, 26.222392046396369 ] } },
{ "type": "Feature", "properties": { "内容": "株式会社ケアステーション沖縄【居宅介護支援】沖縄県那覇市古波蔵３丁目５番３５号", "url": "https://www.kaigokensaku.mhlw.go.jp/47/index.php?action_kouhyou_detail_004_kani=true&JigyosyoCd=4770100164-00&ServiceCd=430&Type=search", "url2": null }, "geometry": { "type": "Point", "coordinates": [ 127.683588099999966, 26.2010527 ] } },
{ "type": "Feature", "properties": { "内容": "居宅支援センターいしだ介護保険相談所【居宅介護支援】沖縄県那覇市三原1丁目2番6号三原あけぼの館　503・502号室", "url": "https://www.kaigokensaku.mhlw.go.jp/47/index.php?action_kouhyou_detail_004_kani=true&JigyosyoCd=4770100347-00&ServiceCd=430&Type=search", "url2": "https://www.johnan-kai.jp" }, "geometry": { "type": "Point", "coordinates": [ 127.6978403, 26.2108538 ] } },
{ "type": "Feature", "properties": { "内容": "居宅介護支援事業所　ライラック【居宅介護支援】沖縄県那覇市識名２丁目１３番５７号", "url": "https://www.kaigokensaku.mhlw.go.jp/47/index.php?action_kouhyou_detail_004_kani=true&JigyosyoCd=4770100636-00&ServiceCd=430&Type=search", "url2": "http://www.yuunanokai.or.jp" }, "geometry": { "type": "Point", "coordinates": [ 127.709174500000017, 26.2057502 ] } },
{ "type": "Feature", "properties": { "内容": "居宅介護支援事業所なうら【居宅介護支援】沖縄県那覇市字天久７９８番地１１　１階", "url": "https://www.kaigokensaku.mhlw.go.jp/47/index.php?action_kouhyou_detail_004_kani=true&JigyosyoCd=4770100784-00&ServiceCd=430&Type=search", "url2": "naura2004r@gmail.com" }, "geometry": { "type": "Point", "coordinates": [ 127.685813831629957, 26.237471156375118 ] } },
{ "type": "Feature", "properties": { "内容": "居宅介護支援事業所　結【居宅介護支援】沖縄県那覇市宇栄原1-8-1", "url": "https://www.kaigokensaku.mhlw.go.jp/47/index.php?action_kouhyou_detail_004_kani=true&JigyosyoCd=4770100842-00&ServiceCd=430&Type=search", "url2": null }, "geometry": { "type": "Point", "coordinates": [ 127.6660925, 26.1920558 ] } },
{ "type": "Feature", "properties": { "内容": "きよらか居宅介護支援事業所【居宅介護支援】沖縄県那覇市首里汀良町３丁目１１１番地", "url": "https://www.kaigokensaku.mhlw.go.jp/47/index.php?action_kouhyou_detail_004_kani=true&JigyosyoCd=4770101121-00&ServiceCd=430&Type=search", "url2": "https://kiyoraka-shuri.jp/%e5%b1%85%e5%ae%85%e4%bb%8b%e8%ad%b7%e6%94%af%e6%8f%b4/" }, "geometry": { "type": "Point", "coordinates": [ 127.729415153967238, 26.221923476386166 ] } },
{ "type": "Feature", "properties": { "内容": "居宅介護支援事業所ONE【居宅介護支援】那覇市古島２－２９－２みつひろマンション1階", "url": "https://www.kaigokensaku.mhlw.go.jp/47/index.php?action_kouhyou_detail_004_kani=true&JigyosyoCd=4770101311-00&ServiceCd=430&Type=search", "url2": null }, "geometry": { "type": "Point", "coordinates": [ 127.708284, 26.2285339 ] } },
{ "type": "Feature", "properties": { "内容": "株式会社なまくま　指定居宅介護支援事業所　なまくま【居宅介護支援】沖縄県那覇市泊２-２５-２友寄アパート1階", "url": "https://www.kaigokensaku.mhlw.go.jp/47/index.php?action_kouhyou_detail_004_kani=true&JigyosyoCd=4770102210-00&ServiceCd=430&Type=search", "url2": null }, "geometry": { "type": "Point", "coordinates": [ 127.6878246, 26.225536500000018 ] } },
{ "type": "Feature", "properties": { "内容": "在宅総合ケアセンター　大道【居宅介護支援】沖縄県那覇市安里３８１番地１", "url": "https://www.kaigokensaku.mhlw.go.jp/47/index.php?action_kouhyou_detail_004_kani=true&JigyosyoCd=4770103010-00&ServiceCd=430&Type=search", "url2": null }, "geometry": { "type": "Point", "coordinates": [ 127.697512519574033, 26.217669351152207 ] } },
{ "type": "Feature", "properties": { "内容": "介護センターすみか【居宅介護支援】沖縄県那覇市首里金城町２丁目８４番地３１階", "url": "https://www.kaigokensaku.mhlw.go.jp/47/index.php?action_kouhyou_detail_004_kani=true&JigyosyoCd=4770103143-00&ServiceCd=430&Type=search", "url2": null }, "geometry": { "type": "Point", "coordinates": [ 127.713932018050727, 26.214543449613409 ] } },
{ "type": "Feature", "properties": { "内容": "居宅介護支援事業所つじまち【居宅介護支援】沖縄県那覇市辻2-27-1", "url": "https://www.kaigokensaku.mhlw.go.jp/47/index.php?action_kouhyou_detail_004_kani=true&JigyosyoCd=4770103390-00&ServiceCd=430&Type=search", "url2": "http://reihoukai.or.jp/" }, "geometry": { "type": "Point", "coordinates": [ 127.668898799999965, 26.2179644 ] } },
{ "type": "Feature", "properties": { "内容": "ケアプランセンターいちか【居宅介護支援】沖縄県那覇市仲井真２０５番地３新垣ハイツA103", "url": "https://www.kaigokensaku.mhlw.go.jp/47/index.php?action_kouhyou_detail_004_kani=true&JigyosyoCd=4770103408-00&ServiceCd=430&Type=search", "url2": null }, "geometry": { "type": "Point", "coordinates": [ 127.709341799999962, 26.1956458 ] } },
{ "type": "Feature", "properties": { "内容": "グリーンハウス国場指定居宅介護支援事業所【居宅介護支援】沖縄県那覇市国場326番地", "url": "https://www.kaigokensaku.mhlw.go.jp/47/index.php?action_kouhyou_detail_004_kani=true&JigyosyoCd=4770103614-00&ServiceCd=430&Type=search", "url2": null }, "geometry": { "type": "Point", "coordinates": [ 127.698453400000062, 26.2034279 ] } },
{ "type": "Feature", "properties": { "内容": "ケアプランセンターももほ【居宅介護支援】沖縄県那覇市字安里51番地", "url": "https://www.kaigokensaku.mhlw.go.jp/47/index.php?action_kouhyou_detail_004_kani=true&JigyosyoCd=4770103861-00&ServiceCd=430&Type=search", "url2": "http://saisei-kai.or.jp" }, "geometry": { "type": "Point", "coordinates": [ 127.694073399999979, 26.2203505 ] } },
{ "type": "Feature", "properties": { "内容": "小禄居宅介護支援事業所【居宅介護支援】沖縄県那覇市小禄１丁目２７番地１松下住宅１０１号室", "url": "https://www.kaigokensaku.mhlw.go.jp/47/index.php?action_kouhyou_detail_004_kani=true&JigyosyoCd=4770104240-00&ServiceCd=430&Type=search", "url2": "http://www.rokujukai.or.jp" }, "geometry": { "type": "Point", "coordinates": [ 127.677407371163937, 26.192974445764158 ] } },
{ "type": "Feature", "properties": { "内容": "指定居宅介護支援事業所　イデア【居宅介護支援】沖縄県那覇市久米1丁目8番15号1階", "url": "https://www.kaigokensaku.mhlw.go.jp/47/index.php?action_kouhyou_detail_004_kani=true&JigyosyoCd=4770104323-00&ServiceCd=430&Type=search", "url2": null }, "geometry": { "type": "Point", "coordinates": [ 127.672876203997902, 26.217228555160887 ] } },
{ "type": "Feature", "properties": { "内容": "ピースケア居宅介護支援事業所【居宅介護支援】沖縄県那覇市字仲井真398番地61與那嶺アパート102", "url": "https://www.kaigokensaku.mhlw.go.jp/47/index.php?action_kouhyou_detail_004_kani=true&JigyosyoCd=4770104570-00&ServiceCd=430&Type=search", "url2": null }, "geometry": { "type": "Point", "coordinates": [ 127.7096889, 26.192576899999988 ] } },
{ "type": "Feature", "properties": { "内容": "居宅介護支援事業所あした天気になあれ【居宅介護支援】沖縄県那覇市長田一丁目２１番１号コーポ長田１０３", "url": "https://www.kaigokensaku.mhlw.go.jp/47/index.php?action_kouhyou_detail_004_kani=true&JigyosyoCd=4770104794-00&ServiceCd=430&Type=search", "url2": "https://www.asita-tenki21.com" }, "geometry": { "type": "Point", "coordinates": [ 127.7010247, 26.2027655 ] } },
{ "type": "Feature", "properties": { "内容": "ケアプランセンターむそう【居宅介護支援】沖縄県那覇市首里石嶺町二丁目２１５番地１０", "url": "https://www.kaigokensaku.mhlw.go.jp/47/index.php?action_kouhyou_detail_004_kani=true&JigyosyoCd=4770104828-00&ServiceCd=430&Type=search", "url2": "https://www.muso-kh.com/" }, "geometry": { "type": "Point", "coordinates": [ 127.733489931035166, 26.220685179305303 ] } },
{ "type": "Feature", "properties": { "内容": "ツクイ沖縄新都心【居宅介護支援】沖縄県那覇市銘苅1-11-3新都心76ビル１F", "url": "https://www.kaigokensaku.mhlw.go.jp/47/index.php?action_kouhyou_detail_004_kani=true&JigyosyoCd=4770104893-00&ServiceCd=430&Type=search", "url2": "https://www.tsukui.net/home-care/2792/print/" }, "geometry": { "type": "Point", "coordinates": [ 127.701004100589714, 26.231222915362867 ] } },
{ "type": "Feature", "properties": { "内容": "居宅介護支援事業所おもと園【居宅介護支援】那覇市字天久1000番地ANNEX３F", "url": "https://www.kaigokensaku.mhlw.go.jp/47/index.php?action_kouhyou_detail_004_kani=true&JigyosyoCd=4770105130-00&ServiceCd=430&Type=search", "url2": "https://omotokai.or.jp/jigyou/202/#sec2" }, "geometry": { "type": "Point", "coordinates": [ 127.6837353, 26.2345199 ] } },
{ "type": "Feature", "properties": { "内容": "居宅介護支援事業所わらかど【居宅介護支援】沖縄県那覇市宇栄原4丁目2番1号101", "url": "https://www.kaigokensaku.mhlw.go.jp/47/index.php?action_kouhyou_detail_004_kani=true&JigyosyoCd=4770105171-00&ServiceCd=430&Type=search", "url2": null }, "geometry": { "type": "Point", "coordinates": [ 127.6683803, 26.187876 ] } },
{ "type": "Feature", "properties": { "内容": "パークヒル天久指定居宅介護支援事業所【居宅介護支援】沖縄県那覇市字天久1123番地介護老人保健施設", "url": "https://www.kaigokensaku.mhlw.go.jp/47/index.php?action_kouhyou_detail_004_kani=true&JigyosyoCd=4770100909-00&ServiceCd=430&Type=search", "url2": "http//www.tjmc.or.jp" }, "geometry": { "type": "Point", "coordinates": [ 127.6868045, 26.2333268 ] } },
{ "type": "Feature", "properties": { "内容": "ケアプランセンターにしめ【居宅介護支援】沖縄県那覇市繁多川１丁目１８－３コーポレインボー101号室", "url": "https://www.kaigokensaku.mhlw.go.jp/47/index.php?action_kouhyou_detail_004_kani=true&JigyosyoCd=4770104497-00&ServiceCd=430&Type=search", "url2": null }, "geometry": { "type": "Point", "coordinates": [ 127.705731, 26.2131581 ] } },
{ "type": "Feature", "properties": { "内容": "こくらクリニック指定居宅介護支援事業所【居宅介護支援】沖縄県那覇市古波蔵3丁目8番28号5階", "url": "https://www.kaigokensaku.mhlw.go.jp/47/index.php?action_kouhyou_detail_004_kani=true&JigyosyoCd=4710115215-00&ServiceCd=430&Type=search", "url2": "http://www.nantoku.org/kokura" }, "geometry": { "type": "Point", "coordinates": [ 127.684849100000065, 26.2006722 ] } },
{ "type": "Feature", "properties": { "内容": "WANSTYLEPLAN【居宅介護支援】首里大名町3丁目80-1１階", "url": "https://www.kaigokensaku.mhlw.go.jp/47/index.php?action_kouhyou_detail_004_kani=true&JigyosyoCd=4770104877-00&ServiceCd=430&Type=search", "url2": null }, "geometry": { "type": "Point", "coordinates": [ 127.7196659, 26.233087 ] } },
{ "type": "Feature", "properties": { "内容": "有限会社　かりゆしケアセンター【居宅介護支援】沖縄県那覇市古波蔵１丁目２４番２１幸ビル　２０１号室", "url": "https://www.kaigokensaku.mhlw.go.jp/47/index.php?action_kouhyou_detail_004_kani=true&JigyosyoCd=4770100669-00&ServiceCd=430&Type=search", "url2": "https://sites.google.com/view/kariyushicare/" }, "geometry": { "type": "Point", "coordinates": [ 127.691995461377005, 26.19616254491168 ] } },
{ "type": "Feature", "properties": { "内容": "ケアプランセンターあおい【居宅介護支援】那覇市高良二の六番十九４O３", "url": "https://www.kaigokensaku.mhlw.go.jp/47/index.php?action_kouhyou_detail_004_kani=true&JigyosyoCd=4770104752-00&ServiceCd=430&Type=search", "url2": null }, "geometry": { "type": "Point", "coordinates": [ 127.663557362565598, 26.185978315992479 ] } },
{ "type": "Feature", "properties": { "内容": "コツヨシ居宅介護支援事業所【居宅介護支援】樋川２丁目２番１８号", "url": "https://www.kaigokensaku.mhlw.go.jp/47/index.php?action_kouhyou_detail_004_kani=true&JigyosyoCd=4760190860-00&ServiceCd=430&Type=search", "url2": null }, "geometry": { "type": "Point", "coordinates": [ 127.6893498, 26.2106773 ] } },
{ "type": "Feature", "properties": { "内容": "care　management　office　花-すべての人の心に花を【居宅介護支援】沖縄県那覇市具志2-12-11", "url": "https://www.kaigokensaku.mhlw.go.jp/47/index.php?action_kouhyou_detail_004_kani=true&JigyosyoCd=4770104968-00&ServiceCd=430&Type=search", "url2": null }, "geometry": { "type": "Point", "coordinates": [ 127.6604738, 26.1815465 ] } },
{ "type": "Feature", "properties": { "内容": "ケアプランセンターしんらい那覇【居宅介護支援】沖縄県那覇市壺川2丁目13-46　1階", "url": "https://www.kaigokensaku.mhlw.go.jp/47/index.php?action_kouhyou_detail_004_kani=true&JigyosyoCd=4770104976-00&ServiceCd=430&Type=search", "url2": null }, "geometry": { "type": "Point", "coordinates": [ 127.6830632, 26.203068 ] } },
{ "type": "Feature", "properties": { "内容": "居宅介護支援事業所　誠【居宅介護支援】沖縄県那覇市字小禄811番地11102号", "url": "https://www.kaigokensaku.mhlw.go.jp/47/index.php?action_kouhyou_detail_004_kani=true&JigyosyoCd=4770105015-00&ServiceCd=430&Type=search", "url2": null }, "geometry": { "type": "Point", "coordinates": [ 127.6705994, 26.1934457 ] } },
{ "type": "Feature", "properties": { "内容": "ケアプランセンターよもきち【居宅介護支援】沖縄県那覇市長田1-10-6エステートN　2-A", "url": "https://www.kaigokensaku.mhlw.go.jp/47/index.php?action_kouhyou_detail_004_kani=true&JigyosyoCd=4770105098-00&ServiceCd=430&Type=search", "url2": "https://yomokichi.my.canva.site/" }, "geometry": { "type": "Point", "coordinates": [ 127.7014429, 26.2047768 ] } },
{ "type": "Feature", "properties": { "内容": "介護支援センターのんびり【居宅介護支援】沖縄県那覇市識名1丁目8番28号", "url": "https://www.kaigokensaku.mhlw.go.jp/47/index.php?action_kouhyou_detail_004_kani=true&JigyosyoCd=4770103986-00&ServiceCd=430&Type=search", "url2": null }, "geometry": { "type": "Point", "coordinates": [ 127.702624190737922, 26.205586152313177 ] } },
{ "type": "Feature", "properties": { "内容": "しなさき居宅介護支援事業所【居宅介護支援】長田一丁目17番地5長田ハイツA棟303号室", "url": "https://www.kaigokensaku.mhlw.go.jp/47/index.php?action_kouhyou_detail_004_kani=true&JigyosyoCd=4770104000-00&ServiceCd=430&Type=search", "url2": "http://shinasaki.com/" }, "geometry": { "type": "Point", "coordinates": [ 127.7018507085984, 26.203243562737601 ] } },
{ "type": "Feature", "properties": { "内容": "介護の相談窓口はっぴーすまいる【居宅介護支援】沖縄県那覇市首里儀保町1丁目37番地71F", "url": "https://www.kaigokensaku.mhlw.go.jp/47/index.php?action_kouhyou_detail_004_kani=true&JigyosyoCd=4770105197-00&ServiceCd=430&Type=search", "url2": null }, "geometry": { "type": "Point", "coordinates": [ 127.7189466, 26.2238454 ] } },
{ "type": "Feature", "properties": { "内容": "居宅介護支援事業所まえはら【居宅介護支援】沖縄県宜野湾市真栄原３丁目７番７号", "url": "https://www.kaigokensaku.mhlw.go.jp/47/index.php?action_kouhyou_detail_004_kani=true&JigyosyoCd=4770500629-00&ServiceCd=430&Type=search", "url2": null }, "geometry": { "type": "Point", "coordinates": [ 127.7423658, 26.2614208 ] } },
{ "type": "Feature", "properties": { "内容": "居宅介護支援事業所ふくやま【居宅介護支援】沖縄県宜野湾市大謝名5-21-5", "url": "https://www.kaigokensaku.mhlw.go.jp/47/index.php?action_kouhyou_detail_004_kani=true&JigyosyoCd=4770500561-00&ServiceCd=430&Type=search", "url2": "https://www.fukuyamacorp.co.jp/" }, "geometry": { "type": "Point", "coordinates": [ 127.729666299999963, 26.2675534 ] } },
{ "type": "Feature", "properties": { "内容": "ケアプラン　てぃーだ【居宅介護支援】長田1-1-12", "url": "https://www.kaigokensaku.mhlw.go.jp/47/index.php?action_kouhyou_detail_004_kani=true&JigyosyoCd=4770500827-00&ServiceCd=430&Type=search", "url2": null }, "geometry": { "type": "Point", "coordinates": [ 135.1622645, 34.650039 ] } },
{ "type": "Feature", "properties": { "内容": "かいほう指定居宅介護支援事業所【居宅介護支援】沖縄県宜野湾市真志喜2-22-2在宅支援ｾﾝﾀｰかいほう", "url": "https://www.kaigokensaku.mhlw.go.jp/47/index.php?action_kouhyou_detail_004_kani=true&JigyosyoCd=4760590002-00&ServiceCd=430&Type=search", "url2": "http://www.kaiho.or.jp" }, "geometry": { "type": "Point", "coordinates": [ 127.737590299999965, 26.2766722 ] } },
{ "type": "Feature", "properties": { "内容": "ぎのわんケアプランセンター【居宅介護支援】沖縄県宜野湾市上原2－1－8－1F", "url": "https://www.kaigokensaku.mhlw.go.jp/47/index.php?action_kouhyou_detail_004_kani=true&JigyosyoCd=4770501049-00&ServiceCd=430&Type=search", "url2": null }, "geometry": { "type": "Point", "coordinates": [ 127.7747688, 26.274836 ] } },
{ "type": "Feature", "properties": { "内容": "居宅介護支援事業所　愛誠園【居宅介護支援】沖縄県宜野湾市伊佐三丁目９番１９号あやなすの杜・２階", "url": "https://www.kaigokensaku.mhlw.go.jp/47/index.php?action_kouhyou_detail_004_kani=true&JigyosyoCd=4770501163-00&ServiceCd=430&Type=search", "url2": null }, "geometry": { "type": "Point", "coordinates": [ 127.75527133757322, 26.290562562192253 ] } },
{ "type": "Feature", "properties": { "内容": "ぎのわんケアプランセンター【居宅介護支援】沖縄県宜野湾市上原2－1－8－1F", "url": "https://www.kaigokensaku.mhlw.go.jp/47/index.php?action_kouhyou_detail_004_kani=true&JigyosyoCd=4770501270-00&ServiceCd=430&Type=search", "url2": "https://life-design.okinawa/" }, "geometry": { "type": "Point", "coordinates": [ 127.7747688, 26.274836 ] } },
{ "type": "Feature", "properties": { "内容": "ケアプランぎのわん【居宅介護支援】沖縄県宜野湾市大山６－２５－７", "url": "https://www.kaigokensaku.mhlw.go.jp/47/index.php?action_kouhyou_detail_004_kani=true&JigyosyoCd=4770500470-00&ServiceCd=430&Type=search", "url2": null }, "geometry": { "type": "Point", "coordinates": [ 127.738040299999966, 26.2772499 ] } },
{ "type": "Feature", "properties": { "内容": "在宅介護サービス　きずな【居宅介護支援】沖縄県宜野湾市普天間2丁目31番7号", "url": "https://www.kaigokensaku.mhlw.go.jp/47/index.php?action_kouhyou_detail_004_kani=true&JigyosyoCd=4770500017-00&ServiceCd=430&Type=search", "url2": null }, "geometry": { "type": "Point", "coordinates": [ 127.773085520386857, 26.290024419215488 ] } },
{ "type": "Feature", "properties": { "内容": "ケアプランふたふぁ【居宅介護支援】沖縄県宜野湾市我如古3丁目20番14号沖縄病院　旧北病棟5階", "url": "https://www.kaigokensaku.mhlw.go.jp/47/index.php?action_kouhyou_detail_004_kani=true&JigyosyoCd=4770501080-00&ServiceCd=430&Type=search", "url2": "http:fetafa.com" }, "geometry": { "type": "Point", "coordinates": [ 127.7554065, 26.2518803 ] } },
{ "type": "Feature", "properties": { "内容": "福寿園居宅介護支援センター【居宅介護支援】沖縄県宜野湾市赤道２－７－２", "url": "https://www.kaigokensaku.mhlw.go.jp/47/index.php?action_kouhyou_detail_004_kani=true&JigyosyoCd=4770500736-00&ServiceCd=430&Type=search", "url2": "http://kijukai.com/" }, "geometry": { "type": "Point", "coordinates": [ 127.772338100000084, 26.2710869 ] } },
{ "type": "Feature", "properties": { "内容": "ケアプラン　あさ【居宅介護支援】字佐真下95番地", "url": "https://www.kaigokensaku.mhlw.go.jp/47/index.php?action_kouhyou_detail_004_kani=true&JigyosyoCd=4770500868-00&ServiceCd=430&Type=search", "url2": "https://r.kaipoke.biz/bizcms/" }, "geometry": { "type": "Point", "coordinates": [ 127.7479061964724, 26.261866384317127 ] } },
{ "type": "Feature", "properties": { "内容": "居宅介護支援事業所　愛誠園東センター【居宅介護支援】沖縄県宜野湾市真志喜5丁目10番15号", "url": "https://www.kaigokensaku.mhlw.go.jp/47/index.php?action_kouhyou_detail_004_kani=true&JigyosyoCd=4770501031-00&ServiceCd=430&Type=search", "url2": "https://aiseien-okinawa.com" }, "geometry": { "type": "Point", "coordinates": [ 127.735460997869964, 26.272205536954434 ] } },
{ "type": "Feature", "properties": { "内容": "合同会社KAI【居宅介護支援】沖縄県宜野湾市大山三丁目25番2号コーポ和101", "url": "https://www.kaigokensaku.mhlw.go.jp/47/index.php?action_kouhyou_detail_004_kani=true&JigyosyoCd=4770501064-00&ServiceCd=430&Type=search", "url2": null }, "geometry": { "type": "Point", "coordinates": [ 127.7512761, 26.286182 ] } },
{ "type": "Feature", "properties": { "内容": "ふれあいケアマネジメント宜野湾事業所【居宅介護支援】沖縄県宜野湾市字我如古402番地", "url": "https://www.kaigokensaku.mhlw.go.jp/47/index.php?action_kouhyou_detail_004_kani=true&JigyosyoCd=4770500702-00&ServiceCd=430&Type=search", "url2": "http://fureai-kaigo.com/" }, "geometry": { "type": "Point", "coordinates": [ 127.746534069068957, 26.260104550581953 ] } },
{ "type": "Feature", "properties": { "内容": "ケアプランサトウ【居宅介護支援】沖縄県宜野湾市真志喜２－１３－１２２階", "url": "https://www.kaigokensaku.mhlw.go.jp/47/index.php?action_kouhyou_detail_004_kani=true&JigyosyoCd=4770500074-00&ServiceCd=430&Type=search", "url2": null }, "geometry": { "type": "Point", "coordinates": [ 127.736546099999941, 26.2747556 ] } },
{ "type": "Feature", "properties": { "内容": "居宅はっぴーすまいる【居宅介護支援】我如古4丁目9番2号", "url": "https://www.kaigokensaku.mhlw.go.jp/47/index.php?action_kouhyou_detail_004_kani=true&JigyosyoCd=4770501288-00&ServiceCd=430&Type=search", "url2": null }, "geometry": { "type": "Point", "coordinates": [ 127.7489928, 26.2565789 ] } },
{ "type": "Feature", "properties": { "内容": "介護支援センター　さんだん花【居宅介護支援】沖縄県宜野湾市大山７－７－２２クリニックぎのわん２階", "url": "https://www.kaigokensaku.mhlw.go.jp/47/index.php?action_kouhyou_detail_004_kani=true&JigyosyoCd=4770500181-00&ServiceCd=430&Type=search", "url2": "https://sandanka.com" }, "geometry": { "type": "Point", "coordinates": [ 127.7453114, 26.2875326 ] } },
{ "type": "Feature", "properties": { "内容": "合同会社居宅介護Rとんちゃー【居宅介護支援】沖縄県宜野湾市新城二丁目39番3号ハイツシティ西北207", "url": "https://www.kaigokensaku.mhlw.go.jp/47/index.php?action_kouhyou_detail_004_kani=true&JigyosyoCd=4770501320-00&ServiceCd=430&Type=search", "url2": null }, "geometry": { "type": "Point", "coordinates": [ 127.76775, 26.2880856 ] } },
{ "type": "Feature", "properties": { "内容": "居宅介護支援事業所　ぎのわんおもと園【居宅介護支援】沖縄県宜野湾市嘉数４－４－１０", "url": "https://www.kaigokensaku.mhlw.go.jp/47/index.php?action_kouhyou_detail_004_kani=true&JigyosyoCd=4750580013-00&ServiceCd=430&Type=search", "url2": "http://www.omotokai.or.jp" }, "geometry": { "type": "Point", "coordinates": [ 127.733183100000019, 26.2614151 ] } },
{ "type": "Feature", "properties": { "内容": "居宅介護支援事業所ぎのわん【居宅介護支援】宜野湾3丁目3番13号", "url": "https://www.kaigokensaku.mhlw.go.jp/47/index.php?action_kouhyou_detail_004_kani=true&JigyosyoCd=4770500033-00&ServiceCd=430&Type=search", "url2": "http:www.ginowan-kinen.or.jp" }, "geometry": { "type": "Point", "coordinates": [ 127.7582258, 26.259646100000019 ] } },
{ "type": "Feature", "properties": { "内容": "ケアプラン　うちどまり【居宅介護支援】宜野湾市宇地泊2丁目37番1号マサミツビル1階", "url": "https://www.kaigokensaku.mhlw.go.jp/47/index.php?action_kouhyou_detail_004_kani=true&JigyosyoCd=4770500413-00&ServiceCd=430&Type=search", "url2": "https://www.gajima-ru.com" }, "geometry": { "type": "Point", "coordinates": [ 127.728991299999961, 26.2680811 ] } },
{ "type": "Feature", "properties": { "内容": "居宅介護支援事業所みらい【居宅介護支援】野嵩1-44-3103号", "url": "https://www.kaigokensaku.mhlw.go.jp/47/index.php?action_kouhyou_detail_004_kani=true&JigyosyoCd=4770500512-00&ServiceCd=430&Type=search", "url2": null }, "geometry": { "type": "Point", "coordinates": [ 127.78220245609576, 26.28531557741853 ] } },
{ "type": "Feature", "properties": { "内容": "居宅介護支援センター彩風の杜【居宅介護支援】宜野湾市愛知3-18-52", "url": "https://www.kaigokensaku.mhlw.go.jp/47/index.php?action_kouhyou_detail_004_kani=true&JigyosyoCd=4770500926-00&ServiceCd=430&Type=search", "url2": "https://www.okichuen.jp/" }, "geometry": { "type": "Point", "coordinates": [ 127.770358799999983, 26.2642887 ] } },
{ "type": "Feature", "properties": { "内容": "ケアマネジメントここ【居宅介護支援】沖縄県宜野湾市普天間１－２５－１７１Ｆ", "url": "https://www.kaigokensaku.mhlw.go.jp/47/index.php?action_kouhyou_detail_004_kani=true&JigyosyoCd=4770500934-00&ServiceCd=430&Type=search", "url2": null }, "geometry": { "type": "Point", "coordinates": [ 127.7782006, 26.292327 ] } },
{ "type": "Feature", "properties": { "内容": "居宅介護支援事業所ケアプランサクセス【居宅介護支援】普天間１丁目４番１３号仲本アパート１０３号", "url": "https://www.kaigokensaku.mhlw.go.jp/47/index.php?action_kouhyou_detail_004_kani=true&JigyosyoCd=4770501056-00&ServiceCd=430&Type=search", "url2": "https://sites.google.com/view/careplan-success" }, "geometry": { "type": "Point", "coordinates": [ 127.7797071, 26.2888178 ] } },
{ "type": "Feature", "properties": { "内容": "居宅介護支援事業所TAKA【居宅介護支援】沖縄県宜野湾市普天間2-19-9", "url": "https://www.kaigokensaku.mhlw.go.jp/47/index.php?action_kouhyou_detail_004_kani=true&JigyosyoCd=4770501213-00&ServiceCd=430&Type=search", "url2": null }, "geometry": { "type": "Point", "coordinates": [ 127.7737417, 26.2886425 ] } },
{ "type": "Feature", "properties": { "内容": "ケアプランパーネル【居宅介護支援】沖縄県宜野湾市宜野湾２－１－８－Ｃ", "url": "https://www.kaigokensaku.mhlw.go.jp/47/index.php?action_kouhyou_detail_004_kani=true&JigyosyoCd=4770501346-00&ServiceCd=430&Type=search", "url2": null }, "geometry": { "type": "Point", "coordinates": [ 127.7609481, 26.2632685 ] } },
{ "type": "Feature", "properties": { "内容": "ケアプランセンターなの花【居宅介護支援】沖縄県浦添市西原4-15-1コーポユートピア201", "url": "https://www.kaigokensaku.mhlw.go.jp/47/index.php?action_kouhyou_detail_004_kani=true&JigyosyoCd=4770801977-00&ServiceCd=430&Type=search", "url2": null }, "geometry": { "type": "Point", "coordinates": [ 127.7445964, 26.2511707 ] } },
{ "type": "Feature", "properties": { "内容": "居宅介護支援センター幸笑【居宅介護支援】沖縄県宜野湾市長田3-10-7　2階", "url": "https://www.kaigokensaku.mhlw.go.jp/47/index.php?action_kouhyou_detail_004_kani=true&JigyosyoCd=4770501023-00&ServiceCd=430&Type=search", "url2": null }, "geometry": { "type": "Point", "coordinates": [ 127.7693388, 26.261785 ] } },
{ "type": "Feature", "properties": { "内容": "ケアプランセンターあかまる【居宅介護支援】沖縄県宜野湾上原２－２３－１３", "url": "https://www.kaigokensaku.mhlw.go.jp/47/index.php?action_kouhyou_detail_004_kani=true&JigyosyoCd=4770501189-00&ServiceCd=430&Type=search", "url2": null }, "geometry": { "type": "Point", "coordinates": [ 127.775411747634493, 26.273259657510884 ] } },
{ "type": "Feature", "properties": { "内容": "ハートケア花水木【居宅介護支援】沖縄県石垣市大浜233番地2", "url": "https://www.kaigokensaku.mhlw.go.jp/47/index.php?action_kouhyou_detail_004_kani=true&JigyosyoCd=4770700575-00&ServiceCd=430&Type=search", "url2": null }, "geometry": { "type": "Point", "coordinates": [ 124.200290100000075, 24.3436576 ] } },
{ "type": "Feature", "properties": { "内容": "ゆいケアサービス【居宅介護支援】沖縄県石垣市登野城74-4", "url": "https://www.kaigokensaku.mhlw.go.jp/47/index.php?action_kouhyou_detail_004_kani=true&JigyosyoCd=4770700021-00&ServiceCd=430&Type=search", "url2": "http://www." }, "geometry": { "type": "Point", "coordinates": [ 124.159491200000033, 24.3390466 ] } },
{ "type": "Feature", "properties": { "内容": "居宅介護支援事業所ゆにばいしがき【居宅介護支援】沖縄県石垣市字石垣１５４番地マンション花水木101", "url": "https://www.kaigokensaku.mhlw.go.jp/47/index.php?action_kouhyou_detail_004_kani=true&JigyosyoCd=4770700583-00&ServiceCd=430&Type=search", "url2": "https://univa2009.com/company/" }, "geometry": { "type": "Point", "coordinates": [ 124.1598441, 24.3470063 ] } },
{ "type": "Feature", "properties": { "内容": "なごみの里ケアプランセンター【居宅介護支援】沖縄県石垣市宮良1131-2", "url": "https://www.kaigokensaku.mhlw.go.jp/47/index.php?action_kouhyou_detail_004_kani=true&JigyosyoCd=4770700013-00&ServiceCd=430&Type=search", "url2": "http://www.nagomi-ishigaki.com" }, "geometry": { "type": "Point", "coordinates": [ 124.215512499999917, 24.363766 ] } },
{ "type": "Feature", "properties": { "内容": "石垣ケアプランセンター【居宅介護支援】沖縄県石垣市真栄里５５６－１", "url": "https://www.kaigokensaku.mhlw.go.jp/47/index.php?action_kouhyou_detail_004_kani=true&JigyosyoCd=4770700096-00&ServiceCd=430&Type=search", "url2": "ishigaki-taiyounosato.com" }, "geometry": { "type": "Point", "coordinates": [ 124.180051423946765, 24.339748500670627 ] } },
{ "type": "Feature", "properties": { "内容": "あかゆら居宅介護支援事業所【居宅介護支援】沖縄県石垣市浜崎町2-2-8", "url": "https://www.kaigokensaku.mhlw.go.jp/47/index.php?action_kouhyou_detail_004_kani=true&JigyosyoCd=4770700153-00&ServiceCd=430&Type=search", "url2": null }, "geometry": { "type": "Point", "coordinates": [ 124.150889, 24.3405302 ] } },
{ "type": "Feature", "properties": { "内容": "カエル計画社【居宅介護支援】沖縄県石垣市字石垣668-1", "url": "https://www.kaigokensaku.mhlw.go.jp/47/index.php?action_kouhyou_detail_004_kani=true&JigyosyoCd=4770700609-00&ServiceCd=430&Type=search", "url2": null }, "geometry": { "type": "Point", "coordinates": [ 124.157113725861805, 24.359831015173913 ] } },
{ "type": "Feature", "properties": { "内容": "医療法人上善会ケアプラン星の里【居宅介護支援】沖縄県石垣市字新川２１２４番地", "url": "https://www.kaigokensaku.mhlw.go.jp/47/index.php?action_kouhyou_detail_004_kani=true&JigyosyoCd=4710710395-00&ServiceCd=430&Type=search", "url2": "http://www.kariyushi-hp.com/" }, "geometry": { "type": "Point", "coordinates": [ 124.141498800000022, 24.3611209 ] } },
{ "type": "Feature", "properties": { "内容": "石垣島徳洲会病院　居宅介護支援事業所【居宅介護支援】石垣市大浜字南大浜446-1", "url": "https://www.kaigokensaku.mhlw.go.jp/47/index.php?action_kouhyou_detail_004_kani=true&JigyosyoCd=4710710650-00&ServiceCd=430&Type=search", "url2": "http://www.tokushukai.jp" }, "geometry": { "type": "Point", "coordinates": [ 124.1897818, 24.339901 ] } },
{ "type": "Feature", "properties": { "内容": "沖縄県看護協会　居宅介護支援事業所うりずん【居宅介護支援】沖縄県石垣市字大川547番地興ビル2Ｆ204号室", "url": "https://www.kaigokensaku.mhlw.go.jp/47/index.php?action_kouhyou_detail_004_kani=true&JigyosyoCd=4760790016-00&ServiceCd=430&Type=search", "url2": "http://www." }, "geometry": { "type": "Point", "coordinates": [ 124.162230500000078, 24.3476403 ] } },
{ "type": "Feature", "properties": { "内容": "ケアプランセンターてふてふ【居宅介護支援】沖縄県石垣市登野城171-6", "url": "https://www.kaigokensaku.mhlw.go.jp/47/index.php?action_kouhyou_detail_004_kani=true&JigyosyoCd=4770700104-00&ServiceCd=430&Type=search", "url2": "http://basukinayo.jp/" }, "geometry": { "type": "Point", "coordinates": [ 124.1611695, 24.339695900000024 ] } },
{ "type": "Feature", "properties": { "内容": "八重山厚生園指定居宅介護支援事業所【居宅介護支援】沖縄県石垣市新川１７４０－２", "url": "https://www.kaigokensaku.mhlw.go.jp/47/index.php?action_kouhyou_detail_004_kani=true&JigyosyoCd=4770700237-00&ServiceCd=430&Type=search", "url2": "https://www.okinawa-j.jp" }, "geometry": { "type": "Point", "coordinates": [ 124.123002199999959, 24.3595105 ] } },
{ "type": "Feature", "properties": { "内容": "ケアセンターむつみ【居宅介護支援】沖縄県石垣市字大川５４１－１", "url": "https://www.kaigokensaku.mhlw.go.jp/47/index.php?action_kouhyou_detail_004_kani=true&JigyosyoCd=4770700245-00&ServiceCd=430&Type=search", "url2": null }, "geometry": { "type": "Point", "coordinates": [ 124.163377800000035, 24.348968 ] } },
{ "type": "Feature", "properties": { "内容": "ケアプランセンター大浜１番地【居宅介護支援】沖縄県石垣市字大浜２番地３", "url": "https://www.kaigokensaku.mhlw.go.jp/47/index.php?action_kouhyou_detail_004_kani=true&JigyosyoCd=4770700328-00&ServiceCd=430&Type=search", "url2": null }, "geometry": { "type": "Point", "coordinates": [ 124.1965513, 24.3434106 ] } },
{ "type": "Feature", "properties": { "内容": "ケアプラン　ハピネス【居宅介護支援】石垣市字真栄里　436番地6", "url": "https://www.kaigokensaku.mhlw.go.jp/47/index.php?action_kouhyou_detail_004_kani=true&JigyosyoCd=4770700401-00&ServiceCd=430&Type=search", "url2": "http：//happiness901.com/" }, "geometry": { "type": "Point", "coordinates": [ 124.187776499999913, 24.341053 ] } },
{ "type": "Feature", "properties": { "内容": "うしおマネジメント【居宅介護支援】沖縄県石垣市字登野城９３番地", "url": "https://www.kaigokensaku.mhlw.go.jp/47/index.php?action_kouhyou_detail_004_kani=true&JigyosyoCd=4770700427-00&ServiceCd=430&Type=search", "url2": null }, "geometry": { "type": "Point", "coordinates": [ 124.16123560000004, 24.3373688 ] } },
{ "type": "Feature", "properties": { "内容": "ふたば介護サービス【居宅介護支援】沖縄県石垣市字新川2372－23", "url": "https://www.kaigokensaku.mhlw.go.jp/47/index.php?action_kouhyou_detail_004_kani=true&JigyosyoCd=4770700476-00&ServiceCd=430&Type=search", "url2": null }, "geometry": { "type": "Point", "coordinates": [ 124.1441899, 24.3516797 ] } },
{ "type": "Feature", "properties": { "内容": "ケアプランセンター茶寿苑【居宅介護支援】沖縄県石垣市真栄里２０４番地の３８２", "url": "https://www.kaigokensaku.mhlw.go.jp/47/index.php?action_kouhyou_detail_004_kani=true&JigyosyoCd=4770700559-00&ServiceCd=430&Type=search", "url2": "http://ayapani.net/" }, "geometry": { "type": "Point", "coordinates": [ 124.174461699999938, 24.3323727 ] } },
{ "type": "Feature", "properties": { "内容": "まいプラン石垣【居宅介護支援】大浜１１１番地５", "url": "https://www.kaigokensaku.mhlw.go.jp/47/index.php?action_kouhyou_detail_004_kani=true&JigyosyoCd=4770700716-00&ServiceCd=430&Type=search", "url2": "https://www.kotobuki25i.com/" }, "geometry": { "type": "Point", "coordinates": [ 136.8101505, 35.3088984 ] } },
{ "type": "Feature", "properties": { "内容": "「あーる」かいごまねじめんと【居宅介護支援】沖縄県浦添市前田４丁目１６番２号喜乃屋マンション１０３", "url": "https://www.kaigokensaku.mhlw.go.jp/47/index.php?action_kouhyou_detail_004_kani=true&JigyosyoCd=4770801456-00&ServiceCd=430&Type=search", "url2": null }, "geometry": { "type": "Point", "coordinates": [ 127.7369109, 26.2370072 ] } },
{ "type": "Feature", "properties": { "内容": "ケアプラン由里香【居宅介護支援】沖縄県浦添市牧港3-20-5", "url": "https://www.kaigokensaku.mhlw.go.jp/47/index.php?action_kouhyou_detail_004_kani=true&JigyosyoCd=4770801647-00&ServiceCd=430&Type=search", "url2": "https://careplanyurika.com" }, "geometry": { "type": "Point", "coordinates": [ 127.7301839, 26.2581932 ] } },
{ "type": "Feature", "properties": { "内容": "介護支援センター　クローバー【居宅介護支援】沖縄県浦添市宮城4-17-2正夫荘１０２号", "url": "https://www.kaigokensaku.mhlw.go.jp/47/index.php?action_kouhyou_detail_004_kani=true&JigyosyoCd=4770801043-00&ServiceCd=430&Type=search", "url2": null }, "geometry": { "type": "Point", "coordinates": [ 127.702352516091523, 26.245147764953646 ] } },
{ "type": "Feature", "properties": { "内容": "ケアプランセンター学園通り【居宅介護支援】沖縄県浦添市城間４丁目２５番１２号　コーポハイビスカス101コーポハイビスカス101", "url": "https://www.kaigokensaku.mhlw.go.jp/47/index.php?action_kouhyou_detail_004_kani=true&JigyosyoCd=4770801365-00&ServiceCd=430&Type=search", "url2": null }, "geometry": { "type": "Point", "coordinates": [ 127.717413399999941, 26.2575382 ] } },
{ "type": "Feature", "properties": { "内容": "居宅介護支援事業所　ユイユイ【居宅介護支援】沖縄県浦添市仲西2-3-3コーポメルヘン205", "url": "https://www.kaigokensaku.mhlw.go.jp/47/index.php?action_kouhyou_detail_004_kani=true&JigyosyoCd=4770800169-00&ServiceCd=430&Type=search", "url2": "http://hp.kaipoke.biz/hgm" }, "geometry": { "type": "Point", "coordinates": [ 127.699891799999918, 26.246443 ] } },
{ "type": "Feature", "properties": { "内容": "ケアプランニングらいふりぃ浦添【居宅介護支援】沖縄県浦添市大平435-12-A", "url": "https://www.kaigokensaku.mhlw.go.jp/47/index.php?action_kouhyou_detail_004_kani=true&JigyosyoCd=4770801795-00&ServiceCd=430&Type=search", "url2": "https://www.lifefree-llc.com/company.php#a03" }, "geometry": { "type": "Point", "coordinates": [ 127.7114323, 26.2430366 ] } },
{ "type": "Feature", "properties": { "内容": "ケアプランセンターMHL【居宅介護支援】沖縄県浦添市屋富祖３丁目２４番７号　１F", "url": "https://www.kaigokensaku.mhlw.go.jp/47/index.php?action_kouhyou_detail_004_kani=true&JigyosyoCd=4770801696-00&ServiceCd=430&Type=search", "url2": "https://mhl210401.wixsite.com/mhl210401" }, "geometry": { "type": "Point", "coordinates": [ 127.70784353146054, 26.251650118943463 ] } },
{ "type": "Feature", "properties": { "内容": "かりまた内科指定居宅介護支援センター【居宅介護支援】沖縄県浦添市内間四丁目２３番地２１号", "url": "https://www.kaigokensaku.mhlw.go.jp/47/index.php?action_kouhyou_detail_004_kani=true&JigyosyoCd=4710810740-00&ServiceCd=430&Type=search", "url2": null }, "geometry": { "type": "Point", "coordinates": [ 127.702300199999954, 26.2411851 ] } },
{ "type": "Feature", "properties": { "内容": "ケアプランセンターひとえ【居宅介護支援】港川254ハッピータウン内", "url": "https://www.kaigokensaku.mhlw.go.jp/47/index.php?action_kouhyou_detail_004_kani=true&JigyosyoCd=4770801100-00&ServiceCd=430&Type=search", "url2": "http://r.goope.jp/hitoe" }, "geometry": { "type": "Point", "coordinates": [ 127.760639640089522, 26.12633070000016 ] } },
{ "type": "Feature", "properties": { "内容": "ｹｱﾌﾟﾗﾝｾﾝﾀｰniko【居宅介護支援】沖縄県浦添市前田603-1", "url": "https://www.kaigokensaku.mhlw.go.jp/47/index.php?action_kouhyou_detail_004_kani=true&JigyosyoCd=4770801753-00&ServiceCd=430&Type=search", "url2": null }, "geometry": { "type": "Point", "coordinates": [ 127.731048935581967, 26.240063492900017 ] } },
{ "type": "Feature", "properties": { "内容": "居宅介護支援事業所ライフサポート【居宅介護支援】沖縄県浦添市宮城3-13-12仲西マンション", "url": "https://www.kaigokensaku.mhlw.go.jp/47/index.php?action_kouhyou_detail_004_kani=true&JigyosyoCd=4770801829-00&ServiceCd=430&Type=search", "url2": "https://www.lstedako.com/" }, "geometry": { "type": "Point", "coordinates": [ 127.703154164418024, 26.247739024245281 ] } },
{ "type": "Feature", "properties": { "内容": "ひまわりケアプランセンター【居宅介護支援】沖縄県浦添市宮城1-9-1真栄平アパート301号室", "url": "https://www.kaigokensaku.mhlw.go.jp/47/index.php?action_kouhyou_detail_004_kani=true&JigyosyoCd=4770801951-00&ServiceCd=430&Type=search", "url2": null }, "geometry": { "type": "Point", "coordinates": [ 127.7058391, 26.2503081 ] } },
{ "type": "Feature", "properties": { "内容": "居宅介護支援センター　シルバーの里【居宅介護支援】沖縄県浦添市大平三丁目16番10号やえせAssembleGarden", "url": "https://www.kaigokensaku.mhlw.go.jp/47/index.php?action_kouhyou_detail_004_kani=true&JigyosyoCd=4710812084-00&ServiceCd=430&Type=search", "url2": "http://www.yaese.or.jp/yaeseassemble-garden/" }, "geometry": { "type": "Point", "coordinates": [ 127.7169096, 26.2434567 ] } },
{ "type": "Feature", "properties": { "内容": "居宅介護支援センターそれいゆ【居宅介護支援】沖縄県浦添市牧港３丁目１番１号老人保健施設エメロードてだこ苑内", "url": "https://www.kaigokensaku.mhlw.go.jp/47/index.php?action_kouhyou_detail_004_kani=true&JigyosyoCd=4750880009-00&ServiceCd=430&Type=search", "url2": "http://tedakoen.or.jp/" }, "geometry": { "type": "Point", "coordinates": [ 127.728649228974959, 26.258692399638083 ] } },
{ "type": "Feature", "properties": { "内容": "絆ケアプランセンター【居宅介護支援】沖縄県浦添市宮城3丁目4番14号", "url": "https://www.kaigokensaku.mhlw.go.jp/47/index.php?action_kouhyou_detail_004_kani=true&JigyosyoCd=4760890097-00&ServiceCd=430&Type=search", "url2": "kizunagroup.co.jo" }, "geometry": { "type": "Point", "coordinates": [ 127.7061532, 26.2452909 ] } },
{ "type": "Feature", "properties": { "内容": "居宅介護支援事業所　「小枝」【居宅介護支援】沖縄県浦添市経塚350番地", "url": "https://www.kaigokensaku.mhlw.go.jp/47/index.php?action_kouhyou_detail_004_kani=true&JigyosyoCd=4770100305-00&ServiceCd=430&Type=search", "url2": "https://www.care-and-service.com/" }, "geometry": { "type": "Point", "coordinates": [ 127.724051499999959, 26.2421001 ] } },
{ "type": "Feature", "properties": { "内容": "ありあけの里指定居宅介護支援事業所【居宅介護支援】沖縄県浦添市前田997番地1階", "url": "https://www.kaigokensaku.mhlw.go.jp/47/index.php?action_kouhyou_detail_004_kani=true&JigyosyoCd=4770800029-00&ServiceCd=430&Type=search", "url2": "http://www.okicoro.or.jp" }, "geometry": { "type": "Point", "coordinates": [ 127.7386556, 26.2460473 ] } },
{ "type": "Feature", "properties": { "内容": "メディライン居宅介護支援事業所【居宅介護支援】沖縄県浦添市経塚424番地MLビル", "url": "https://www.kaigokensaku.mhlw.go.jp/47/index.php?action_kouhyou_detail_004_kani=true&JigyosyoCd=4770800409-00&ServiceCd=430&Type=search", "url2": null }, "geometry": { "type": "Point", "coordinates": [ 127.720034911563744, 26.235964556270048 ] } },
{ "type": "Feature", "properties": { "内容": "サンライズ介護支援センター【居宅介護支援】沖縄県浦添市仲西１－３－２５フロンテージ仲西ビル３０５号", "url": "https://www.kaigokensaku.mhlw.go.jp/47/index.php?action_kouhyou_detail_004_kani=true&JigyosyoCd=4770800599-00&ServiceCd=430&Type=search", "url2": null }, "geometry": { "type": "Point", "coordinates": [ 127.698800099999957, 26.2483289 ] } },
{ "type": "Feature", "properties": { "内容": "居宅介護支援事業所　おれんじ【居宅介護支援】沖縄県浦添市西原１丁目１０-１　2階", "url": "https://www.kaigokensaku.mhlw.go.jp/47/index.php?action_kouhyou_detail_004_kani=true&JigyosyoCd=4770800722-00&ServiceCd=430&Type=search", "url2": "http://mikan-orange.com" }, "geometry": { "type": "Point", "coordinates": [ 127.73985445700842, 26.255433236016778 ] } },
{ "type": "Feature", "properties": { "内容": "ケアプランセンターそら【居宅介護支援】沖縄県浦添市西原1-49-1", "url": "https://www.kaigokensaku.mhlw.go.jp/47/index.php?action_kouhyou_detail_004_kani=true&JigyosyoCd=4770801126-00&ServiceCd=430&Type=search", "url2": "https://www.careplan-sora.com/" }, "geometry": { "type": "Point", "coordinates": [ 127.743845464400664, 26.251671130611424 ] } },
{ "type": "Feature", "properties": { "内容": "ケアサポートさくら【居宅介護支援】沖縄県浦添市内間三丁目23番１号コーポたまみつ１０２号", "url": "https://www.kaigokensaku.mhlw.go.jp/47/index.php?action_kouhyou_detail_004_kani=true&JigyosyoCd=4770801266-00&ServiceCd=430&Type=search", "url2": null }, "geometry": { "type": "Point", "coordinates": [ 127.7013475, 26.2397824 ] } },
{ "type": "Feature", "properties": { "内容": "ことぶき指定居宅介護支援事業所【居宅介護支援】沖縄県浦添市伊祖４丁目１６－1", "url": "https://www.kaigokensaku.mhlw.go.jp/47/index.php?action_kouhyou_detail_004_kani=true&JigyosyoCd=4770801506-00&ServiceCd=430&Type=search", "url2": "jin-aikai.com/zaitaku/zaitaku/kotobuki/" }, "geometry": { "type": "Point", "coordinates": [ 127.722991738484197, 26.254981873910754 ] } },
{ "type": "Feature", "properties": { "内容": "ネイバーフッドケアマネジメント＆ソーシャルワーク【居宅介護支援】沖縄県浦添市安波茶2丁目7番5号102楼マンション", "url": "https://www.kaigokensaku.mhlw.go.jp/47/index.php?action_kouhyou_detail_004_kani=true&JigyosyoCd=4770801548-00&ServiceCd=430&Type=search", "url2": "https://www.chikeetwunai.com/" }, "geometry": { "type": "Point", "coordinates": [ 127.725989600000034, 26.2484079 ] } },
{ "type": "Feature", "properties": { "内容": "ケアセンターココロすまいる【居宅介護支援】当山2丁目17番地11号", "url": "https://www.kaigokensaku.mhlw.go.jp/47/index.php?action_kouhyou_detail_004_kani=true&JigyosyoCd=4770801563-00&ServiceCd=430&Type=search", "url2": null }, "geometry": { "type": "Point", "coordinates": [ 127.735000799999966, 26.2504325 ] } },
{ "type": "Feature", "properties": { "内容": "ケアプラン天川【居宅介護支援】沖縄県浦添市沢岻1丁目17番5号", "url": "https://www.kaigokensaku.mhlw.go.jp/47/index.php?action_kouhyou_detail_004_kani=true&JigyosyoCd=4770801571-00&ServiceCd=430&Type=search", "url2": "http://www.yuusei-okinawa.com" }, "geometry": { "type": "Point", "coordinates": [ 127.714079347989397, 26.234789098785743 ] } },
{ "type": "Feature", "properties": { "内容": "ケアプランセンターゆくる【居宅介護支援】沖縄県浦添市宮城4丁目1-3サワーコートみやぎ207号室", "url": "https://www.kaigokensaku.mhlw.go.jp/47/index.php?action_kouhyou_detail_004_kani=true&JigyosyoCd=4770801712-00&ServiceCd=430&Type=search", "url2": null }, "geometry": { "type": "Point", "coordinates": [ 127.7066345, 26.244645199999987 ] } },
{ "type": "Feature", "properties": { "内容": "ケアプランセンター名嘉村【居宅介護支援】浦添市伊祖4丁目2番1号", "url": "https://www.kaigokensaku.mhlw.go.jp/47/index.php?action_kouhyou_detail_004_kani=true&JigyosyoCd=4760890071-00&ServiceCd=430&Type=search", "url2": "http://nsleep.com" }, "geometry": { "type": "Point", "coordinates": [ 127.718553213739042, 26.256861367374267 ] } },
{ "type": "Feature", "properties": { "内容": "トシマスター　ケアマネジメント【居宅介護支援】沖縄県浦添市伊祖2-14-7403", "url": "https://www.kaigokensaku.mhlw.go.jp/47/index.php?action_kouhyou_detail_004_kani=true&JigyosyoCd=4770801928-00&ServiceCd=430&Type=search", "url2": "https://toshimastar0602.wixsite.com/my-site" }, "geometry": { "type": "Point", "coordinates": [ 127.714792500000016, 26.2541992 ] } },
{ "type": "Feature", "properties": { "内容": "浦添中央ケアセンター【居宅介護支援】沖縄県浦添市西原１丁目１３番地１号", "url": "https://www.kaigokensaku.mhlw.go.jp/47/index.php?action_kouhyou_detail_004_kani=true&JigyosyoCd=4760890063-00&ServiceCd=430&Type=search", "url2": "https://carenet.okinawa/" }, "geometry": { "type": "Point", "coordinates": [ 127.740013500000046, 26.2539882 ] } },
{ "type": "Feature", "properties": { "内容": "二見の里居宅介護支援事業所【居宅介護支援】沖縄県名護市字二見241番地の7", "url": "https://www.kaigokensaku.mhlw.go.jp/47/index.php?action_kouhyou_detail_004_kani=true&JigyosyoCd=4770900043-00&ServiceCd=430&Type=search", "url2": "http://care-net.biz/47/futami-day/company.php" }, "geometry": { "type": "Point", "coordinates": [ 128.024198100000035, 26.5473241 ] } },
{ "type": "Feature", "properties": { "内容": "浅茅の里居宅介護支援事業所【居宅介護支援】沖縄県名護市宮里1-11-10", "url": "https://www.kaigokensaku.mhlw.go.jp/47/index.php?action_kouhyou_detail_004_kani=true&JigyosyoCd=4770900332-00&ServiceCd=430&Type=search", "url2": "http://www." }, "geometry": { "type": "Point", "coordinates": [ 127.97126767455164, 26.595995609402639 ] } },
{ "type": "Feature", "properties": { "内容": "ケアプランセンターみやび【居宅介護支援】沖縄県名護市字親川430番地", "url": "https://www.kaigokensaku.mhlw.go.jp/47/index.php?action_kouhyou_detail_004_kani=true&JigyosyoCd=4770900829-00&ServiceCd=430&Type=search", "url2": "http:/www.miyabi.okinawa/" }, "geometry": { "type": "Point", "coordinates": [ 128.016637100000025, 26.6223736 ] } },
{ "type": "Feature", "properties": { "内容": "ケアプランセンター亀【居宅介護支援】沖縄県名護市我部祖河517番地3", "url": "https://www.kaigokensaku.mhlw.go.jp/47/index.php?action_kouhyou_detail_004_kani=true&JigyosyoCd=4770901017-00&ServiceCd=430&Type=search", "url2": null }, "geometry": { "type": "Point", "coordinates": [ 128.002088400000048, 26.6233801 ] } },
{ "type": "Feature", "properties": { "内容": "わかば居宅介護支援事業所【居宅介護支援】沖縄県名護市字川上４５番地", "url": "https://www.kaigokensaku.mhlw.go.jp/47/index.php?action_kouhyou_detail_004_kani=true&JigyosyoCd=4770900266-00&ServiceCd=430&Type=search", "url2": null }, "geometry": { "type": "Point", "coordinates": [ 128.0200088, 26.619170300000015 ] } },
{ "type": "Feature", "properties": { "内容": "ケアプランセンター久辺の里【居宅介護支援】沖縄県名護市字豊原２１６番地", "url": "https://www.kaigokensaku.mhlw.go.jp/47/index.php?action_kouhyou_detail_004_kani=true&JigyosyoCd=4770901058-00&ServiceCd=430&Type=search", "url2": "https://kubenosato.org/" }, "geometry": { "type": "Point", "coordinates": [ 128.022332433204639, 26.521570085609365 ] } },
{ "type": "Feature", "properties": { "内容": "ナミオト居宅介護支援事業所【居宅介護支援】稲嶺144番地", "url": "https://www.kaigokensaku.mhlw.go.jp/47/index.php?action_kouhyou_detail_004_kani=true&JigyosyoCd=4770901165-00&ServiceCd=430&Type=search", "url2": "http://namiotokyotaku.jimdofree.com/" }, "geometry": { "type": "Point", "coordinates": [ 128.041974223106877, 26.635123822099445 ] } },
{ "type": "Feature", "properties": { "内容": "ケアプランセンターなぐ交じり【居宅介護支援】沖縄県名護市為又856-11", "url": "https://www.kaigokensaku.mhlw.go.jp/47/index.php?action_kouhyou_detail_004_kani=true&JigyosyoCd=4770900613-00&ServiceCd=430&Type=search", "url2": null }, "geometry": { "type": "Point", "coordinates": [ 127.979635, 26.6078369 ] } },
{ "type": "Feature", "properties": { "内容": "北部ケア居宅介護支援事業所【居宅介護支援】沖縄県名護市宇茂佐915-1", "url": "https://www.kaigokensaku.mhlw.go.jp/47/index.php?action_kouhyou_detail_004_kani=true&JigyosyoCd=4770900076-00&ServiceCd=430&Type=search", "url2": "http://www." }, "geometry": { "type": "Point", "coordinates": [ 127.9639863, 26.5965262 ] } },
{ "type": "Feature", "properties": { "内容": "トータルリハビリ・ケアサービス　ゆらぎ居宅介護支援事業所【居宅介護支援】沖縄県名護市字川上424-1にらいビル１階", "url": "https://www.kaigokensaku.mhlw.go.jp/47/index.php?action_kouhyou_detail_004_kani=true&JigyosyoCd=4770900308-00&ServiceCd=430&Type=search", "url2": "http://ゆらぎ.com" }, "geometry": { "type": "Point", "coordinates": [ 128.017879200000039, 26.6207565 ] } },
{ "type": "Feature", "properties": { "内容": "二見の里居宅介護支援事業所【居宅介護支援】沖縄県名護市字二見241-7番地", "url": "https://www.kaigokensaku.mhlw.go.jp/47/index.php?action_kouhyou_detail_004_kani=true&JigyosyoCd=4770901157-00&ServiceCd=430&Type=search", "url2": null }, "geometry": { "type": "Point", "coordinates": [ 128.024183, 26.5472905 ] } },
{ "type": "Feature", "properties": { "内容": "うりずん居宅介護支援事業所【居宅介護支援】沖縄県名護市為又69番地", "url": "https://www.kaigokensaku.mhlw.go.jp/47/index.php?action_kouhyou_detail_004_kani=true&JigyosyoCd=4710910789-00&ServiceCd=430&Type=search", "url2": null }, "geometry": { "type": "Point", "coordinates": [ 127.973133700000034, 26.606566600000026 ] } },
{ "type": "Feature", "properties": { "内容": "りゅうしん指定居宅介護支援事業所【居宅介護支援】沖縄県名護市字屋部468-1", "url": "https://www.kaigokensaku.mhlw.go.jp/47/index.php?action_kouhyou_detail_004_kani=true&JigyosyoCd=4710910532-00&ServiceCd=430&Type=search", "url2": "http://ryushinkai.jp/katsuyama/" }, "geometry": { "type": "Point", "coordinates": [ 127.9458565, 26.6066081 ] } },
{ "type": "Feature", "properties": { "内容": "桃源の郷居宅介護支援事業所【居宅介護支援】沖縄県名護市大西３丁目１９番２５号介護老人保健施設　桃源の郷", "url": "https://www.kaigokensaku.mhlw.go.jp/47/index.php?action_kouhyou_detail_004_kani=true&JigyosyoCd=4750980015-00&ServiceCd=430&Type=search", "url2": "http://www." }, "geometry": { "type": "Point", "coordinates": [ 127.983082400000058, 26.5976017 ] } },
{ "type": "Feature", "properties": { "内容": "かりゆしぬ村指定居宅介護支援事業所【居宅介護支援】名護市字宇茂佐１８７３－１番地", "url": "https://www.kaigokensaku.mhlw.go.jp/47/index.php?action_kouhyou_detail_004_kani=true&JigyosyoCd=4770900027-00&ServiceCd=430&Type=search", "url2": "http://www.shoraikai.com/" }, "geometry": { "type": "Point", "coordinates": [ 127.9662052, 26.6125221 ] } },
{ "type": "Feature", "properties": { "内容": "名護厚生園指定居宅介護支援事業所【居宅介護支援】沖縄県名護市宮里五丁目４番２９号名護厚生園", "url": "https://www.kaigokensaku.mhlw.go.jp/47/index.php?action_kouhyou_detail_004_kani=true&JigyosyoCd=4770900381-00&ServiceCd=430&Type=search", "url2": "http://www.okinawa-j.jp/index,html" }, "geometry": { "type": "Point", "coordinates": [ 127.971363600000018, 26.5999567 ] } },
{ "type": "Feature", "properties": { "内容": "沖縄県農業協同組合　北部居宅介護支援事業所【居宅介護支援】沖縄県名護市字屋部1698番地1JAおきなわ北部介護福祉センター", "url": "https://www.kaigokensaku.mhlw.go.jp/47/index.php?action_kouhyou_detail_004_kani=true&JigyosyoCd=4770900431-00&ServiceCd=430&Type=search", "url2": "http://www.ja-okinawa.or.jp/kurashi/kaigo/" }, "geometry": { "type": "Point", "coordinates": [ 127.9575254, 26.6042253 ] } },
{ "type": "Feature", "properties": { "内容": "あかり居宅介護支援事業所【居宅介護支援】沖縄県名護市大北三丁目３番１８号", "url": "https://www.kaigokensaku.mhlw.go.jp/47/index.php?action_kouhyou_detail_004_kani=true&JigyosyoCd=4770900514-00&ServiceCd=430&Type=search", "url2": null }, "geometry": { "type": "Point", "coordinates": [ 127.995073, 26.6023129 ] } },
{ "type": "Feature", "properties": { "内容": "タピック居宅介護支援事業所【居宅介護支援】沖縄県名護市字宇茂佐1737番地", "url": "https://www.kaigokensaku.mhlw.go.jp/47/index.php?action_kouhyou_detail_004_kani=true&JigyosyoCd=4770900597-00&ServiceCd=430&Type=search", "url2": null }, "geometry": { "type": "Point", "coordinates": [ 127.965808199999955, 26.6057644 ] } },
{ "type": "Feature", "properties": { "内容": "名護居宅介護支援事業所【居宅介護支援】字伊差川１２３番地３", "url": "https://www.kaigokensaku.mhlw.go.jp/47/index.php?action_kouhyou_detail_004_kani=true&JigyosyoCd=4770900647-00&ServiceCd=430&Type=search", "url2": null }, "geometry": { "type": "Point", "coordinates": [ 128.003413781614682, 26.609952858209898 ] } },
{ "type": "Feature", "properties": { "内容": "居宅介護支援事業所　がゆまーる【居宅介護支援】沖縄県名護市宇茂佐の森4-3-2トーマス宇茂佐の森３０５号", "url": "https://www.kaigokensaku.mhlw.go.jp/47/index.php?action_kouhyou_detail_004_kani=true&JigyosyoCd=4770900902-00&ServiceCd=430&Type=search", "url2": "www.gayumar.com" }, "geometry": { "type": "Point", "coordinates": [ 127.961106279206874, 26.603035040038925 ] } },
{ "type": "Feature", "properties": { "内容": "ケアプランセンターほくざん【居宅介護支援】沖縄県名護市宮里883番地", "url": "https://www.kaigokensaku.mhlw.go.jp/47/index.php?action_kouhyou_detail_004_kani=true&JigyosyoCd=4770900985-00&ServiceCd=430&Type=search", "url2": "http://hp.kaipoke.biz/x8h/" }, "geometry": { "type": "Point", "coordinates": [ 127.969599392278482, 26.603092372439885 ] } },
{ "type": "Feature", "properties": { "内容": "ケアプランセンター　ステップ【居宅介護支援】沖縄県名護市大北四丁目25番9号新里貸事務所104号室", "url": "https://www.kaigokensaku.mhlw.go.jp/47/index.php?action_kouhyou_detail_004_kani=true&JigyosyoCd=4770901199-00&ServiceCd=430&Type=search", "url2": null }, "geometry": { "type": "Point", "coordinates": [ 127.9892673, 26.606265900000015 ] } },
{ "type": "Feature", "properties": { "内容": "ケアサポートe‐プラン【居宅介護支援】宮里446-3ベル・フルール102", "url": "https://www.kaigokensaku.mhlw.go.jp/47/index.php?action_kouhyou_detail_004_kani=true&JigyosyoCd=4770901223-00&ServiceCd=430&Type=search", "url2": null }, "geometry": { "type": "Point", "coordinates": [ 127.97054, 26.605127 ] } },
{ "type": "Feature", "properties": { "内容": "ひまわり居宅介護支援事業所【居宅介護支援】沖縄県名護市世冨慶５０５－２", "url": "https://www.kaigokensaku.mhlw.go.jp/47/index.php?action_kouhyou_detail_004_kani=true&JigyosyoCd=4770901173-00&ServiceCd=430&Type=search", "url2": null }, "geometry": { "type": "Point", "coordinates": [ 127.985558036674007, 26.574344164369919 ] } },
{ "type": "Feature", "properties": { "内容": "まつの木ケアプランセンター【居宅介護支援】沖縄県糸満市字兼城618番地", "url": "https://www.kaigokensaku.mhlw.go.jp/47/index.php?action_kouhyou_detail_004_kani=true&JigyosyoCd=4771000322-00&ServiceCd=430&Type=search", "url2": null }, "geometry": { "type": "Point", "coordinates": [ 127.6707222, 26.1355776 ] } },
{ "type": "Feature", "properties": { "内容": "居宅介護支援ピンク【居宅介護支援】沖縄県糸満市字潮平523番地", "url": "https://www.kaigokensaku.mhlw.go.jp/47/index.php?action_kouhyou_detail_004_kani=true&JigyosyoCd=4771000223-00&ServiceCd=430&Type=search", "url2": null }, "geometry": { "type": "Point", "coordinates": [ 127.677706485349958, 26.1420799901022 ] } },
{ "type": "Feature", "properties": { "内容": "社会福祉法人心の会　居宅介護支援事業所みなみ【居宅介護支援】糸満1796-2", "url": "https://www.kaigokensaku.mhlw.go.jp/47/index.php?action_kouhyou_detail_004_kani=true&JigyosyoCd=4771000462-00&ServiceCd=430&Type=search", "url2": null }, "geometry": { "type": "Point", "coordinates": [ 127.678880299999946, 26.126556400000016 ] } },
{ "type": "Feature", "properties": { "内容": "居宅介護支援事業所　珊瑚【居宅介護支援】糸満市潮崎町4丁目8-13", "url": "https://www.kaigokensaku.mhlw.go.jp/47/index.php?action_kouhyou_detail_004_kani=true&JigyosyoCd=4771000405-00&ServiceCd=430&Type=search", "url2": null }, "geometry": { "type": "Point", "coordinates": [ 127.663626, 26.1164485 ] } },
{ "type": "Feature", "properties": { "内容": "沖縄偕生園ケアプランセンター【居宅介護支援】沖縄県糸満市字小波蔵３２１番地", "url": "https://www.kaigokensaku.mhlw.go.jp/47/index.php?action_kouhyou_detail_004_kani=true&JigyosyoCd=4771000017-00&ServiceCd=430&Type=search", "url2": "http://www.kaiseikai.org/jp" }, "geometry": { "type": "Point", "coordinates": [ 127.668764799999963, 26.1073495 ] } },
{ "type": "Feature", "properties": { "内容": "いとまんシャトー指定居宅介護支援センター【居宅介護支援】糸満市字大里９２７番地の２", "url": "https://www.kaigokensaku.mhlw.go.jp/47/index.php?action_kouhyou_detail_004_kani=true&JigyosyoCd=4771000314-00&ServiceCd=430&Type=search", "url2": "http://www.itoman3.com/index.htm" }, "geometry": { "type": "Point", "coordinates": [ 127.69172920000004, 26.135339299999988 ] } },
{ "type": "Feature", "properties": { "内容": "ケアプラン琉新の風【居宅介護支援】沖縄県糸満市潮崎町3丁目８－１０OceanLife103", "url": "https://www.kaigokensaku.mhlw.go.jp/47/index.php?action_kouhyou_detail_004_kani=true&JigyosyoCd=4771000637-00&ServiceCd=430&Type=search", "url2": null }, "geometry": { "type": "Point", "coordinates": [ 127.666009478573599, 26.118827569616528 ] } },
{ "type": "Feature", "properties": { "内容": "ｹｱﾌﾟﾗﾝｾﾝﾀｰniko糸満【居宅介護支援】沖縄県糸満市潮平273-1メゾン・ド・フェリスタ101", "url": "https://www.kaigokensaku.mhlw.go.jp/47/index.php?action_kouhyou_detail_004_kani=true&JigyosyoCd=4771000736-00&ServiceCd=430&Type=search", "url2": "http://www.green-star-okinawa.com/service.php" }, "geometry": { "type": "Point", "coordinates": [ 127.6799605, 26.1445035 ] } },
{ "type": "Feature", "properties": { "内容": "居宅介護支援事業所あかり【居宅介護支援】沖縄県糸満市字糸満１５０５番地の３", "url": "https://www.kaigokensaku.mhlw.go.jp/47/index.php?action_kouhyou_detail_004_kani=true&JigyosyoCd=4771000165-00&ServiceCd=430&Type=search", "url2": "http://www." }, "geometry": { "type": "Point", "coordinates": [ 127.674386200000086, 26.125723 ] } },
{ "type": "Feature", "properties": { "内容": "ひめゆりクリニック指定居宅介護支援事業所【居宅介護支援】沖縄県糸満市字伊原107-1", "url": "https://www.kaigokensaku.mhlw.go.jp/47/index.php?action_kouhyou_detail_004_kani=true&JigyosyoCd=4711010522-00&ServiceCd=430&Type=search", "url2": "https://www.nantoku.org/facility/himeyuri/" }, "geometry": { "type": "Point", "coordinates": [ 127.684739, 26.094737 ] } },
{ "type": "Feature", "properties": { "内容": "株式会社糸満てぃんさぐの家【居宅介護支援】沖縄県糸満市照屋1258-1", "url": "https://www.kaigokensaku.mhlw.go.jp/47/index.php?action_kouhyou_detail_004_kani=true&JigyosyoCd=4771000447-00&ServiceCd=430&Type=search", "url2": "http:thinsagu.web.fcz.com/" }, "geometry": { "type": "Point", "coordinates": [ 127.686910200000042, 26.1330394 ] } },
{ "type": "Feature", "properties": { "内容": "社会福祉法人心の会　ケアプランセンターみなみ【居宅介護支援】沖縄県糸満市字糸満２４３１－９番地浜宮アパート1F", "url": "https://www.kaigokensaku.mhlw.go.jp/47/index.php?action_kouhyou_detail_004_kani=true&JigyosyoCd=4771000728-00&ServiceCd=430&Type=search", "url2": "社会福祉法人心の会" }, "geometry": { "type": "Point", "coordinates": [ 127.6666405, 26.1261515 ] } },
{ "type": "Feature", "properties": { "内容": "ケアプランセンターはる【居宅介護支援】沖縄県糸満市西川町36-22グランシェリー102", "url": "https://www.kaigokensaku.mhlw.go.jp/47/index.php?action_kouhyou_detail_004_kani=true&JigyosyoCd=4771000835-00&ServiceCd=430&Type=search", "url2": "https://sites.google.com/view/halu202577/" }, "geometry": { "type": "Point", "coordinates": [ 127.668443796295165, 26.138324478114711 ] } },
{ "type": "Feature", "properties": { "内容": "居宅介護支援西崎【居宅介護支援】沖縄県糸満市西崎町３丁目３７９番地デイサービスセンター西崎　1F", "url": "https://www.kaigokensaku.mhlw.go.jp/47/index.php?action_kouhyou_detail_004_kani=true&JigyosyoCd=4771000207-00&ServiceCd=430&Type=search", "url2": "http://www.iwakikai.net" }, "geometry": { "type": "Point", "coordinates": [ 127.670455200663824, 26.1456634120342 ] } },
{ "type": "Feature", "properties": { "内容": "うの花居宅介護支援事業所【居宅介護支援】字糸満９８９－１１番地アッピーアパートA－２", "url": "https://www.kaigokensaku.mhlw.go.jp/47/index.php?action_kouhyou_detail_004_kani=true&JigyosyoCd=4771000504-00&ServiceCd=430&Type=search", "url2": null }, "geometry": { "type": "Point", "coordinates": [ 127.668208699999923, 26.1290586 ] } },
{ "type": "Feature", "properties": { "内容": "ケアプランセンターLeaf【居宅介護支援】沖縄県糸満市字阿波根46加島アパート201", "url": "https://www.kaigokensaku.mhlw.go.jp/47/index.php?action_kouhyou_detail_004_kani=true&JigyosyoCd=4771000868-00&ServiceCd=430&Type=search", "url2": null }, "geometry": { "type": "Point", "coordinates": [ 127.6825436, 26.1533035 ] } },
{ "type": "Feature", "properties": { "内容": "居宅ケアプランセンターSORA【居宅介護支援】西崎町5-8-10", "url": "https://www.kaigokensaku.mhlw.go.jp/47/index.php?action_kouhyou_detail_004_kani=true&JigyosyoCd=4771000827-00&ServiceCd=430&Type=search", "url2": null }, "geometry": { "type": "Point", "coordinates": [ 127.6540952, 26.1436373 ] } },
{ "type": "Feature", "properties": { "内容": "ケアプランセンターげんき【居宅介護支援】沖縄県糸満市西崎６‐１６‐５サンスリービル２階", "url": "https://www.kaigokensaku.mhlw.go.jp/47/index.php?action_kouhyou_detail_004_kani=true&JigyosyoCd=4771000587-00&ServiceCd=430&Type=search", "url2": "https://www.akanekai-okinawa.com/" }, "geometry": { "type": "Point", "coordinates": [ 127.6696776, 26.1424838 ] } },
{ "type": "Feature", "properties": { "内容": "居宅介護　いーとまん【居宅介護支援】沖縄県糸満市西崎2-7-8101号室", "url": "https://www.kaigokensaku.mhlw.go.jp/47/index.php?action_kouhyou_detail_004_kani=true&JigyosyoCd=4771000785-00&ServiceCd=430&Type=search", "url2": null }, "geometry": { "type": "Point", "coordinates": [ 127.664477489576342, 26.143922748813221 ] } },
{ "type": "Feature", "properties": { "内容": "居宅介護支援事業所なかがみ【居宅介護支援】沖縄県沖縄市知花6丁目25番15号", "url": "https://www.kaigokensaku.mhlw.go.jp/47/index.php?action_kouhyou_detail_004_kani=true&JigyosyoCd=4710412190-00&ServiceCd=430&Type=search", "url2": "http://www.nakagami.or.jp/chibana/" }, "geometry": { "type": "Point", "coordinates": [ 127.817139600000019, 26.3638188 ] } },
{ "type": "Feature", "properties": { "内容": "ニチイケアセンター沖縄【居宅介護支援】沖縄県沖縄市久保田3-1-12プラザハウスフェアモール3Ｆ", "url": "https://www.kaigokensaku.mhlw.go.jp/47/index.php?action_kouhyou_detail_004_kani=true&JigyosyoCd=4770400044-00&ServiceCd=430&Type=search", "url2": "http://www/nichiigakkann/co/jp" }, "geometry": { "type": "Point", "coordinates": [ 127.794015299999955, 26.3197637 ] } },
{ "type": "Feature", "properties": { "内容": "ケアセンター北城【居宅介護支援】沖縄県沖縄市山内2丁目25番41号", "url": "https://www.kaigokensaku.mhlw.go.jp/47/index.php?action_kouhyou_detail_004_kani=true&JigyosyoCd=4770401992-00&ServiceCd=430&Type=search", "url2": "http://www.kitashiro.org/about/" }, "geometry": { "type": "Point", "coordinates": [ 127.78711840000004, 26.3246937 ] } },
{ "type": "Feature", "properties": { "内容": "居宅介護支援事業所　オリーブ【居宅介護支援】沖縄県沖縄市比屋根二丁目3番3号", "url": "https://www.kaigokensaku.mhlw.go.jp/47/index.php?action_kouhyou_detail_004_kani=true&JigyosyoCd=4770402388-00&ServiceCd=430&Type=search", "url2": "https://www.sunrise-isa.com/" }, "geometry": { "type": "Point", "coordinates": [ 127.8257322, 26.316594 ] } },
{ "type": "Feature", "properties": { "内容": "ケアステーションだるま【居宅介護支援】沖縄県沖縄市美里仲原町３０番１号コーポエルソール102", "url": "https://www.kaigokensaku.mhlw.go.jp/47/index.php?action_kouhyou_detail_004_kani=true&JigyosyoCd=4770400481-00&ServiceCd=430&Type=search", "url2": "http://www." }, "geometry": { "type": "Point", "coordinates": [ 127.82898739999996, 26.3452202 ] } },
{ "type": "Feature", "properties": { "内容": "居宅介護支援事業所　シオン【居宅介護支援】沖縄県沖縄市山内一丁目７番５号安立医院1階", "url": "https://www.kaigokensaku.mhlw.go.jp/47/index.php?action_kouhyou_detail_004_kani=true&JigyosyoCd=4770401182-00&ServiceCd=430&Type=search", "url2": "http://adachi-cl.or.jp/" }, "geometry": { "type": "Point", "coordinates": [ 127.786743399999978, 26.3273768 ] } },
{ "type": "Feature", "properties": { "内容": "居宅介護支援ステーション　ニヘーデービル【居宅介護支援】沖縄県沖縄市大里三丁目12番9号", "url": "https://www.kaigokensaku.mhlw.go.jp/47/index.php?action_kouhyou_detail_004_kani=true&JigyosyoCd=4770400465-00&ServiceCd=430&Type=search", "url2": "http://www.okinawa-yomitan.com/" }, "geometry": { "type": "Point", "coordinates": [ 127.824951315327439, 26.325869288754252 ] } },
{ "type": "Feature", "properties": { "内容": "ＪＡおきなわ中部介護福祉センター　　居宅介護支援事業所【居宅介護支援】沖縄県沖縄市美里1－27－6", "url": "https://www.kaigokensaku.mhlw.go.jp/47/index.php?action_kouhyou_detail_004_kani=true&JigyosyoCd=4770400937-00&ServiceCd=430&Type=search", "url2": null }, "geometry": { "type": "Point", "coordinates": [ 127.804361100000037, 26.3351071 ] } },
{ "type": "Feature", "properties": { "内容": "きづき居宅介護支援事業所【居宅介護支援】沖縄県沖縄市高原1丁目1番38号（地域型地域包括支援センター東部南　併設）", "url": "https://www.kaigokensaku.mhlw.go.jp/47/index.php?action_kouhyou_detail_004_kani=true&JigyosyoCd=4770402198-00&ServiceCd=430&Type=search", "url2": null }, "geometry": { "type": "Point", "coordinates": [ 127.815509300000045, 26.3247881 ] } },
{ "type": "Feature", "properties": { "内容": "ケアプランセンターWANSTYLE＋【居宅介護支援】沖縄市泡瀬4丁目21番17号", "url": "https://www.kaigokensaku.mhlw.go.jp/47/index.php?action_kouhyou_detail_004_kani=true&JigyosyoCd=4770402438-00&ServiceCd=430&Type=search", "url2": null }, "geometry": { "type": "Point", "coordinates": [ 127.8300448, 26.3167537 ] } },
{ "type": "Feature", "properties": { "内容": "居宅介護支援事業所なかがみ【居宅介護支援】沖縄市字登川５６６番地なかがみ地域包括センター", "url": "https://www.kaigokensaku.mhlw.go.jp/47/index.php?action_kouhyou_detail_004_kani=true&JigyosyoCd=4770402727-00&ServiceCd=430&Type=search", "url2": "https://www.nakagami.or.jp/nakagamihoukatu/" }, "geometry": { "type": "Point", "coordinates": [ 127.826111633141437, 26.369011322393817 ] } },
{ "type": "Feature", "properties": { "内容": "居宅介護支援事業所　緑の風【居宅介護支援】沖縄県　沖縄市高原5-2-29（301）", "url": "https://www.kaigokensaku.mhlw.go.jp/47/index.php?action_kouhyou_detail_004_kani=true&JigyosyoCd=4770402743-00&ServiceCd=430&Type=search", "url2": null }, "geometry": { "type": "Point", "coordinates": [ 127.8238868, 26.3243607 ] } },
{ "type": "Feature", "properties": { "内容": "ケアプランセンター　高山【居宅介護支援】沖縄県沖縄市胡屋2-9-2ディアコート胡屋101", "url": "https://www.kaigokensaku.mhlw.go.jp/47/index.php?action_kouhyou_detail_004_kani=true&JigyosyoCd=4770401976-00&ServiceCd=430&Type=search", "url2": null }, "geometry": { "type": "Point", "coordinates": [ 127.801821199999964, 26.3342666 ] } },
{ "type": "Feature", "properties": { "内容": "ケアプラン高嶺　居宅介護支援事業所【居宅介護支援】池原５丁目3-29", "url": "https://www.kaigokensaku.mhlw.go.jp/47/index.php?action_kouhyou_detail_004_kani=true&JigyosyoCd=4770401554-00&ServiceCd=430&Type=search", "url2": "http://c-wakouen.jp" }, "geometry": { "type": "Point", "coordinates": [ 127.830949, 26.3833974 ] } },
{ "type": "Feature", "properties": { "内容": "医療法人福樹会居宅介護支援センター【居宅介護支援】沖縄県沖縄市松本１－２２－２", "url": "https://www.kaigokensaku.mhlw.go.jp/47/index.php?action_kouhyou_detail_004_kani=true&JigyosyoCd=4770400440-00&ServiceCd=430&Type=search", "url2": "http://www." }, "geometry": { "type": "Point", "coordinates": [ 127.817639800000038, 26.3560611 ] } },
{ "type": "Feature", "properties": { "内容": "ケアサービスくくる指定居宅介護支援事業所【居宅介護支援】沖縄県沖縄市南桃原2丁目17番28号", "url": "https://www.kaigokensaku.mhlw.go.jp/47/index.php?action_kouhyou_detail_004_kani=true&JigyosyoCd=4770401679-00&ServiceCd=430&Type=search", "url2": null }, "geometry": { "type": "Point", "coordinates": [ 127.78052179999996, 26.318772 ] } },
{ "type": "Feature", "properties": { "内容": "ケアプランセンターたいよう【居宅介護支援】沖縄県沖縄市高原6-15-6ハートピアG4103号", "url": "https://www.kaigokensaku.mhlw.go.jp/47/index.php?action_kouhyou_detail_004_kani=true&JigyosyoCd=4770401885-00&ServiceCd=430&Type=search", "url2": null }, "geometry": { "type": "Point", "coordinates": [ 127.826792899999987, 26.3174093 ] } },
{ "type": "Feature", "properties": { "内容": "緑樹苑指定居宅介護支援事業所【居宅介護支援】沖縄県沖縄市胡屋七丁目2番10号", "url": "https://www.kaigokensaku.mhlw.go.jp/47/index.php?action_kouhyou_detail_004_kani=true&JigyosyoCd=4770400028-00&ServiceCd=430&Type=search", "url2": "http://www.ryokujukai.or.jp" }, "geometry": { "type": "Point", "coordinates": [ 127.8113829, 26.3258331 ] } },
{ "type": "Feature", "properties": { "内容": "居宅介護支援事業所　ケアプラン　みちしお【居宅介護支援】沖縄県沖縄市字桃原４丁目17番27号", "url": "https://www.kaigokensaku.mhlw.go.jp/47/index.php?action_kouhyou_detail_004_kani=true&JigyosyoCd=4770401406-00&ServiceCd=430&Type=search", "url2": null }, "geometry": { "type": "Point", "coordinates": [ 127.831789599999979, 26.3307404 ] } },
{ "type": "Feature", "properties": { "内容": "ケアプランセンター美らさん【居宅介護支援】高原6丁目2番2号（205）（205）", "url": "https://www.kaigokensaku.mhlw.go.jp/47/index.php?action_kouhyou_detail_004_kani=true&JigyosyoCd=4770401471-00&ServiceCd=430&Type=search", "url2": null }, "geometry": { "type": "Point", "coordinates": [ 127.828612099999987, 26.3213478 ] } },
{ "type": "Feature", "properties": { "内容": "在宅介護サービスつなぐサポート【居宅介護支援】沖縄県沖縄市照屋1-31-10", "url": "https://www.kaigokensaku.mhlw.go.jp/47/index.php?action_kouhyou_detail_004_kani=true&JigyosyoCd=4770402495-00&ServiceCd=430&Type=search", "url2": null }, "geometry": { "type": "Point", "coordinates": [ 127.816103, 26.3367538 ] } },
{ "type": "Feature", "properties": { "内容": "東部クリニック介護支援センター【居宅介護支援】沖縄県沖縄市与儀3丁目9番1号", "url": "https://www.kaigokensaku.mhlw.go.jp/47/index.php?action_kouhyou_detail_004_kani=true&JigyosyoCd=4710411515-00&ServiceCd=430&Type=search", "url2": "http://www.tobu-clinic.com" }, "geometry": { "type": "Point", "coordinates": [ 127.8152109, 26.3076876 ] } },
{ "type": "Feature", "properties": { "内容": "居宅介護支援事業所　おきなわ長寿苑【居宅介護支援】沖縄県沖縄市字登川１４０２番地", "url": "https://www.kaigokensaku.mhlw.go.jp/47/index.php?action_kouhyou_detail_004_kani=true&JigyosyoCd=4770400085-00&ServiceCd=430&Type=search", "url2": "http://www.chojyuen.com" }, "geometry": { "type": "Point", "coordinates": [ 127.823724800000036, 26.3749095 ] } },
{ "type": "Feature", "properties": { "内容": "スマイルプラン　元気のたね【居宅介護支援】沖縄県沖縄市古謝2-27-17", "url": "https://www.kaigokensaku.mhlw.go.jp/47/index.php?action_kouhyou_detail_004_kani=true&JigyosyoCd=4770401331-00&ServiceCd=430&Type=search", "url2": "https://hp.kaipoke.biz/e08/" }, "geometry": { "type": "Point", "coordinates": [ 127.834761499999985, 26.3353878 ] } },
{ "type": "Feature", "properties": { "内容": "ケアプランセンタースマイルプラス【居宅介護支援】美里３丁目10-17登川店舗1F", "url": "https://www.kaigokensaku.mhlw.go.jp/47/index.php?action_kouhyou_detail_004_kani=true&JigyosyoCd=4770402206-00&ServiceCd=430&Type=search", "url2": "https://sw-oki.co.jp" }, "geometry": { "type": "Point", "coordinates": [ 127.812495266207918, 26.348961677992811 ] } },
{ "type": "Feature", "properties": { "内容": "ケアプランえんまぁる【居宅介護支援】沖縄県沖縄市知花４丁目８番５号T7", "url": "https://www.kaigokensaku.mhlw.go.jp/47/index.php?action_kouhyou_detail_004_kani=true&JigyosyoCd=4770402586-00&ServiceCd=430&Type=search", "url2": null }, "geometry": { "type": "Point", "coordinates": [ 127.801157120068353, 26.360344916652377 ] } },
{ "type": "Feature", "properties": { "内容": "ケアプランセンターてぃんく【居宅介護支援】沖縄県沖縄市宮里3丁目8番7号　1F", "url": "https://www.kaigokensaku.mhlw.go.jp/47/index.php?action_kouhyou_detail_004_kani=true&JigyosyoCd=4770402784-00&ServiceCd=430&Type=search", "url2": null }, "geometry": { "type": "Point", "coordinates": [ 127.8206002, 26.3340333 ] } },
{ "type": "Feature", "properties": { "内容": "ケアプランあいりす【居宅介護支援】沖縄県沖縄市上地二丁目5-19", "url": "https://www.kaigokensaku.mhlw.go.jp/47/index.php?action_kouhyou_detail_004_kani=true&JigyosyoCd=4770402859-00&ServiceCd=430&Type=search", "url2": null }, "geometry": { "type": "Point", "coordinates": [ 127.7947583, 26.3332766 ] } },
{ "type": "Feature", "properties": { "内容": "ＣＡＲＥＰＬＡＮ　ＲＥＳＰＯ【居宅介護支援】沖縄県沖縄市登川1-12-9", "url": "https://www.kaigokensaku.mhlw.go.jp/47/index.php?action_kouhyou_detail_004_kani=true&JigyosyoCd=4770402933-00&ServiceCd=430&Type=search", "url2": null }, "geometry": { "type": "Point", "coordinates": [ 127.8200404, 26.3690928 ] } },
{ "type": "Feature", "properties": { "内容": "ケアプランセンター　Ｆｉｎｅ【居宅介護支援】沖縄県沖縄市上地2丁目7番16号", "url": "https://www.kaigokensaku.mhlw.go.jp/47/index.php?action_kouhyou_detail_004_kani=true&JigyosyoCd=4770402941-00&ServiceCd=430&Type=search", "url2": null }, "geometry": { "type": "Point", "coordinates": [ 127.7957229, 26.3325379 ] } },
{ "type": "Feature", "properties": { "内容": "ケアプラン　もみの木【居宅介護支援】沖縄県沖縄市美里1-3-2仲本アパート102号", "url": "https://www.kaigokensaku.mhlw.go.jp/47/index.php?action_kouhyou_detail_004_kani=true&JigyosyoCd=4760490120-00&ServiceCd=430&Type=search", "url2": null }, "geometry": { "type": "Point", "coordinates": [ 127.8157321, 26.3402181 ] } },
{ "type": "Feature", "properties": { "内容": "中部地区医師会居宅介護支援事業所【居宅介護支援】沖縄県沖縄市八重島２丁目１１番１２号", "url": "https://www.kaigokensaku.mhlw.go.jp/47/index.php?action_kouhyou_detail_004_kani=true&JigyosyoCd=4760490187-00&ServiceCd=430&Type=search", "url2": "https://www.chubu-ishikai.or.jp/cma_public/" }, "geometry": { "type": "Point", "coordinates": [ 127.80520219999994, 26.3503641 ] } },
{ "type": "Feature", "properties": { "内容": "介護支援センター中部【居宅介護支援】沖縄県沖縄市室川２丁目7-49", "url": "https://www.kaigokensaku.mhlw.go.jp/47/index.php?action_kouhyou_detail_004_kani=true&JigyosyoCd=4770400036-00&ServiceCd=430&Type=search", "url2": "http://www." }, "geometry": { "type": "Point", "coordinates": [ 127.80904565396736, 26.337827456362216 ] } },
{ "type": "Feature", "properties": { "内容": "ケアプランセンター愛聖【居宅介護支援】沖縄県沖縄市海邦1丁目14番15号", "url": "https://www.kaigokensaku.mhlw.go.jp/47/index.php?action_kouhyou_detail_004_kani=true&JigyosyoCd=4770400614-00&ServiceCd=430&Type=search", "url2": "http://anshinkai.jp" }, "geometry": { "type": "Point", "coordinates": [ 127.834504900000042, 26.3285887 ] } },
{ "type": "Feature", "properties": { "内容": "沖縄ケアサポートセンター【居宅介護支援】沖縄県沖縄市比屋根二丁目１５番１号", "url": "https://www.kaigokensaku.mhlw.go.jp/47/index.php?action_kouhyou_detail_004_kani=true&JigyosyoCd=4770400846-00&ServiceCd=430&Type=search", "url2": "https://www.tapic-reha.or.jp/support/supportcenter/" }, "geometry": { "type": "Point", "coordinates": [ 127.824061167597918, 26.314757472602384 ] } },
{ "type": "Feature", "properties": { "内容": "中部サンケアネット居宅介護支援事業所【居宅介護支援】沖縄県沖縄市古謝津嘉山町24番３号原アパート101", "url": "https://www.kaigokensaku.mhlw.go.jp/47/index.php?action_kouhyou_detail_004_kani=true&JigyosyoCd=4770402040-00&ServiceCd=430&Type=search", "url2": "suncarenet.com" }, "geometry": { "type": "Point", "coordinates": [ 127.828158099999982, 26.342221200000012 ] } },
{ "type": "Feature", "properties": { "内容": "沖縄一条園居宅介護支援事業所【居宅介護支援】与儀３丁目５番１０号沖縄一条園", "url": "https://www.kaigokensaku.mhlw.go.jp/47/index.php?action_kouhyou_detail_004_kani=true&JigyosyoCd=4770402529-00&ServiceCd=430&Type=search", "url2": "https://www.reihoukai.or.jp/" }, "geometry": { "type": "Point", "coordinates": [ 127.8162766, 26.310096600000023 ] } },
{ "type": "Feature", "properties": { "内容": "中部徳洲会病院　居宅介護支援事業所【居宅介護支援】沖縄県沖縄市胡屋6-4-19介護老人保健施設おきなわ徳洲苑内", "url": "https://www.kaigokensaku.mhlw.go.jp/47/index.php?action_kouhyou_detail_004_kani=true&JigyosyoCd=4770402651-00&ServiceCd=430&Type=search", "url2": null }, "geometry": { "type": "Point", "coordinates": [ 127.809891400000041, 26.3269657 ] } },
{ "type": "Feature", "properties": { "内容": "ちゅうとく　居宅介護支援事業所【居宅介護支援】沖縄県沖縄市沖縄市安慶田三丁目１１番３０号ソフィアクリニック内(1F)", "url": "https://www.kaigokensaku.mhlw.go.jp/47/index.php?action_kouhyou_detail_004_kani=true&JigyosyoCd=4770402669-00&ServiceCd=430&Type=search", "url2": "chutoku.kyotaku＠outlook.jp" }, "geometry": { "type": "Point", "coordinates": [ 127.8126682, 26.330312699999983 ] } },
{ "type": "Feature", "properties": { "内容": "ケアプラン琉花【居宅介護支援】沖縄市桃原3丁目14-13", "url": "https://www.kaigokensaku.mhlw.go.jp/47/index.php?action_kouhyou_detail_004_kani=true&JigyosyoCd=4770402867-00&ServiceCd=430&Type=search", "url2": "https://hp.kaipoke.biz/b44/132691/base_0001.html" }, "geometry": { "type": "Point", "coordinates": [ 127.829329500000043, 26.333751 ] } },
{ "type": "Feature", "properties": { "内容": "福祉の窓口@沖縄city【居宅介護支援】沖縄県沖縄市照屋4-4-17譜久山店舗西", "url": "https://www.kaigokensaku.mhlw.go.jp/47/index.php?action_kouhyou_detail_004_kani=true&JigyosyoCd=4770403089-00&ServiceCd=430&Type=search", "url2": "https://useful-okinawa.com/" }, "geometry": { "type": "Point", "coordinates": [ 127.8133036, 26.3331642 ] } },
{ "type": "Feature", "properties": { "内容": "ケアプランセンター高山【居宅介護支援】沖縄県沖縄市高原2-1-1", "url": "https://www.kaigokensaku.mhlw.go.jp/47/index.php?action_kouhyou_detail_004_kani=true&JigyosyoCd=4770403162-00&ServiceCd=430&Type=search", "url2": "https://www.ganjyunotobira.com/" }, "geometry": { "type": "Point", "coordinates": [ 127.8146073, 26.3274297 ] } },
{ "type": "Feature", "properties": { "内容": "ケアプランセンター　しん【居宅介護支援】沖縄県沖縄市高原五丁目5番17号花城アパート101", "url": "https://www.kaigokensaku.mhlw.go.jp/47/index.php?action_kouhyou_detail_004_kani=true&JigyosyoCd=4770401984-00&ServiceCd=430&Type=search", "url2": "http://hp.kaipoke.biz/0hb/99648/base_0001.html" }, "geometry": { "type": "Point", "coordinates": [ 127.824065199999964, 26.3232698 ] } },
{ "type": "Feature", "properties": { "内容": "居宅介護支援センター沖縄市幸笑【居宅介護支援】沖縄県沖縄市久保田1丁目19番3号モロミハウス　1階", "url": "https://www.kaigokensaku.mhlw.go.jp/47/index.php?action_kouhyou_detail_004_kani=true&JigyosyoCd=4770402677-00&ServiceCd=430&Type=search", "url2": null }, "geometry": { "type": "Point", "coordinates": [ 127.7944368, 26.3248133 ] } },
{ "type": "Feature", "properties": { "内容": "ちゅうざん会居宅介護支援事業所【居宅介護支援】沖縄県沖縄市松本六丁目２番１号", "url": "https://www.kaigokensaku.mhlw.go.jp/47/index.php?action_kouhyou_detail_004_kani=true&JigyosyoCd=4770403261-00&ServiceCd=430&Type=search", "url2": "http://chuzan.or.jp/" }, "geometry": { "type": "Point", "coordinates": [ 127.8097716, 26.3547173 ] } },
{ "type": "Feature", "properties": { "内容": "ケアプランいきがい【居宅介護支援】美里6丁目15-16", "url": "https://www.kaigokensaku.mhlw.go.jp/47/index.php?action_kouhyou_detail_004_kani=true&JigyosyoCd=4770402487-00&ServiceCd=430&Type=search", "url2": "https://ikigaicreation.co.jp/" }, "geometry": { "type": "Point", "coordinates": [ 127.8063427, 26.3530568 ] } },
{ "type": "Feature", "properties": { "内容": "ケアプランステーション晴れ空【居宅介護支援】沖縄県沖縄市胡屋7-4-5", "url": "https://www.kaigokensaku.mhlw.go.jp/47/index.php?action_kouhyou_detail_004_kani=true&JigyosyoCd=4770401927-00&ServiceCd=430&Type=search", "url2": "https://www.hareruyapono.com" }, "geometry": { "type": "Point", "coordinates": [ 127.809643443969435, 26.324392299330047 ] } },
{ "type": "Feature", "properties": { "内容": "ケアプラン　三丁目【居宅介護支援】沖縄県沖縄市松本3-19-11", "url": "https://www.kaigokensaku.mhlw.go.jp/47/index.php?action_kouhyou_detail_004_kani=true&JigyosyoCd=4770400572-00&ServiceCd=430&Type=search", "url2": "http://www.careplan.3.com" }, "geometry": { "type": "Point", "coordinates": [ 127.819974850787275, 26.356167187569422 ] } },
{ "type": "Feature", "properties": { "内容": "居宅介護支援事業所ビオラ【居宅介護支援】沖縄県沖縄市知花6丁目33-8", "url": "https://www.kaigokensaku.mhlw.go.jp/47/index.php?action_kouhyou_detail_004_kani=true&JigyosyoCd=4770403030-00&ServiceCd=430&Type=search", "url2": null }, "geometry": { "type": "Point", "coordinates": [ 127.8183918, 26.3643957 ] } },
{ "type": "Feature", "properties": { "内容": "ケアプランセンターなないろ【居宅介護支援】沖縄市安慶田５丁目１番２０号", "url": "https://www.kaigokensaku.mhlw.go.jp/47/index.php?action_kouhyou_detail_004_kani=true&JigyosyoCd=4770403071-00&ServiceCd=430&Type=search", "url2": null }, "geometry": { "type": "Point", "coordinates": [ 127.8129244, 26.3280224 ] } },
{ "type": "Feature", "properties": { "内容": "ケアプラン爽やかな風沖縄【居宅介護支援】沖縄県沖縄市胡屋２－１６－５カンフォーラ・コザ１０２", "url": "https://www.kaigokensaku.mhlw.go.jp/47/index.php?action_kouhyou_detail_004_kani=true&JigyosyoCd=4770403113-00&ServiceCd=430&Type=search", "url2": "sawayaka-info@sawayaka-okinawa.jp" }, "geometry": { "type": "Point", "coordinates": [ 127.8040038, 26.3326423 ] } },
{ "type": "Feature", "properties": { "内容": "WanStyleAct【居宅介護支援】泡瀬4丁目21番17号", "url": "https://www.kaigokensaku.mhlw.go.jp/47/index.php?action_kouhyou_detail_004_kani=true&JigyosyoCd=4770403121-00&ServiceCd=430&Type=search", "url2": null }, "geometry": { "type": "Point", "coordinates": [ 127.829934569311519, 26.316736816867344 ] } },
{ "type": "Feature", "properties": { "内容": "あいらく居宅介護支援事業所【居宅介護支援】沖縄県沖縄市美里6丁目7番3号ワンフィーカ313号", "url": "https://www.kaigokensaku.mhlw.go.jp/47/index.php?action_kouhyou_detail_004_kani=true&JigyosyoCd=4770402735-00&ServiceCd=430&Type=search", "url2": null }, "geometry": { "type": "Point", "coordinates": [ 127.8056791, 26.3512388 ] } },
{ "type": "Feature", "properties": { "内容": "介護保険相談所リリーフ【居宅介護支援】沖縄県豊見城市字豊見城437番地１1.1ビル２－Ａ", "url": "https://www.kaigokensaku.mhlw.go.jp/47/index.php?action_kouhyou_detail_004_kani=true&JigyosyoCd=4775400619-00&ServiceCd=430&Type=search", "url2": null }, "geometry": { "type": "Point", "coordinates": [ 127.6788398, 26.182399 ] } },
{ "type": "Feature", "properties": { "内容": "友愛会ケアプランセンター【居宅介護支援】沖縄県豊見城市字与根50番地5（友愛医療センター内）", "url": "https://www.kaigokensaku.mhlw.go.jp/47/index.php?action_kouhyou_detail_004_kani=true&JigyosyoCd=4775400536-00&ServiceCd=430&Type=search", "url2": "http://www.yuuai.or.jp" }, "geometry": { "type": "Point", "coordinates": [ 127.654126700999001, 26.171096974183072 ] } },
{ "type": "Feature", "properties": { "内容": "居宅介護支援事業所　華々【居宅介護支援】沖縄県豊見城市字高安600-4番地ヒルコート101号室", "url": "https://www.kaigokensaku.mhlw.go.jp/47/index.php?action_kouhyou_detail_004_kani=true&JigyosyoCd=4775400379-00&ServiceCd=430&Type=search", "url2": "https://www.hanahanatomigusuku.com/" }, "geometry": { "type": "Point", "coordinates": [ 127.687315600000034, 26.1867711 ] } },
{ "type": "Feature", "properties": { "内容": "桜山荘ケアプランセンター【居宅介護支援】沖縄県豊見城市字高嶺111番地介護老人保健施設　桜山荘", "url": "https://www.kaigokensaku.mhlw.go.jp/47/index.php?action_kouhyou_detail_004_kani=true&JigyosyoCd=4775400064-00&ServiceCd=430&Type=search", "url2": "http://www.ouzanso.org/" }, "geometry": { "type": "Point", "coordinates": [ 127.695189600298605, 26.167793377469913 ] } },
{ "type": "Feature", "properties": { "内容": "豊見城偕生園ケアプランセンター【居宅介護支援】沖縄県豊見城市字宜保1丁目2番地4仲元マンション101号室", "url": "https://www.kaigokensaku.mhlw.go.jp/47/index.php?action_kouhyou_detail_004_kani=true&JigyosyoCd=4775400247-00&ServiceCd=430&Type=search", "url2": "http://www.kaiseikai.org/" }, "geometry": { "type": "Point", "coordinates": [ 127.6784437, 26.1788176 ] } },
{ "type": "Feature", "properties": { "内容": "居宅介護支援事業所　ねね【居宅介護支援】長堂４０２番地２　サンガーデン１０１号", "url": "https://www.kaigokensaku.mhlw.go.jp/47/index.php?action_kouhyou_detail_004_kani=true&JigyosyoCd=4775400395-00&ServiceCd=430&Type=search", "url2": null }, "geometry": { "type": "Point", "coordinates": [ 127.707714600000045, 26.186892 ] } },
{ "type": "Feature", "properties": { "内容": "合資会社ひかり指定居宅介護支援事業所【居宅介護支援】沖縄県豊見城字平良145番地3　102号", "url": "https://www.kaigokensaku.mhlw.go.jp/47/index.php?action_kouhyou_detail_004_kani=true&JigyosyoCd=4775400049-00&ServiceCd=430&Type=search", "url2": "http://hikari-tomigusuku" }, "geometry": { "type": "Point", "coordinates": [ 127.694807912164379, 26.167709667782084 ] } },
{ "type": "Feature", "properties": { "内容": "ウィル在宅ケアセンター【居宅介護支援】沖縄県豊見城市字根差部414-7　1階", "url": "https://www.kaigokensaku.mhlw.go.jp/47/index.php?action_kouhyou_detail_004_kani=true&JigyosyoCd=4775400692-00&ServiceCd=430&Type=search", "url2": null }, "geometry": { "type": "Point", "coordinates": [ 127.6917709, 26.1901218 ] } },
{ "type": "Feature", "properties": { "内容": "沖縄医療生活協同組合とよみ生協病院指定居宅介護支援事業所【居宅介護支援】沖縄県豊見城市字真玉橋593番地1とよみ生協病院内", "url": "https://www.kaigokensaku.mhlw.go.jp/47/index.php?action_kouhyou_detail_004_kani=true&JigyosyoCd=4711110017-00&ServiceCd=430&Type=search", "url2": "okikyo19@crocus.ocn.ne.jp" }, "geometry": { "type": "Point", "coordinates": [ 127.68731630000002, 26.1930704 ] } },
{ "type": "Feature", "properties": { "内容": "ここからケアプランセンター【居宅介護支援】字真玉橋55番地グリーンコーポ比嘉103", "url": "https://www.kaigokensaku.mhlw.go.jp/47/index.php?action_kouhyou_detail_004_kani=true&JigyosyoCd=4775407416-00&ServiceCd=430&Type=search", "url2": null }, "geometry": { "type": "Point", "coordinates": [ 127.6976217, 26.194097 ] } },
{ "type": "Feature", "properties": { "内容": "わかば居宅介護支援事業所【居宅介護支援】沖縄県豊見城市字豊見城６００番地１ケアテラス梢", "url": "https://www.kaigokensaku.mhlw.go.jp/47/index.php?action_kouhyou_detail_004_kani=true&JigyosyoCd=4775400148-00&ServiceCd=430&Type=search", "url2": "http://momoe-onda．com/" }, "geometry": { "type": "Point", "coordinates": [ 127.682163151589961, 26.182632285586507 ] } },
{ "type": "Feature", "properties": { "内容": "ケアプランセンターライフ【居宅介護支援】沖縄県豊見城市字豊見城139番地瀬長マンション203号室", "url": "https://www.kaigokensaku.mhlw.go.jp/47/index.php?action_kouhyou_detail_004_kani=true&JigyosyoCd=4775407424-00&ServiceCd=430&Type=search", "url2": null }, "geometry": { "type": "Point", "coordinates": [ 127.6816839, 26.1841737 ] } },
{ "type": "Feature", "properties": { "内容": "ケアプランHarmony【居宅介護支援】豊見城598-2ビューテラスみなみ　202号", "url": "https://www.kaigokensaku.mhlw.go.jp/47/index.php?action_kouhyou_detail_004_kani=true&JigyosyoCd=4775407606-00&ServiceCd=430&Type=search", "url2": "https://sites.google.com/view/careplanharmony/%E5%B1%85%E5%AE%85%E4%BB%8B%E8%AD%B7%E6%94%AF%E6%8F%B4%E3%81%A8%E3%81%AF?authuser=2&fbclid=IwY2xjawJSBFRleHRuA2FlbQIxMQABHTBwRPvjkL4GklAXhz9bAUn5GOi1DkJl8MDoOCrpTbOm1VWOIK4kjBhf9A_aem_pnsyoXIArZEiZMkOu4rorA" }, "geometry": { "type": "Point", "coordinates": [ 127.6822832, 26.1825288 ] } },
{ "type": "Feature", "properties": { "内容": "とみぐすくケアプランセンター【居宅介護支援】沖縄県豊見城市根差部671-16マンションリーブラⅠB101", "url": "https://www.kaigokensaku.mhlw.go.jp/47/index.php?action_kouhyou_detail_004_kani=true&JigyosyoCd=4775400676-00&ServiceCd=430&Type=search", "url2": "https://mahalo-tami.com" }, "geometry": { "type": "Point", "coordinates": [ 127.6895891, 26.1894885 ] } },
{ "type": "Feature", "properties": { "内容": "きょたくかいごしえんじぎょうしょあさひがおか【居宅介護支援】沖縄県豊見城市字高安４１３－１大漁ﾏﾝｼｮﾝ４０５", "url": "https://www.kaigokensaku.mhlw.go.jp/47/index.php?action_kouhyou_detail_004_kani=true&JigyosyoCd=4775407465-00&ServiceCd=430&Type=search", "url2": "nishida@asahigaoka-care.com" }, "geometry": { "type": "Point", "coordinates": [ 127.6826201, 26.1764993 ] } },
{ "type": "Feature", "properties": { "内容": "指定居宅介護支援事業所ケアプランサービス養生の里【居宅介護支援】沖縄県豊見城市字我那覇291-25B1", "url": "https://www.kaigokensaku.mhlw.go.jp/47/index.php?action_kouhyou_detail_004_kani=true&JigyosyoCd=4751380025-00&ServiceCd=430&Type=search", "url2": "http://www.yojonosato.com/" }, "geometry": { "type": "Point", "coordinates": [ 127.672894117196634, 26.184010801599168 ] } },
{ "type": "Feature", "properties": { "内容": "医療法人おもと会　居宅介護支援事業所おもととよみの杜【居宅介護支援】沖縄県豊見城市渡嘉敷150番地", "url": "https://www.kaigokensaku.mhlw.go.jp/47/index.php?action_kouhyou_detail_004_kani=true&JigyosyoCd=4761390063-00&ServiceCd=430&Type=search", "url2": "http://www.omotokai.or.jp/" }, "geometry": { "type": "Point", "coordinates": [ 127.683421, 26.1727698 ] } },
{ "type": "Feature", "properties": { "内容": "良長園指定居宅介護支援事業所【居宅介護支援】沖縄県豊見城市字金良８８番地", "url": "https://www.kaigokensaku.mhlw.go.jp/47/index.php?action_kouhyou_detail_004_kani=true&JigyosyoCd=4772800019-00&ServiceCd=430&Type=search", "url2": "http://yoshinagaen.jp" }, "geometry": { "type": "Point", "coordinates": [ 127.703278186227394, 26.17985015935324 ] } },
{ "type": "Feature", "properties": { "内容": "居宅介護支援事業所とよさき【居宅介護支援】沖縄県豊見城市字翁長８６９番地医療・福祉複合施設とよさき", "url": "https://www.kaigokensaku.mhlw.go.jp/47/index.php?action_kouhyou_detail_004_kani=true&JigyosyoCd=4775400221-00&ServiceCd=430&Type=search", "url2": "http://www.senior-n.jp/" }, "geometry": { "type": "Point", "coordinates": [ 127.666880199999923, 26.1611421 ] } },
{ "type": "Feature", "properties": { "内容": "ケアプランセンター友愛【居宅介護支援】沖縄県豊見城市字上田25番地豊見城中央病院", "url": "https://www.kaigokensaku.mhlw.go.jp/47/index.php?action_kouhyou_detail_004_kani=true&JigyosyoCd=4775400734-00&ServiceCd=430&Type=search", "url2": "https://www.yuuai.or.jp" }, "geometry": { "type": "Point", "coordinates": [ 127.6756178, 26.1755166 ] } },
{ "type": "Feature", "properties": { "内容": "ケアプランセンターうらうら【居宅介護支援】豊見城市字翁長320-3番地102号", "url": "https://www.kaigokensaku.mhlw.go.jp/47/index.php?action_kouhyou_detail_004_kani=true&JigyosyoCd=4775407366-00&ServiceCd=430&Type=search", "url2": "https://www.uraura.jp/" }, "geometry": { "type": "Point", "coordinates": [ 127.678463196179877, 26.160790965377519 ] } },
{ "type": "Feature", "properties": { "内容": "ケアプランセンターコネクト【居宅介護支援】沖縄県沖縄県豊見城市高嶺173-1　1階", "url": "https://www.kaigokensaku.mhlw.go.jp/47/index.php?action_kouhyou_detail_004_kani=true&JigyosyoCd=4775407382-00&ServiceCd=430&Type=search", "url2": null }, "geometry": { "type": "Point", "coordinates": [ 127.690539050635437, 26.168878639051208 ] } },
{ "type": "Feature", "properties": { "内容": "ケアプラン1ｓｔステップ【居宅介護支援】沖縄県豊見城市字根差部559-1バホウノクブレ　2B", "url": "https://www.kaigokensaku.mhlw.go.jp/47/index.php?action_kouhyou_detail_004_kani=true&JigyosyoCd=4775407390-00&ServiceCd=430&Type=search", "url2": "https://1ststep.my.canva.site/" }, "geometry": { "type": "Point", "coordinates": [ 127.690489267061537, 26.18565088387836 ] } },
{ "type": "Feature", "properties": { "内容": "ケアプランセンターROOTS【居宅介護支援】沖縄県豊見城市字豊見城437番地11.1（ワンワン）ビル2-A", "url": "https://www.kaigokensaku.mhlw.go.jp/47/index.php?action_kouhyou_detail_004_kani=true&JigyosyoCd=4775407408-00&ServiceCd=430&Type=search", "url2": "https://roots-okinawa.com/" }, "geometry": { "type": "Point", "coordinates": [ 127.678869250847399, 26.18243784510808 ] } },
{ "type": "Feature", "properties": { "内容": "平成苑居宅介護支援事業所【居宅介護支援】沖縄県豊見城市字名嘉地217-2介護老人保健施設平成苑２階", "url": "https://www.kaigokensaku.mhlw.go.jp/47/index.php?action_kouhyou_detail_004_kani=true&JigyosyoCd=4751380074-00&ServiceCd=430&Type=search", "url2": "http://www.heiseien-okinawa.com" }, "geometry": { "type": "Point", "coordinates": [ 127.664368700000082, 26.1743547 ] } },
{ "type": "Feature", "properties": { "内容": "ケアプランセンター　Off-JTおきなわ【居宅介護支援】沖縄県豊見城市字平良219番地11F", "url": "https://www.kaigokensaku.mhlw.go.jp/47/index.php?action_kouhyou_detail_004_kani=true&JigyosyoCd=4775407432-00&ServiceCd=430&Type=search", "url2": null }, "geometry": { "type": "Point", "coordinates": [ 127.693987761433135, 26.16951952586485 ] } },
{ "type": "Feature", "properties": { "内容": "ケアプラン奏【居宅介護支援】沖縄県豊見城市座安24番地", "url": "https://www.kaigokensaku.mhlw.go.jp/47/index.php?action_kouhyou_detail_004_kani=true&JigyosyoCd=4775407531-00&ServiceCd=430&Type=search", "url2": null }, "geometry": { "type": "Point", "coordinates": [ 127.6729804, 26.166434 ] } },
{ "type": "Feature", "properties": { "内容": "ケアプランBrave【居宅介護支援】沖縄県豊見城市字高嶺368番地282階", "url": "https://www.kaigokensaku.mhlw.go.jp/47/index.php?action_kouhyou_detail_004_kani=true&JigyosyoCd=4775407564-00&ServiceCd=430&Type=search", "url2": null }, "geometry": { "type": "Point", "coordinates": [ 127.6954012, 26.1665504 ] } },
{ "type": "Feature", "properties": { "内容": "居宅介護支援事業所　ちえの話・ひとの話【居宅介護支援】沖縄県うるま市栄野比155-5", "url": "https://www.kaigokensaku.mhlw.go.jp/47/index.php?action_kouhyou_detail_004_kani=true&JigyosyoCd=4770300590-00&ServiceCd=430&Type=search", "url2": null }, "geometry": { "type": "Point", "coordinates": [ 127.833037500000046, 26.3920854 ] } },
{ "type": "Feature", "properties": { "内容": "ケアプラン琉花【居宅介護支援】沖縄県うるま市西原163番地我謝ハウスG棟", "url": "https://www.kaigokensaku.mhlw.go.jp/47/index.php?action_kouhyou_detail_004_kani=true&JigyosyoCd=4770301317-00&ServiceCd=430&Type=search", "url2": null }, "geometry": { "type": "Point", "coordinates": [ 127.847437727447783, 26.374809207614263 ] } },
{ "type": "Feature", "properties": { "内容": "居宅介護支援事業所スイートホーム【居宅介護支援】沖縄県うるま市川田481番地1", "url": "https://www.kaigokensaku.mhlw.go.jp/47/index.php?action_kouhyou_detail_004_kani=true&JigyosyoCd=4770300384-00&ServiceCd=430&Type=search", "url2": null }, "geometry": { "type": "Point", "coordinates": [ 127.868035400000039, 26.348213 ] } },
{ "type": "Feature", "properties": { "内容": "うるま市社協指定居宅介護支援事業所【居宅介護支援】沖縄県うるま市与那城屋慶名1098番地うるま市与那城社会福祉センター", "url": "https://www.kaigokensaku.mhlw.go.jp/47/index.php?action_kouhyou_detail_004_kani=true&JigyosyoCd=4772000040-00&ServiceCd=430&Type=search", "url2": null }, "geometry": { "type": "Point", "coordinates": [ 127.908293100000037, 26.3228083 ] } },
{ "type": "Feature", "properties": { "内容": "ケアサービスSYM【居宅介護支援】沖縄県うるま市具志川2436", "url": "https://www.kaigokensaku.mhlw.go.jp/47/index.php?action_kouhyou_detail_004_kani=true&JigyosyoCd=4770300608-00&ServiceCd=430&Type=search", "url2": "http://www.sym-cs.com" }, "geometry": { "type": "Point", "coordinates": [ 127.868233504754684, 26.361290778780745 ] } },
{ "type": "Feature", "properties": { "内容": "イリーゼうるま　居宅介護支援事業所【居宅介護支援】沖縄県　うるま市字喜屋武546-1", "url": "https://www.kaigokensaku.mhlw.go.jp/47/index.php?action_kouhyou_detail_004_kani=true&JigyosyoCd=4770300970-00&ServiceCd=430&Type=search", "url2": "http://www.irs.jp" }, "geometry": { "type": "Point", "coordinates": [ 127.8477924, 26.3634191 ] } },
{ "type": "Feature", "properties": { "内容": "あかみち薬局　居宅介護支援事業所【居宅介護支援】沖縄県うるま市赤道10-10", "url": "https://www.kaigokensaku.mhlw.go.jp/47/index.php?action_kouhyou_detail_004_kani=true&JigyosyoCd=4740340445-00&ServiceCd=430&Type=search", "url2": "https://www.akamichi.net/homecare.php" }, "geometry": { "type": "Point", "coordinates": [ 127.834207699999979, 26.3566586 ] } },
{ "type": "Feature", "properties": { "内容": "居宅介護支援事業所　しりんかわ【居宅介護支援】沖縄県うるま市字高江洲1080番地1", "url": "https://www.kaigokensaku.mhlw.go.jp/47/index.php?action_kouhyou_detail_004_kani=true&JigyosyoCd=4770300806-00&ServiceCd=430&Type=search", "url2": "http://hp.kaipoke.biz/u2f/" }, "geometry": { "type": "Point", "coordinates": [ 127.840579400000024, 26.3578447 ] } },
{ "type": "Feature", "properties": { "内容": "与勝病院居宅介護支援事業所【居宅介護支援】沖縄県うるま市勝連南風原3584番地", "url": "https://www.kaigokensaku.mhlw.go.jp/47/index.php?action_kouhyou_detail_004_kani=true&JigyosyoCd=4710310709-00&ServiceCd=430&Type=search", "url2": "http://www.jkknet.or.jp/yokatsu/" }, "geometry": { "type": "Point", "coordinates": [ 127.8822533, 26.3271015 ] } },
{ "type": "Feature", "properties": { "内容": "ケアプラン　うるまの里【居宅介護支援】沖縄県うるま市字宇堅1322番地１", "url": "https://www.kaigokensaku.mhlw.go.jp/47/index.php?action_kouhyou_detail_004_kani=true&JigyosyoCd=4770300194-00&ServiceCd=430&Type=search", "url2": "http://uruma-sato.com" }, "geometry": { "type": "Point", "coordinates": [ 127.873704299999986, 26.3776044 ] } },
{ "type": "Feature", "properties": { "内容": "居宅介護支援センターとよはら【居宅介護支援】沖縄県うるま市字豊原234-1", "url": "https://www.kaigokensaku.mhlw.go.jp/47/index.php?action_kouhyou_detail_004_kani=true&JigyosyoCd=4770300855-00&ServiceCd=430&Type=search", "url2": null }, "geometry": { "type": "Point", "coordinates": [ 127.68093169999996, 26.2124013 ] } },
{ "type": "Feature", "properties": { "内容": "ケアプランあやかいの城【居宅介護支援】沖縄県うるま市江洲392番地", "url": "https://www.kaigokensaku.mhlw.go.jp/47/index.php?action_kouhyou_detail_004_kani=true&JigyosyoCd=4770402156-00&ServiceCd=430&Type=search", "url2": "http://churagusuku.com/" }, "geometry": { "type": "Point", "coordinates": [ 127.8267897, 26.3510757 ] } },
{ "type": "Feature", "properties": { "内容": "介護支援平良川【居宅介護支援】沖縄県うるま市喜屋武179番地(渡口ビル201号）", "url": "https://www.kaigokensaku.mhlw.go.jp/47/index.php?action_kouhyou_detail_004_kani=true&JigyosyoCd=4770300178-00&ServiceCd=430&Type=search", "url2": "http://www." }, "geometry": { "type": "Point", "coordinates": [ 127.847428051687004, 26.3631222671956 ] } },
{ "type": "Feature", "properties": { "内容": "うるまケアプランセンター【居宅介護支援】沖縄県うるま市字江洲38-7オアシス江洲1F", "url": "https://www.kaigokensaku.mhlw.go.jp/47/index.php?action_kouhyou_detail_004_kani=true&JigyosyoCd=4770301499-00&ServiceCd=430&Type=search", "url2": null }, "geometry": { "type": "Point", "coordinates": [ 127.8330104, 26.3478541 ] } },
{ "type": "Feature", "properties": { "内容": "居宅介護支援事業所いっしんうるま【居宅介護支援】沖縄県うるま市石川東恩納133-1", "url": "https://www.kaigokensaku.mhlw.go.jp/47/index.php?action_kouhyou_detail_004_kani=true&JigyosyoCd=4770300665-00&ServiceCd=430&Type=search", "url2": "https://isshin.gr.jp/index.php" }, "geometry": { "type": "Point", "coordinates": [ 127.832884199999967, 26.4116778 ] } },
{ "type": "Feature", "properties": { "内容": "居宅介護支援事業所陽光館【居宅介護支援】沖縄県うるま市字上江州661番地", "url": "https://www.kaigokensaku.mhlw.go.jp/47/index.php?action_kouhyou_detail_004_kani=true&JigyosyoCd=4770301184-00&ServiceCd=430&Type=search", "url2": "http//www5.ocn.ne.jp/~heiwahsp" }, "geometry": { "type": "Point", "coordinates": [ 127.859767087355067, 26.358177705535123 ] } },
{ "type": "Feature", "properties": { "内容": "居宅介護支援事業所サークル【居宅介護支援】沖縄県うるま市石川１８９２－３", "url": "https://www.kaigokensaku.mhlw.go.jp/47/index.php?action_kouhyou_detail_004_kani=true&JigyosyoCd=4770301366-00&ServiceCd=430&Type=search", "url2": null }, "geometry": { "type": "Point", "coordinates": [ 127.8208898, 26.4224844 ] } },
{ "type": "Feature", "properties": { "内容": "ケアプラン白浜【居宅介護支援】沖縄県うるま市石川白浜2丁目５番３号ブルースカイアパート101", "url": "https://www.kaigokensaku.mhlw.go.jp/47/index.php?action_kouhyou_detail_004_kani=true&JigyosyoCd=4770301515-00&ServiceCd=430&Type=search", "url2": null }, "geometry": { "type": "Point", "coordinates": [ 127.8268726, 26.4261055 ] } },
{ "type": "Feature", "properties": { "内容": "ケアプラン愛【居宅介護支援】沖縄県うるま市塩屋401-1psalm27B号室", "url": "https://www.kaigokensaku.mhlw.go.jp/47/index.php?action_kouhyou_detail_004_kani=true&JigyosyoCd=4770301663-00&ServiceCd=430&Type=search", "url2": "http://hp.kaipoke.biz/84t/159454/base_0001.html" }, "geometry": { "type": "Point", "coordinates": [ 127.8266652, 26.3559772 ] } },
{ "type": "Feature", "properties": { "内容": "居宅介護支援事業所琉美【居宅介護支援】沖縄県うるま市上江洲339", "url": "https://www.kaigokensaku.mhlw.go.jp/47/index.php?action_kouhyou_detail_004_kani=true&JigyosyoCd=4770300962-00&ServiceCd=430&Type=search", "url2": null }, "geometry": { "type": "Point", "coordinates": [ 127.8600305, 26.3544232 ] } },
{ "type": "Feature", "properties": { "内容": "楽寿園指定居宅介護支援事業所【居宅介護支援】沖縄県うるま市石川嘉手苅９６１番地17", "url": "https://www.kaigokensaku.mhlw.go.jp/47/index.php?action_kouhyou_detail_004_kani=true&JigyosyoCd=4770200014-00&ServiceCd=430&Type=search", "url2": "http//www.ikusan-k.com" }, "geometry": { "type": "Point", "coordinates": [ 127.797589499999958, 26.4254036 ] } },
{ "type": "Feature", "properties": { "内容": "有限会社在宅介護サービスひまわり指定居宅介護支援事業所【居宅介護支援】沖縄県うるま市字具志川1345番地1", "url": "https://www.kaigokensaku.mhlw.go.jp/47/index.php?action_kouhyou_detail_004_kani=true&JigyosyoCd=4770300079-00&ServiceCd=430&Type=search", "url2": "http://www.happiness-himawari.com/" }, "geometry": { "type": "Point", "coordinates": [ 127.8738376, 26.3452524 ] } },
{ "type": "Feature", "properties": { "内容": "居宅介護支援事業所　周【居宅介護支援】沖縄県うるま市栄野比753-2", "url": "https://www.kaigokensaku.mhlw.go.jp/47/index.php?action_kouhyou_detail_004_kani=true&JigyosyoCd=4770300285-00&ServiceCd=430&Type=search", "url2": "http://www.sss-swim.com/" }, "geometry": { "type": "Point", "coordinates": [ 127.837253899999965, 26.3901912 ] } },
{ "type": "Feature", "properties": { "内容": "居宅介護支援事業所島の風【居宅介護支援】沖縄県うるま市みどり町2丁目7番13号1F", "url": "https://www.kaigokensaku.mhlw.go.jp/47/index.php?action_kouhyou_detail_004_kani=true&JigyosyoCd=4770301200-00&ServiceCd=430&Type=search", "url2": null }, "geometry": { "type": "Point", "coordinates": [ 127.8605366, 26.3793445 ] } },
{ "type": "Feature", "properties": { "内容": "居宅介護支援事業所ケアプランこころ【居宅介護支援】石川東山本町二丁目12番19号", "url": "https://www.kaigokensaku.mhlw.go.jp/47/index.php?action_kouhyou_detail_004_kani=true&JigyosyoCd=4770301341-00&ServiceCd=430&Type=search", "url2": null }, "geometry": { "type": "Point", "coordinates": [ 127.832068007934566, 26.438538859745563 ] } },
{ "type": "Feature", "properties": { "内容": "居宅介護支援事業所ステラ【居宅介護支援】沖縄県うるま市大田280-1長濱建設ビル1-D", "url": "https://www.kaigokensaku.mhlw.go.jp/47/index.php?action_kouhyou_detail_004_kani=true&JigyosyoCd=4770301754-00&ServiceCd=430&Type=search", "url2": null }, "geometry": { "type": "Point", "coordinates": [ 127.8646813, 26.3546578 ] } },
{ "type": "Feature", "properties": { "内容": "ケアプラン一期一会【居宅介護支援】沖縄県うるま市具志川437番地１", "url": "https://www.kaigokensaku.mhlw.go.jp/47/index.php?action_kouhyou_detail_004_kani=true&JigyosyoCd=4770301671-00&ServiceCd=430&Type=search", "url2": null }, "geometry": { "type": "Point", "coordinates": [ 127.8711966, 26.3591019 ] } },
{ "type": "Feature", "properties": { "内容": "ケアプランセンターりあん【居宅介護支援】沖縄県うるま市字西原７８４番地１４", "url": "https://www.kaigokensaku.mhlw.go.jp/47/index.php?action_kouhyou_detail_004_kani=true&JigyosyoCd=4770301879-00&ServiceCd=430&Type=search", "url2": null }, "geometry": { "type": "Point", "coordinates": [ 127.8414011, 26.3771802 ] } },
{ "type": "Feature", "properties": { "内容": "川根内科外科血管外科クリニック【居宅介護支援】うるま市みどり町４丁目２番29号", "url": "https://www.kaigokensaku.mhlw.go.jp/47/index.php?action_kouhyou_detail_004_kani=true&JigyosyoCd=4710310295-00&ServiceCd=430&Type=search", "url2": null }, "geometry": { "type": "Point", "coordinates": [ 127.856766399999955, 26.3784204 ] } },
{ "type": "Feature", "properties": { "内容": "願寿ぬ森居宅介護支援事業所【居宅介護支援】沖縄県うるま市石川３２７３番地の２", "url": "https://www.kaigokensaku.mhlw.go.jp/47/index.php?action_kouhyou_detail_004_kani=true&JigyosyoCd=4750280002-00&ServiceCd=430&Type=search", "url2": "http://www.ganju-daiwa.com" }, "geometry": { "type": "Point", "coordinates": [ 127.828746899999942, 26.4472331 ] } },
{ "type": "Feature", "properties": { "内容": "居宅介護支援事業所　いずみ福祉会【居宅介護支援】沖縄県うるま市字栄野比1151番地1", "url": "https://www.kaigokensaku.mhlw.go.jp/47/index.php?action_kouhyou_detail_004_kani=true&JigyosyoCd=4751280050-00&ServiceCd=430&Type=search", "url2": "http://www.izumihospital1985.or.jp/" }, "geometry": { "type": "Point", "coordinates": [ 127.8278517, 26.3964931 ] } },
{ "type": "Feature", "properties": { "内容": "ケアプランセンターのぞみ【居宅介護支援】沖縄県うるま市宮里842番地5", "url": "https://www.kaigokensaku.mhlw.go.jp/47/index.php?action_kouhyou_detail_004_kani=true&JigyosyoCd=4760390023-00&ServiceCd=430&Type=search", "url2": "http://www.oki-kango.or.jp/" }, "geometry": { "type": "Point", "coordinates": [ 127.833117012828126, 26.354448503084157 ] } },
{ "type": "Feature", "properties": { "内容": "居宅介護支援事業所たばた【居宅介護支援】沖縄県うるま市字喜屋武160番地", "url": "https://www.kaigokensaku.mhlw.go.jp/47/index.php?action_kouhyou_detail_004_kani=true&JigyosyoCd=4770300103-00&ServiceCd=430&Type=search", "url2": "http://www." }, "geometry": { "type": "Point", "coordinates": [ 127.847678500000043, 26.3644357 ] } },
{ "type": "Feature", "properties": { "内容": "具志川厚生園　指定居宅介護支援事業所【居宅介護支援】沖縄県うるま市天願１９８３番地具志川厚生園", "url": "https://www.kaigokensaku.mhlw.go.jp/47/index.php?action_kouhyou_detail_004_kani=true&JigyosyoCd=4770300319-00&ServiceCd=430&Type=search", "url2": "http://www.okinawa-j.jp" }, "geometry": { "type": "Point", "coordinates": [ 127.850875200000019, 26.3832893 ] } },
{ "type": "Feature", "properties": { "内容": "よかつ　居宅介護支援事業所【居宅介護支援】沖縄県うるま市勝連平安名1655番地1", "url": "https://www.kaigokensaku.mhlw.go.jp/47/index.php?action_kouhyou_detail_004_kani=true&JigyosyoCd=4770300491-00&ServiceCd=430&Type=search", "url2": null }, "geometry": { "type": "Point", "coordinates": [ 127.889913400000083, 26.3245574 ] } },
{ "type": "Feature", "properties": { "内容": "指定居宅介護支援事業所りっか【居宅介護支援】沖縄県うるま市字具志川1321－1", "url": "https://www.kaigokensaku.mhlw.go.jp/47/index.php?action_kouhyou_detail_004_kani=true&JigyosyoCd=4770300632-00&ServiceCd=430&Type=search", "url2": "https://www.kodama-rikka.com/" }, "geometry": { "type": "Point", "coordinates": [ 127.8761012, 26.3440443 ] } },
{ "type": "Feature", "properties": { "内容": "居宅支援事業所寿楽【居宅介護支援】沖縄県うるま市安慶名963", "url": "https://www.kaigokensaku.mhlw.go.jp/47/index.php?action_kouhyou_detail_004_kani=true&JigyosyoCd=4770300830-00&ServiceCd=430&Type=search", "url2": null }, "geometry": { "type": "Point", "coordinates": [ 127.853278018138127, 26.382917739921336 ] } },
{ "type": "Feature", "properties": { "内容": "ケアプランステーションみどり町【居宅介護支援】沖縄県うるま市みどり町5-27-3志堅原ｱﾊﾟｰﾄ1階志堅原ｱﾊﾟｰﾄ１階", "url": "https://www.kaigokensaku.mhlw.go.jp/47/index.php?action_kouhyou_detail_004_kani=true&JigyosyoCd=4770300905-00&ServiceCd=430&Type=search", "url2": "www.day-midorimachi.com/" }, "geometry": { "type": "Point", "coordinates": [ 127.851766799999965, 26.378148199999988 ] } },
{ "type": "Feature", "properties": { "内容": "株式会社雄美会【居宅介護支援】沖縄県うるま市勝連平敷屋430-2102号室", "url": "https://www.kaigokensaku.mhlw.go.jp/47/index.php?action_kouhyou_detail_004_kani=true&JigyosyoCd=4770300921-00&ServiceCd=430&Type=search", "url2": "https://www.aiyuu-home.okinawa" }, "geometry": { "type": "Point", "coordinates": [ 127.909243300000085, 26.3104982 ] } },
{ "type": "Feature", "properties": { "内容": "ケアプランはぴねす【居宅介護支援】沖縄県うるま市宇堅１３２２－１", "url": "https://www.kaigokensaku.mhlw.go.jp/47/index.php?action_kouhyou_detail_004_kani=true&JigyosyoCd=4770301010-00&ServiceCd=430&Type=search", "url2": "http://www.happiness33khm.com" }, "geometry": { "type": "Point", "coordinates": [ 127.873952467052121, 26.377400382698703 ] } },
{ "type": "Feature", "properties": { "内容": "ケアプランらん【居宅介護支援】沖縄県うるま市与那城屋慶名1396番地1", "url": "https://www.kaigokensaku.mhlw.go.jp/47/index.php?action_kouhyou_detail_004_kani=true&JigyosyoCd=4770301374-00&ServiceCd=430&Type=search", "url2": "https://www.care-ran.com/" }, "geometry": { "type": "Point", "coordinates": [ 127.908419206473397, 26.326806192015997 ] } },
{ "type": "Feature", "properties": { "内容": "ケアプラン中央リハうるま【居宅介護支援】栄野比805-1ロイヤルヒルズ１階", "url": "https://www.kaigokensaku.mhlw.go.jp/47/index.php?action_kouhyou_detail_004_kani=true&JigyosyoCd=4770301416-00&ServiceCd=430&Type=search", "url2": null }, "geometry": { "type": "Point", "coordinates": [ 127.8377364, 26.3863582 ] } },
{ "type": "Feature", "properties": { "内容": "居宅介護支援事業所えのびの和【居宅介護支援】沖縄県うるま市栄野比939番地", "url": "https://www.kaigokensaku.mhlw.go.jp/47/index.php?action_kouhyou_detail_004_kani=true&JigyosyoCd=4770301507-00&ServiceCd=430&Type=search", "url2": "http://ryokuwakai.com/" }, "geometry": { "type": "Point", "coordinates": [ 127.833134, 26.3851149 ] } },
{ "type": "Feature", "properties": { "内容": "ケアプランセンターあげな【居宅介護支援】沖縄県うるま市安慶名250番地", "url": "https://www.kaigokensaku.mhlw.go.jp/47/index.php?action_kouhyou_detail_004_kani=true&JigyosyoCd=4770301523-00&ServiceCd=430&Type=search", "url2": null }, "geometry": { "type": "Point", "coordinates": [ 127.848857184690473, 26.373814669725181 ] } },
{ "type": "Feature", "properties": { "内容": "ケアプランセンター八重【居宅介護支援】沖縄県うるま市赤道689番地19", "url": "https://www.kaigokensaku.mhlw.go.jp/47/index.php?action_kouhyou_detail_004_kani=true&JigyosyoCd=4770301606-00&ServiceCd=430&Type=search", "url2": null }, "geometry": { "type": "Point", "coordinates": [ 127.8286764, 26.3590228 ] } },
{ "type": "Feature", "properties": { "内容": "イーズC＆S【居宅介護支援】沖縄県うるま市みどり町3-9-11（相談室・会議室の住所は沖縄県うるま市みどり町３−９−１2とする）", "url": "https://www.kaigokensaku.mhlw.go.jp/47/index.php?action_kouhyou_detail_004_kani=true&JigyosyoCd=4770301648-00&ServiceCd=430&Type=search", "url2": "https://www.sapot2021.com/" }, "geometry": { "type": "Point", "coordinates": [ 127.861233250525274, 26.375918084050056 ] } },
{ "type": "Feature", "properties": { "内容": "ケアプランセンターわんLIFE【居宅介護支援】沖縄県うるま市字天願1826番地1", "url": "https://www.kaigokensaku.mhlw.go.jp/47/index.php?action_kouhyou_detail_004_kani=true&JigyosyoCd=4770301739-00&ServiceCd=430&Type=search", "url2": "わんlife.my.canva.site/life" }, "geometry": { "type": "Point", "coordinates": [ 127.8475622, 26.3863774 ] } },
{ "type": "Feature", "properties": { "内容": "指定居宅介護支援事業所あやはし苑【居宅介護支援】沖縄県うるま市与那城屋慶名1410", "url": "https://www.kaigokensaku.mhlw.go.jp/47/index.php?action_kouhyou_detail_004_kani=true&JigyosyoCd=4772000016-00&ServiceCd=430&Type=search", "url2": "http://ayahashien.com" }, "geometry": { "type": "Point", "coordinates": [ 127.9089652, 26.3270275 ] } },
{ "type": "Feature", "properties": { "内容": "居宅介護支援事業所　与勝の里【居宅介護支援】沖縄県うるま市勝連南風原4908番地", "url": "https://www.kaigokensaku.mhlw.go.jp/47/index.php?action_kouhyou_detail_004_kani=true&JigyosyoCd=4772100022-00&ServiceCd=430&Type=search", "url2": "http://www.yokatsu.okinawa" }, "geometry": { "type": "Point", "coordinates": [ 127.8770594, 26.3426584 ] } },
{ "type": "Feature", "properties": { "内容": "らいおんハート居宅介護支援平敷屋【居宅介護支援】うるま市赤道2-15", "url": "https://www.kaigokensaku.mhlw.go.jp/47/index.php?action_kouhyou_detail_004_kani=true&JigyosyoCd=4770301564-00&ServiceCd=430&Type=search", "url2": null }, "geometry": { "type": "Point", "coordinates": [ 127.8330304, 26.3560699 ] } },
{ "type": "Feature", "properties": { "内容": "居宅介護支援事業所LIB【居宅介護支援】沖縄県うるま市田場３５６番地２", "url": "https://www.kaigokensaku.mhlw.go.jp/47/index.php?action_kouhyou_detail_004_kani=true&JigyosyoCd=4770301358-00&ServiceCd=430&Type=search", "url2": "http://www.co-creation.okinawa/homecare.php" }, "geometry": { "type": "Point", "coordinates": [ 127.868290946492607, 26.3641732470658 ] } },
{ "type": "Feature", "properties": { "内容": "うるまケアセンター【居宅介護支援】沖縄県うるま市みどり町５丁目１４番７号", "url": "https://www.kaigokensaku.mhlw.go.jp/47/index.php?action_kouhyou_detail_004_kani=true&JigyosyoCd=4770300426-00&ServiceCd=430&Type=search", "url2": "http://www.cyutoku.or.jp/groups/carenet/offices/uruma.html" }, "geometry": { "type": "Point", "coordinates": [ 127.852722299999982, 26.3765983 ] } },
{ "type": "Feature", "properties": { "内容": "居宅介護支援事業所サンライズ【居宅介護支援】沖縄県うるま市石川東恩納1508番地1", "url": "https://www.kaigokensaku.mhlw.go.jp/47/index.php?action_kouhyou_detail_004_kani=true&JigyosyoCd=4770300889-00&ServiceCd=430&Type=search", "url2": "https://www.sunrise-oki.com/" }, "geometry": { "type": "Point", "coordinates": [ 127.832151, 26.4095141 ] } },
{ "type": "Feature", "properties": { "内容": "ケアプラン　ふれあい宮里【居宅介護支援】沖縄県うるま市宮里302-5小橋川アパート　102号室", "url": "https://www.kaigokensaku.mhlw.go.jp/47/index.php?action_kouhyou_detail_004_kani=true&JigyosyoCd=4770301309-00&ServiceCd=430&Type=search", "url2": null }, "geometry": { "type": "Point", "coordinates": [ 127.836575499999981, 26.3546413 ] } },
{ "type": "Feature", "properties": { "内容": "ケアサポートゆらしく【居宅介護支援】沖縄県うるま市塩屋１２２－１OceanViewS101", "url": "https://www.kaigokensaku.mhlw.go.jp/47/index.php?action_kouhyou_detail_004_kani=true&JigyosyoCd=4770301929-00&ServiceCd=430&Type=search", "url2": null }, "geometry": { "type": "Point", "coordinates": [ 127.8593186, 26.3508733 ] } },
{ "type": "Feature", "properties": { "内容": "さくらケアステーション　居宅介護支援事業所【居宅介護支援】沖縄県うるま市字田場１９２７番地２", "url": "https://www.kaigokensaku.mhlw.go.jp/47/index.php?action_kouhyou_detail_004_kani=true&JigyosyoCd=4770300368-00&ServiceCd=430&Type=search", "url2": "http://www.sakura-carestation.com" }, "geometry": { "type": "Point", "coordinates": [ 127.860299599999962, 26.3676605 ] } },
{ "type": "Feature", "properties": { "内容": "徳洲会伊良部島診療所　居宅介護支援事業所【居宅介護支援】沖縄県宮古島市伊良部字前里添６３９－２", "url": "https://www.kaigokensaku.mhlw.go.jp/47/index.php?action_kouhyou_detail_004_kani=true&JigyosyoCd=4710610926-00&ServiceCd=430&Type=search", "url2": "http://www.tokushukai.or.jp/hsp/c_irabujima/index.html" }, "geometry": { "type": "Point", "coordinates": [ 125.204016200000083, 24.8404564 ] } },
{ "type": "Feature", "properties": { "内容": "シルバーケアプランセンター悠悠【居宅介護支援】沖縄県宮古島市下地字嘉手苅660-1", "url": "https://www.kaigokensaku.mhlw.go.jp/47/index.php?action_kouhyou_detail_004_kani=true&JigyosyoCd=4751480007-00&ServiceCd=430&Type=search", "url2": "http://www.yu-yu.net/" }, "geometry": { "type": "Point", "coordinates": [ 125.3107865, 24.7385935 ] } },
{ "type": "Feature", "properties": { "内容": "居宅介護支援事業所　つむかぎ【居宅介護支援】沖縄県宮古島市平良字西里709-1（106号）", "url": "https://www.kaigokensaku.mhlw.go.jp/47/index.php?action_kouhyou_detail_004_kani=true&JigyosyoCd=4775500145-00&ServiceCd=430&Type=search", "url2": "https://tsumukagi.com/" }, "geometry": { "type": "Point", "coordinates": [ 125.2883533, 24.7975358 ] } },
{ "type": "Feature", "properties": { "内容": "居宅介護支援事業所　かいご相談処ん【居宅介護支援】沖縄県宮古島市平良下里1477-4", "url": "https://www.kaigokensaku.mhlw.go.jp/47/index.php?action_kouhyou_detail_004_kani=true&JigyosyoCd=4710610843-00&ServiceCd=430&Type=search", "url2": null }, "geometry": { "type": "Point", "coordinates": [ 125.2875827, 24.7872226 ] } },
{ "type": "Feature", "properties": { "内容": "介護相談所　美咲【居宅介護支援】沖縄県宮古島市平良字松原２８２番地３", "url": "https://www.kaigokensaku.mhlw.go.jp/47/index.php?action_kouhyou_detail_004_kani=true&JigyosyoCd=4775500103-00&ServiceCd=430&Type=search", "url2": "http://www." }, "geometry": { "type": "Point", "coordinates": [ 125.265916399999924, 24.7873551 ] } },
{ "type": "Feature", "properties": { "内容": "さらはま居宅介護支援事業所【居宅介護支援】伊良部字前里添６７７番地１", "url": "https://www.kaigokensaku.mhlw.go.jp/47/index.php?action_kouhyou_detail_004_kani=true&JigyosyoCd=4775500392-00&ServiceCd=430&Type=search", "url2": null }, "geometry": { "type": "Point", "coordinates": [ 125.209165799999923, 24.8430368 ] } },
{ "type": "Feature", "properties": { "内容": "ケアサービスえがお居宅介護支援事業所【居宅介護支援】伊良部字佐和田1539番地", "url": "https://www.kaigokensaku.mhlw.go.jp/47/index.php?action_kouhyou_detail_004_kani=true&JigyosyoCd=4775500368-00&ServiceCd=430&Type=search", "url2": null }, "geometry": { "type": "Point", "coordinates": [ 125.1623333, 24.84035 ] } },
{ "type": "Feature", "properties": { "内容": "居宅介護支援事業所てぃだ【居宅介護支援】沖縄県宮古島市平良字下里1165-4", "url": "https://www.kaigokensaku.mhlw.go.jp/47/index.php?action_kouhyou_detail_004_kani=true&JigyosyoCd=4770600015-00&ServiceCd=430&Type=search", "url2": null }, "geometry": { "type": "Point", "coordinates": [ 125.288467461238042, 24.793742414743743 ] } },
{ "type": "Feature", "properties": { "内容": "有限会社　介護センター【居宅介護支援】沖縄県宮古島市平良字東仲宗根894-3", "url": "https://www.kaigokensaku.mhlw.go.jp/47/index.php?action_kouhyou_detail_004_kani=true&JigyosyoCd=4770600023-00&ServiceCd=430&Type=search", "url2": "http://smile-miyako.com/" }, "geometry": { "type": "Point", "coordinates": [ 125.2966027, 24.8012687 ] } },
{ "type": "Feature", "properties": { "内容": "ケアプラン　うるまじま【居宅介護支援】沖縄県宮古島市平良字西仲宗根520-3　1階", "url": "https://www.kaigokensaku.mhlw.go.jp/47/index.php?action_kouhyou_detail_004_kani=true&JigyosyoCd=4775500061-00&ServiceCd=430&Type=search", "url2": "http://www." }, "geometry": { "type": "Point", "coordinates": [ 125.291302731542217, 24.809342057406418 ] } },
{ "type": "Feature", "properties": { "内容": "居宅介護支援事業所　ホスピプラン【居宅介護支援】沖縄県宮古島市下地字上地634-90下地診療所通所リハビリセンター内", "url": "https://www.kaigokensaku.mhlw.go.jp/47/index.php?action_kouhyou_detail_004_kani=true&JigyosyoCd=4775500301-00&ServiceCd=430&Type=search", "url2": "shimoji-cl.com" }, "geometry": { "type": "Point", "coordinates": [ 125.282965, 24.7493584 ] } },
{ "type": "Feature", "properties": { "内容": "居宅介護支援事業所たんでぃがーたんでぃ【居宅介護支援】沖縄県宮古島市平良字島尻１４３０番地", "url": "https://www.kaigokensaku.mhlw.go.jp/47/index.php?action_kouhyou_detail_004_kani=true&JigyosyoCd=4775500384-00&ServiceCd=430&Type=search", "url2": null }, "geometry": { "type": "Point", "coordinates": [ 125.297359200000074, 24.8743656 ] } },
{ "type": "Feature", "properties": { "内容": "指定居宅介護支援事業所　栄寿園【居宅介護支援】沖縄県宮古島市平良字下里２６６２番地", "url": "https://www.kaigokensaku.mhlw.go.jp/47/index.php?action_kouhyou_detail_004_kani=true&JigyosyoCd=4750680003-00&ServiceCd=430&Type=search", "url2": "http//www.eijuen.com" }, "geometry": { "type": "Point", "coordinates": [ 125.311404300000035, 24.7710413 ] } },
{ "type": "Feature", "properties": { "内容": "ケアプラニングばんちきろう【居宅介護支援】沖縄県宮古島市平良字下里1314番地共和マンション703", "url": "https://www.kaigokensaku.mhlw.go.jp/47/index.php?action_kouhyou_detail_004_kani=true&JigyosyoCd=4775500756-00&ServiceCd=430&Type=search", "url2": null }, "geometry": { "type": "Point", "coordinates": [ 125.2866134, 24.7912731 ] } },
{ "type": "Feature", "properties": { "内容": "医療法人沖縄徳洲会　宮古島徳洲会病院　居宅介護支援事業所【居宅介護支援】沖縄県宮古島市平良字松原５５２－１", "url": "https://www.kaigokensaku.mhlw.go.jp/47/index.php?action_kouhyou_detail_004_kani=true&JigyosyoCd=4710610918-00&ServiceCd=430&Type=search", "url2": "http://www.miyatoku.jp" }, "geometry": { "type": "Point", "coordinates": [ 125.2793626, 24.788811 ] } },
{ "type": "Feature", "properties": { "内容": "ホームケアサービス介護支援事業所【居宅介護支援】沖縄県宮古島市平良字下里1248番地の10", "url": "https://www.kaigokensaku.mhlw.go.jp/47/index.php?action_kouhyou_detail_004_kani=true&JigyosyoCd=4770600148-00&ServiceCd=430&Type=search", "url2": "http://www." }, "geometry": { "type": "Point", "coordinates": [ 125.288298, 24.7930108 ] } },
{ "type": "Feature", "properties": { "内容": "宮古島市社協指定居宅介護支援事業所【居宅介護支援】沖縄県宮古島市上野字新里４２０番地２上野老人福祉センター内", "url": "https://www.kaigokensaku.mhlw.go.jp/47/index.php?action_kouhyou_detail_004_kani=true&JigyosyoCd=4770600221-00&ServiceCd=430&Type=search", "url2": "http://www.miyashakyo.jp" }, "geometry": { "type": "Point", "coordinates": [ 125.3729187, 24.7529286 ] } },
{ "type": "Feature", "properties": { "内容": "居宅介護支援事業所すこやか【居宅介護支援】沖縄県宮古島市伊良部字長浜1320-1", "url": "https://www.kaigokensaku.mhlw.go.jp/47/index.php?action_kouhyou_detail_004_kani=true&JigyosyoCd=4775000047-00&ServiceCd=430&Type=search", "url2": "https://care-net.biz/47/sukoyaka/" }, "geometry": { "type": "Point", "coordinates": [ 125.167994818199205, 24.835373244020527 ] } },
{ "type": "Feature", "properties": { "内容": "指定居宅介護支援事業所宮古厚生園【居宅介護支援】沖縄県宮古島市平良字西仲宗根745番地7", "url": "https://www.kaigokensaku.mhlw.go.jp/47/index.php?action_kouhyou_detail_004_kani=true&JigyosyoCd=4775500020-00&ServiceCd=430&Type=search", "url2": "https://www.okinawa-j.jp/" }, "geometry": { "type": "Point", "coordinates": [ 125.293880400000035, 24.8157225 ] } },
{ "type": "Feature", "properties": { "内容": "居宅介護支援事業所いこい【居宅介護支援】沖縄県宮古島市平良字前里236番地", "url": "https://www.kaigokensaku.mhlw.go.jp/47/index.php?action_kouhyou_detail_004_kani=true&JigyosyoCd=4775500269-00&ServiceCd=430&Type=search", "url2": "http://www2.miyako-ma.jp/sugako/" }, "geometry": { "type": "Point", "coordinates": [ 125.242198901852362, 24.92511690568282 ] } },
{ "type": "Feature", "properties": { "内容": "指定居宅介護支援事業所ケイコ【居宅介護支援】城辺字福里562番地1", "url": "https://www.kaigokensaku.mhlw.go.jp/47/index.php?action_kouhyou_detail_004_kani=true&JigyosyoCd=4775500434-00&ServiceCd=430&Type=search", "url2": null }, "geometry": { "type": "Point", "coordinates": [ 125.3846453, 24.7586144 ] } },
{ "type": "Feature", "properties": { "内容": "居宅介護支援事業所にじ【居宅介護支援】沖縄県宮古島市平良字下里914番地新崎邸１階", "url": "https://www.kaigokensaku.mhlw.go.jp/47/index.php?action_kouhyou_detail_004_kani=true&JigyosyoCd=4775500533-00&ServiceCd=430&Type=search", "url2": null }, "geometry": { "type": "Point", "coordinates": [ 125.280957814766239, 24.798459323978577 ] } },
{ "type": "Feature", "properties": { "内容": "介護相談ぱなぱり【居宅介護支援】沖縄県宮古島市上野野原83-30", "url": "https://www.kaigokensaku.mhlw.go.jp/47/index.php?action_kouhyou_detail_004_kani=true&JigyosyoCd=4775500764-00&ServiceCd=430&Type=search", "url2": null }, "geometry": { "type": "Point", "coordinates": [ 125.311664138028718, 24.757941856110552 ] } },
{ "type": "Feature", "properties": { "内容": "らいくゆー居宅介護支援事業所【居宅介護支援】沖縄県宮古島市城辺字比嘉880番地1", "url": "https://www.kaigokensaku.mhlw.go.jp/47/index.php?action_kouhyou_detail_004_kani=true&JigyosyoCd=4775500855-00&ServiceCd=430&Type=search", "url2": "https://www.likeyou-kango-kaigo.com/" }, "geometry": { "type": "Point", "coordinates": [ 125.379515222615041, 24.760170002366177 ] } },
{ "type": "Feature", "properties": { "内容": "にこにこプラン【居宅介護支援】沖縄県宮古島市平良字東仲宗根２１７番地", "url": "https://www.kaigokensaku.mhlw.go.jp/47/index.php?action_kouhyou_detail_004_kani=true&JigyosyoCd=4770600080-00&ServiceCd=430&Type=search", "url2": "http://www.niko25sv.jp/" }, "geometry": { "type": "Point", "coordinates": [ 125.285487099999955, 24.8053263 ] } },
{ "type": "Feature", "properties": { "内容": "居宅介護支援事業所　んまぶざや【居宅介護支援】沖縄県宮古島市平良字荷川取1269番地14", "url": "https://www.kaigokensaku.mhlw.go.jp/47/index.php?action_kouhyou_detail_004_kani=true&JigyosyoCd=4775500665-00&ServiceCd=430&Type=search", "url2": null }, "geometry": { "type": "Point", "coordinates": [ 125.291291757414797, 24.83201197892496 ] } },
{ "type": "Feature", "properties": { "内容": "居宅介護支援事業所みのり【居宅介護支援】沖縄県宮古島市伊良部字池間添723番地60", "url": "https://www.kaigokensaku.mhlw.go.jp/47/index.php?action_kouhyou_detail_004_kani=true&JigyosyoCd=4775500053-00&ServiceCd=430&Type=search", "url2": "kminori@miyako-ma.jp" }, "geometry": { "type": "Point", "coordinates": [ 125.2087603, 24.8382205 ] } },
{ "type": "Feature", "properties": { "内容": "いけむら介護保険相談所【居宅介護支援】沖縄県宮古島市平良字西里978番地2", "url": "https://www.kaigokensaku.mhlw.go.jp/47/index.php?action_kouhyou_detail_004_kani=true&JigyosyoCd=4710610702-00&ServiceCd=430&Type=search", "url2": null }, "geometry": { "type": "Point", "coordinates": [ 125.291750500000035, 24.7983049 ] } },
{ "type": "Feature", "properties": { "内容": "居宅介護支援事業所　心音【居宅介護支援】沖縄県宮古島市平良字西原３３３番地", "url": "https://www.kaigokensaku.mhlw.go.jp/47/index.php?action_kouhyou_detail_004_kani=true&JigyosyoCd=4775500525-00&ServiceCd=430&Type=search", "url2": null }, "geometry": { "type": "Point", "coordinates": [ 125.295840900000044, 24.8316707 ] } },
{ "type": "Feature", "properties": { "内容": "居宅介護支援事業所　彩【居宅介護支援】沖縄県南城市玉城字糸数672-1", "url": "https://www.kaigokensaku.mhlw.go.jp/47/index.php?action_kouhyou_detail_004_kani=true&JigyosyoCd=4775600010-00&ServiceCd=430&Type=search", "url2": null }, "geometry": { "type": "Point", "coordinates": [ 127.7645387, 26.1556175 ] } },
{ "type": "Feature", "properties": { "内容": "指定居宅介護支援事業所　ケアプラン青の空【居宅介護支援】沖縄県南城市玉城字當山８番地１", "url": "https://www.kaigokensaku.mhlw.go.jp/47/index.php?action_kouhyou_detail_004_kani=true&JigyosyoCd=4775600069-00&ServiceCd=430&Type=search", "url2": "http://care-net.biz/47/aonosora/" }, "geometry": { "type": "Point", "coordinates": [ 127.767231124284322, 26.142624296483618 ] } },
{ "type": "Feature", "properties": { "内容": "みなみ野居宅介護支援事務所【居宅介護支援】沖縄県南城市大里字平良2584番地２", "url": "https://www.kaigokensaku.mhlw.go.jp/47/index.php?action_kouhyou_detail_004_kani=true&JigyosyoCd=4711210098-00&ServiceCd=430&Type=search", "url2": null }, "geometry": { "type": "Point", "coordinates": [ 127.747928099999953, 26.1805344 ] } },
{ "type": "Feature", "properties": { "内容": "沖縄メディカル居宅介護支援事業所【居宅介護支援】沖縄県南城市佐敷字新開1番地344沖縄メディカル福祉総合センター（１階）", "url": "https://www.kaigokensaku.mhlw.go.jp/47/index.php?action_kouhyou_detail_004_kani=true&JigyosyoCd=4775600127-00&ServiceCd=430&Type=search", "url2": "http://www.o-medical.jp" }, "geometry": { "type": "Point", "coordinates": [ 127.7773591, 26.1755161 ] } },
{ "type": "Feature", "properties": { "内容": "花あかり居宅介護支援事業所【居宅介護支援】南城市玉城字愛地３６１番地", "url": "https://www.kaigokensaku.mhlw.go.jp/47/index.php?action_kouhyou_detail_004_kani=true&JigyosyoCd=4775600143-00&ServiceCd=430&Type=search", "url2": null }, "geometry": { "type": "Point", "coordinates": [ 127.7447376, 26.1606833 ] } },
{ "type": "Feature", "properties": { "内容": "居宅介護支援ようき【居宅介護支援】沖縄県南城市佐敷字津波古1074-20", "url": "https://www.kaigokensaku.mhlw.go.jp/47/index.php?action_kouhyou_detail_004_kani=true&JigyosyoCd=4775600150-00&ServiceCd=430&Type=search", "url2": null }, "geometry": { "type": "Point", "coordinates": [ 127.775681145907299, 26.181359239643168 ] } },
{ "type": "Feature", "properties": { "内容": "南城市社協ケアプランセンター【居宅介護支援】沖縄県南城市大里字仲間1124番地1", "url": "https://www.kaigokensaku.mhlw.go.jp/47/index.php?action_kouhyou_detail_004_kani=true&JigyosyoCd=4775600044-00&ServiceCd=430&Type=search", "url2": "http://www." }, "geometry": { "type": "Point", "coordinates": [ 127.746554753303514, 26.176432142156127 ] } },
{ "type": "Feature", "properties": { "内容": "グッド.ケアプラン多宝【居宅介護支援】沖縄県南城市知念字久原152番地の1", "url": "https://www.kaigokensaku.mhlw.go.jp/47/index.php?action_kouhyou_detail_004_kani=true&JigyosyoCd=4772700292-00&ServiceCd=430&Type=search", "url2": null }, "geometry": { "type": "Point", "coordinates": [ 127.805443486014539, 26.187969746792398 ] } },
{ "type": "Feature", "properties": { "内容": "ケアサポートセンターすまいる南城【居宅介護支援】沖縄県南城市字つきしろ1678番地225", "url": "https://www.kaigokensaku.mhlw.go.jp/47/index.php?action_kouhyou_detail_004_kani=true&JigyosyoCd=4775600358-00&ServiceCd=430&Type=search", "url2": null }, "geometry": { "type": "Point", "coordinates": [ 127.791973793399606, 26.160104324950129 ] } },
{ "type": "Feature", "properties": { "内容": "おおざと信和苑　指定居宅介護支援事業所【居宅介護支援】沖縄県南城市大里字稲嶺1014番地", "url": "https://www.kaigokensaku.mhlw.go.jp/47/index.php?action_kouhyou_detail_004_kani=true&JigyosyoCd=4751380066-00&ServiceCd=430&Type=search", "url2": "http://www." }, "geometry": { "type": "Point", "coordinates": [ 127.737218699999957, 26.1626415 ] } },
{ "type": "Feature", "properties": { "内容": "ケアプランセンターほっ会期【居宅介護支援】沖縄県南城市字つきしろ1232番地137", "url": "https://www.kaigokensaku.mhlw.go.jp/47/index.php?action_kouhyou_detail_004_kani=true&JigyosyoCd=4775600366-00&ServiceCd=430&Type=search", "url2": null }, "geometry": { "type": "Point", "coordinates": [ 127.793148257646763, 26.159812098291912 ] } },
{ "type": "Feature", "properties": { "内容": "ケアプランセンター響【居宅介護支援】沖縄県南城市大里字稲嶺1875-2", "url": "https://www.kaigokensaku.mhlw.go.jp/47/index.php?action_kouhyou_detail_004_kani=true&JigyosyoCd=4775600523-00&ServiceCd=430&Type=search", "url2": null }, "geometry": { "type": "Point", "coordinates": [ 127.73997, 26.1626684 ] } },
{ "type": "Feature", "properties": { "内容": "居宅介護支援朝日【居宅介護支援】沖縄県南城市玉城字喜良原５２６番地", "url": "https://www.kaigokensaku.mhlw.go.jp/47/index.php?action_kouhyou_detail_004_kani=true&JigyosyoCd=4773100021-00&ServiceCd=430&Type=search", "url2": "https://iwakikai.net/" }, "geometry": { "type": "Point", "coordinates": [ 127.772060226180955, 26.159925581895767 ] } },
{ "type": "Feature", "properties": { "内容": "小谷園指定居宅介護支援センター【居宅介護支援】沖縄県南城市佐敷字小谷２３８－１", "url": "https://www.kaigokensaku.mhlw.go.jp/47/index.php?action_kouhyou_detail_004_kani=true&JigyosyoCd=4773300019-00&ServiceCd=430&Type=search", "url2": "http:kijukai.com" }, "geometry": { "type": "Point", "coordinates": [ 127.763391, 26.1734297 ] } },
{ "type": "Feature", "properties": { "内容": "東雲の丘指定居宅介護支援事業所【居宅介護支援】沖縄県南城市大里字大城１３９２番地", "url": "https://www.kaigokensaku.mhlw.go.jp/47/index.php?action_kouhyou_detail_004_kani=true&JigyosyoCd=4773500014-00&ServiceCd=430&Type=search", "url2": "http://www.kenshoukai.or.jp/" }, "geometry": { "type": "Point", "coordinates": [ 127.765113299999939, 26.1674137 ] } },
{ "type": "Feature", "properties": { "内容": "しらゆりの園指定居宅介護支援事業所【居宅介護支援】沖縄県南城市大里字古堅820番地1", "url": "https://www.kaigokensaku.mhlw.go.jp/47/index.php?action_kouhyou_detail_004_kani=true&JigyosyoCd=4775600226-00&ServiceCd=430&Type=search", "url2": "http://www.sirayuri.or.jp" }, "geometry": { "type": "Point", "coordinates": [ 127.741000100000065, 26.193233 ] } },
{ "type": "Feature", "properties": { "内容": "ケアプラン　ひなた【居宅介護支援】沖縄県南城市玉城字親慶原２９番地宜保アパート1階", "url": "https://www.kaigokensaku.mhlw.go.jp/47/index.php?action_kouhyou_detail_004_kani=true&JigyosyoCd=4775600515-00&ServiceCd=430&Type=search", "url2": "https://ks-hinata.com" }, "geometry": { "type": "Point", "coordinates": [ 127.7840848, 26.1547127 ] } },
{ "type": "Feature", "properties": { "内容": "ケアプランセンターAnthos【居宅介護支援】沖縄県南城市大里字稲嶺146番地3徳元アパート103号室", "url": "https://www.kaigokensaku.mhlw.go.jp/47/index.php?action_kouhyou_detail_004_kani=true&JigyosyoCd=4775600622-00&ServiceCd=430&Type=search", "url2": "https://www.anthos-hana.com/" }, "geometry": { "type": "Point", "coordinates": [ 127.7359793, 26.1719739 ] } },
{ "type": "Feature", "properties": { "内容": "こころ居宅介護支援事業所【居宅介護支援】沖縄県南城市玉城字富里１７３－２（1F）", "url": "https://www.kaigokensaku.mhlw.go.jp/47/index.php?action_kouhyou_detail_004_kani=true&JigyosyoCd=4775600101-00&ServiceCd=430&Type=search", "url2": null }, "geometry": { "type": "Point", "coordinates": [ 127.768293663893161, 26.146215818152012 ] } },
{ "type": "Feature", "properties": { "内容": "グッド.ケアプラン多宝【居宅介護支援】沖縄県南城市知念字久原152番地の1", "url": "https://www.kaigokensaku.mhlw.go.jp/47/index.php?action_kouhyou_detail_004_kani=true&JigyosyoCd=4775600564-00&ServiceCd=430&Type=search", "url2": null }, "geometry": { "type": "Point", "coordinates": [ 127.8054523878357, 26.187960155626779 ] } },
{ "type": "Feature", "properties": { "内容": "居宅介護支援事業所ウェルビー【居宅介護支援】沖縄県南城市玉城字百名２４６番地１", "url": "https://www.kaigokensaku.mhlw.go.jp/47/index.php?action_kouhyou_detail_004_kani=true&JigyosyoCd=4775600606-00&ServiceCd=430&Type=search", "url2": null }, "geometry": { "type": "Point", "coordinates": [ 127.7875688, 26.1399364 ] } },
{ "type": "Feature", "properties": { "内容": "北斗園指定居宅介護支援事業所【居宅介護支援】沖縄県国頭郡国頭村字辺土名1692番地", "url": "https://www.kaigokensaku.mhlw.go.jp/47/index.php?action_kouhyou_detail_004_kani=true&JigyosyoCd=4771100015-00&ServiceCd=430&Type=search", "url2": "http://hokutoen.org/" }, "geometry": { "type": "Point", "coordinates": [ 128.1746598, 26.7408943 ] } },
{ "type": "Feature", "properties": { "内容": "おおぎみ居宅介護支援事業所【居宅介護支援】沖縄県国頭郡大宜味村字津波419番地9", "url": "https://www.kaigokensaku.mhlw.go.jp/47/index.php?action_kouhyou_detail_004_kani=true&JigyosyoCd=4771200054-00&ServiceCd=430&Type=search", "url2": null }, "geometry": { "type": "Point", "coordinates": [ 128.099114165054317, 26.660394430991367 ] } },
{ "type": "Feature", "properties": { "内容": "介護支援センターやんばる【居宅介護支援】沖縄県国頭郡大宜味村字津波418番地", "url": "https://www.kaigokensaku.mhlw.go.jp/47/index.php?action_kouhyou_detail_004_kani=true&JigyosyoCd=4771200039-00&ServiceCd=430&Type=search", "url2": "http://www.isshinfukushikai.or.jp" }, "geometry": { "type": "Point", "coordinates": [ 128.098762862565621, 26.660323787661721 ] } },
{ "type": "Feature", "properties": { "内容": "おおぎみ介護支援センター【居宅介護支援】沖縄県国頭郡大宜味村字津波４１９番地９３階", "url": "https://www.kaigokensaku.mhlw.go.jp/47/index.php?action_kouhyou_detail_004_kani=true&JigyosyoCd=4771200104-00&ServiceCd=430&Type=search", "url2": null }, "geometry": { "type": "Point", "coordinates": [ 128.09897394841002, 26.66041017632925 ] } },
{ "type": "Feature", "properties": { "内容": "居宅介護支援事業所ひがし【居宅介護支援】沖縄県国頭郡東村字平良804番地東村保健福祉センター内", "url": "https://www.kaigokensaku.mhlw.go.jp/47/index.php?action_kouhyou_detail_004_kani=true&JigyosyoCd=4771300045-00&ServiceCd=430&Type=search", "url2": null }, "geometry": { "type": "Point", "coordinates": [ 128.1561051, 26.6329418 ] } },
{ "type": "Feature", "properties": { "内容": "介護計画書作成工房　やましろ　指定居宅介護支援事業所【居宅介護支援】沖縄県国頭郡今帰仁村字崎山501", "url": "https://www.kaigokensaku.mhlw.go.jp/47/index.php?action_kouhyou_detail_004_kani=true&JigyosyoCd=4771400126-00&ServiceCd=430&Type=search", "url2": null }, "geometry": { "type": "Point", "coordinates": [ 127.960752700000057, 26.7024713 ] } },
{ "type": "Feature", "properties": { "内容": "イリーゼ今帰仁居宅介護支援事業所【居宅介護支援】湧川571-1", "url": "https://www.kaigokensaku.mhlw.go.jp/47/index.php?action_kouhyou_detail_004_kani=true&JigyosyoCd=4771400092-00&ServiceCd=430&Type=search", "url2": "http：//www.irs/jp//facility/nakijin" }, "geometry": { "type": "Point", "coordinates": [ 127.9803336, 26.6539413 ] } },
{ "type": "Feature", "properties": { "内容": "なきじん指定居宅介護支援事業所【居宅介護支援】沖縄県国頭郡今帰仁村字今泊307番地", "url": "https://www.kaigokensaku.mhlw.go.jp/47/index.php?action_kouhyou_detail_004_kani=true&JigyosyoCd=4751180003-00&ServiceCd=430&Type=search", "url2": "http://www.oki-kofukai.or.jp" }, "geometry": { "type": "Point", "coordinates": [ 127.92518, 26.6991955 ] } },
{ "type": "Feature", "properties": { "内容": "今帰仁村社協指定居宅介護支援事業所【居宅介護支援】沖縄県国頭郡今帰仁村字天底６２番地", "url": "https://www.kaigokensaku.mhlw.go.jp/47/index.php?action_kouhyou_detail_004_kani=true&JigyosyoCd=4771400027-00&ServiceCd=430&Type=search", "url2": "http://www." }, "geometry": { "type": "Point", "coordinates": [ 127.9804464, 26.6813662 ] } },
{ "type": "Feature", "properties": { "内容": "乙羽園指定居宅介護支援事業所【居宅介護支援】沖縄県国頭郡今帰仁村字天底222", "url": "https://www.kaigokensaku.mhlw.go.jp/47/index.php?action_kouhyou_detail_004_kani=true&JigyosyoCd=4771400019-00&ServiceCd=430&Type=search", "url2": "http://www.otowakai.com" }, "geometry": { "type": "Point", "coordinates": [ 127.978519099999957, 26.6755028 ] } },
{ "type": "Feature", "properties": { "内容": "居宅介護支援事業所本部園【居宅介護支援】沖縄県国頭郡本部町字谷茶301番地", "url": "https://www.kaigokensaku.mhlw.go.jp/47/index.php?action_kouhyou_detail_004_kani=true&JigyosyoCd=4771500024-00&ServiceCd=430&Type=search", "url2": "http://www.motobuenn.com/" }, "geometry": { "type": "Point", "coordinates": [ 127.8913232, 26.6559793 ] } },
{ "type": "Feature", "properties": { "内容": "博寿会居宅介護支援事業所【居宅介護支援】沖縄県国頭郡本部町字石川988番地介護老人保健施設　もとぶ　ふくぎの里1階", "url": "https://www.kaigokensaku.mhlw.go.jp/47/index.php?action_kouhyou_detail_004_kani=true&JigyosyoCd=4751180029-00&ServiceCd=430&Type=search", "url2": "http://www.1979-hakujukai.or.jp" }, "geometry": { "type": "Point", "coordinates": [ 127.88378160000002, 26.6932693 ] } },
{ "type": "Feature", "properties": { "内容": "本部町社協居宅介護支援事業所【居宅介護支援】沖縄県国頭郡本部町字大浜881番地の4", "url": "https://www.kaigokensaku.mhlw.go.jp/47/index.php?action_kouhyou_detail_004_kani=true&JigyosyoCd=4771500016-00&ServiceCd=430&Type=search", "url2": "https://www.motobu-syakyo.com/" }, "geometry": { "type": "Point", "coordinates": [ 127.884698699999944, 26.658215 ] } },
{ "type": "Feature", "properties": { "内容": "居宅介護支援事業所うんな【居宅介護支援】沖縄県国頭郡恩納村字恩納2405番地", "url": "https://www.kaigokensaku.mhlw.go.jp/47/index.php?action_kouhyou_detail_004_kani=true&JigyosyoCd=4761190018-00&ServiceCd=430&Type=search", "url2": null }, "geometry": { "type": "Point", "coordinates": [ 127.8510849, 26.4973083 ] } },
{ "type": "Feature", "properties": { "内容": "社会福祉法人恩納村社会福祉協議会指定居宅介護支援事業所【居宅介護支援】沖縄県国頭郡恩納村字恩納6302番地", "url": "https://www.kaigokensaku.mhlw.go.jp/47/index.php?action_kouhyou_detail_004_kani=true&JigyosyoCd=4771600022-00&ServiceCd=430&Type=search", "url2": "http://www." }, "geometry": { "type": "Point", "coordinates": [ 127.847652299999922, 26.4877946 ] } },
{ "type": "Feature", "properties": { "内容": "谷茶の丘指定居宅介護支援事業所【居宅介護支援】沖縄県国頭郡恩納村字谷茶1919番地の7", "url": "https://www.kaigokensaku.mhlw.go.jp/47/index.php?action_kouhyou_detail_004_kani=true&JigyosyoCd=4771600014-00&ServiceCd=430&Type=search", "url2": "http://www.yuunanokai.or.jp" }, "geometry": { "type": "Point", "coordinates": [ 127.8255494, 26.4563964 ] } },
{ "type": "Feature", "properties": { "内容": "居宅介護支援事業所ぷくじ【居宅介護支援】沖縄県国頭郡恩納村字恩納2858-3", "url": "https://www.kaigokensaku.mhlw.go.jp/47/index.php?action_kouhyou_detail_004_kani=true&JigyosyoCd=4771600139-00&ServiceCd=430&Type=search", "url2": "https://www.pukuzi,com" }, "geometry": { "type": "Point", "coordinates": [ 127.8527025, 26.5014409 ] } },
{ "type": "Feature", "properties": { "内容": "愛安居宅介護支援事業所【居宅介護支援】宜野座村字漢那1843-11", "url": "https://www.kaigokensaku.mhlw.go.jp/47/index.php?action_kouhyou_detail_004_kani=true&JigyosyoCd=4771700046-00&ServiceCd=430&Type=search", "url2": null }, "geometry": { "type": "Point", "coordinates": [ 127.9559742, 26.4820057 ] } },
{ "type": "Feature", "properties": { "内容": "宜野座村居宅介護支援ステーション【居宅介護支援】沖縄県国頭郡宜野座村字惣慶1898番地（宜野座村地域福祉センター内）", "url": "https://www.kaigokensaku.mhlw.go.jp/47/index.php?action_kouhyou_detail_004_kani=true&JigyosyoCd=4771700012-00&ServiceCd=430&Type=search", "url2": "http://www.ginoza-shakyo.or.jp" }, "geometry": { "type": "Point", "coordinates": [ 127.9716396, 26.4831725 ] } },
{ "type": "Feature", "properties": { "内容": "医療法人ユカリア沖縄　居宅介護支援事業所かんなの里【居宅介護支援】沖縄県国頭郡宜野座村字漢那４７１番地の１医療法人ユカリア沖縄　住宅型有料老人ホームかんなの里", "url": "https://www.kaigokensaku.mhlw.go.jp/47/index.php?action_kouhyou_detail_004_kani=true&JigyosyoCd=4771700087-00&ServiceCd=430&Type=search", "url2": "http://okinawa-kanna.or.jp/kannano-sato/" }, "geometry": { "type": "Point", "coordinates": [ 127.962983268671579, 26.474961565360115 ] } },
{ "type": "Feature", "properties": { "内容": "居宅介護支援事業所かけはし【居宅介護支援】宜野座村字漢那２２８７-６番地上原アパート１０２号", "url": "https://www.kaigokensaku.mhlw.go.jp/47/index.php?action_kouhyou_detail_004_kani=true&JigyosyoCd=4771700061-00&ServiceCd=430&Type=search", "url2": null }, "geometry": { "type": "Point", "coordinates": [ 127.954103147885107, 26.483942088225959 ] } },
{ "type": "Feature", "properties": { "内容": "居宅介護支援事業所くばの里【居宅介護支援】沖縄県国頭郡金武町字金武４１９６－２８番地", "url": "https://www.kaigokensaku.mhlw.go.jp/47/index.php?action_kouhyou_detail_004_kani=true&JigyosyoCd=4771800044-00&ServiceCd=430&Type=search", "url2": "http://www.kubanosato.jp" }, "geometry": { "type": "Point", "coordinates": [ 127.915504, 26.4519733 ] } },
{ "type": "Feature", "properties": { "内容": "ケアマネジメント信愛の丘【居宅介護支援】沖縄県国頭郡金武町字金武2724番地", "url": "https://www.kaigokensaku.mhlw.go.jp/47/index.php?action_kouhyou_detail_004_kani=true&JigyosyoCd=4751280035-00&ServiceCd=430&Type=search", "url2": "http://shinaikai.con/" }, "geometry": { "type": "Point", "coordinates": [ 127.916515, 26.4533955 ] } },
{ "type": "Feature", "properties": { "内容": "ケアプランスマイル【居宅介護支援】沖縄県国頭郡金武町字金武7906番地", "url": "https://www.kaigokensaku.mhlw.go.jp/47/index.php?action_kouhyou_detail_004_kani=true&JigyosyoCd=4771800119-00&ServiceCd=430&Type=search", "url2": "egao-de-support6464@nifty.com" }, "geometry": { "type": "Point", "coordinates": [ 127.912540300000046, 26.452076 ] } },
{ "type": "Feature", "properties": { "内容": "金武居宅介護支援事業所【居宅介護支援】沖縄県国頭郡金武町字金武９４番地", "url": "https://www.kaigokensaku.mhlw.go.jp/47/index.php?action_kouhyou_detail_004_kani=true&JigyosyoCd=4712110628-00&ServiceCd=430&Type=search", "url2": "http://www.kinclinic-okinawa.com" }, "geometry": { "type": "Point", "coordinates": [ 127.9253142, 26.4558539 ] } },
{ "type": "Feature", "properties": { "内容": "ケアプランひらめき【居宅介護支援】沖縄県国頭郡金武町字伊芸93番地", "url": "https://www.kaigokensaku.mhlw.go.jp/47/index.php?action_kouhyou_detail_004_kani=true&JigyosyoCd=4771800143-00&ServiceCd=430&Type=search", "url2": null }, "geometry": { "type": "Point", "coordinates": [ 127.879541305027843, 26.456699828824394 ] } },
{ "type": "Feature", "properties": { "内容": "ウッドケア居宅介護支援事業所【居宅介護支援】沖縄県国頭郡金武町字伊芸214番地", "url": "https://www.kaigokensaku.mhlw.go.jp/47/index.php?action_kouhyou_detail_004_kani=true&JigyosyoCd=4771800200-00&ServiceCd=430&Type=search", "url2": null }, "geometry": { "type": "Point", "coordinates": [ 127.8777561, 26.4630007 ] } },
{ "type": "Feature", "properties": { "内容": "ケアプラン　アシスト【居宅介護支援】沖縄県国頭郡金武町字金武３８９番地101号", "url": "https://www.kaigokensaku.mhlw.go.jp/47/index.php?action_kouhyou_detail_004_kani=true&JigyosyoCd=4771800135-00&ServiceCd=430&Type=search", "url2": "http://www.okumacl.jp/" }, "geometry": { "type": "Point", "coordinates": [ 127.9228951, 26.4534318 ] } },
{ "type": "Feature", "properties": { "内容": "ケアプラン光が丘【居宅介護支援】沖縄県金武町字伊芸１２９２－１", "url": "https://www.kaigokensaku.mhlw.go.jp/47/index.php?action_kouhyou_detail_004_kani=true&JigyosyoCd=4771800010-00&ServiceCd=430&Type=search", "url2": null }, "geometry": { "type": "Point", "coordinates": [ 127.867779700000042, 26.4577805 ] } },
{ "type": "Feature", "properties": { "内容": "社会福祉法人麗峰会居宅介護支援事業所いえしま【居宅介護支援】沖縄県国頭郡伊江村字東江前2303-1", "url": "https://www.kaigokensaku.mhlw.go.jp/47/index.php?action_kouhyou_detail_004_kani=true&JigyosyoCd=4771900018-00&ServiceCd=430&Type=search", "url2": "http://www." }, "geometry": { "type": "Point", "coordinates": [ 127.825179499999976, 26.710927500000032 ] } },
{ "type": "Feature", "properties": { "内容": "伊江村社協ケアプランセンター【居宅介護支援】沖縄県国頭郡伊江村字川平３６４番地の１", "url": "https://www.kaigokensaku.mhlw.go.jp/47/index.php?action_kouhyou_detail_004_kani=true&JigyosyoCd=4771900026-00&ServiceCd=430&Type=search", "url2": "https://iesyakyo.org/" }, "geometry": { "type": "Point", "coordinates": [ 127.8022353, 26.711711 ] } },
{ "type": "Feature", "properties": { "内容": "居宅介護支援事業所　ふさと苑【居宅介護支援】沖縄県国頭郡伊江村字川平５８２－１", "url": "https://www.kaigokensaku.mhlw.go.jp/47/index.php?action_kouhyou_detail_004_kani=true&JigyosyoCd=4771900042-00&ServiceCd=430&Type=search", "url2": "http://www." }, "geometry": { "type": "Point", "coordinates": [ 127.798156699999922, 26.7126765 ] } },
{ "type": "Feature", "properties": { "内容": "沖縄県国頭郡伊江村字西江前271-1【居宅介護支援】沖縄県国頭郡伊江村字西江前271-1", "url": "https://www.kaigokensaku.mhlw.go.jp/47/index.php?action_kouhyou_detail_004_kani=true&JigyosyoCd=4771900075-00&ServiceCd=430&Type=search", "url2": null }, "geometry": { "type": "Point", "coordinates": [ 127.766584, 26.71462810000002 ] } },
{ "type": "Feature", "properties": { "内容": "ケアプラン　しおん【居宅介護支援】沖縄県中頭郡読谷村楚辺２０６３－１", "url": "https://www.kaigokensaku.mhlw.go.jp/47/index.php?action_kouhyou_detail_004_kani=true&JigyosyoCd=4772200202-00&ServiceCd=430&Type=search", "url2": "carepian_zion＠yahoo.cojp" }, "geometry": { "type": "Point", "coordinates": [ 127.7294144, 26.3887698 ] } },
{ "type": "Feature", "properties": { "内容": "居宅介護支援事業所　はんだま【居宅介護支援】沖縄県中頭郡読谷村楚辺2200番地1", "url": "https://www.kaigokensaku.mhlw.go.jp/47/index.php?action_kouhyou_detail_004_kani=true&JigyosyoCd=4772200483-00&ServiceCd=430&Type=search", "url2": null }, "geometry": { "type": "Point", "coordinates": [ 127.737056199999984, 26.3835214 ] } },
{ "type": "Feature", "properties": { "内容": "居宅介護支援事業所ケアサポート浜音【居宅介護支援】沖縄県中頭郡読谷村字長浜165番地", "url": "https://www.kaigokensaku.mhlw.go.jp/47/index.php?action_kouhyou_detail_004_kani=true&JigyosyoCd=4772200384-00&ServiceCd=430&Type=search", "url2": null }, "geometry": { "type": "Point", "coordinates": [ 127.736682400000063, 26.4219806 ] } },
{ "type": "Feature", "properties": { "内容": "ライフケア読谷介護支援センター【居宅介護支援】沖縄県中頭郡読谷村字長浜1576番地", "url": "https://www.kaigokensaku.mhlw.go.jp/47/index.php?action_kouhyou_detail_004_kani=true&JigyosyoCd=4712211053-00&ServiceCd=430&Type=search", "url2": "http://www.lcy-mc.com" }, "geometry": { "type": "Point", "coordinates": [ 127.731119, 26.4166614 ] } },
{ "type": "Feature", "properties": { "内容": "ケアプランななふく【居宅介護支援】沖縄県中頭郡読谷村字長浜1194番地", "url": "https://www.kaigokensaku.mhlw.go.jp/47/index.php?action_kouhyou_detail_004_kani=true&JigyosyoCd=4772200285-00&ServiceCd=430&Type=search", "url2": "http://nanafuku.co.jp" }, "geometry": { "type": "Point", "coordinates": [ 127.734635499999953, 26.4174059 ] } },
{ "type": "Feature", "properties": { "内容": "居宅介護支援事業所まゆの里おおわん【居宅介護支援】沖縄県中頭郡読谷村字大湾６６９－２", "url": "https://www.kaigokensaku.mhlw.go.jp/47/index.php?action_kouhyou_detail_004_kani=true&JigyosyoCd=4772200293-00&ServiceCd=430&Type=search", "url2": "http://mayunosato.net/" }, "geometry": { "type": "Point", "coordinates": [ 127.75002743439336, 26.373139704751537 ] } },
{ "type": "Feature", "properties": { "内容": "ケアプランオフィスエリム【居宅介護支援】沖縄県中頭郡読谷村字座喜味2753番地164", "url": "https://www.kaigokensaku.mhlw.go.jp/47/index.php?action_kouhyou_detail_004_kani=true&JigyosyoCd=4772200509-00&ServiceCd=430&Type=search", "url2": "-" }, "geometry": { "type": "Point", "coordinates": [ 127.750380616671762, 26.412160466751541 ] } },
{ "type": "Feature", "properties": { "内容": "ケアプラン健やか【居宅介護支援】沖縄県中頭郡読谷村字高志保402-5", "url": "https://www.kaigokensaku.mhlw.go.jp/47/index.php?action_kouhyou_detail_004_kani=true&JigyosyoCd=4772200236-00&ServiceCd=430&Type=search", "url2": null }, "geometry": { "type": "Point", "coordinates": [ 127.730957099999983, 26.410331577245248 ] } },
{ "type": "Feature", "properties": { "内容": "よみたんクリニック居宅介護支援事業所【居宅介護支援】沖縄県中頭郡読谷村字長浜１７７４番地", "url": "https://www.kaigokensaku.mhlw.go.jp/47/index.php?action_kouhyou_detail_004_kani=true&JigyosyoCd=4772200517-00&ServiceCd=430&Type=search", "url2": "yomitan_kyotaku@cyutoku.or.jp" }, "geometry": { "type": "Point", "coordinates": [ 127.7319695, 26.4144644 ] } },
{ "type": "Feature", "properties": { "内容": "介護の窓口　晴れ晴れ【居宅介護支援】沖縄県中頭郡読谷村波平2124番地3", "url": "https://www.kaigokensaku.mhlw.go.jp/47/index.php?action_kouhyou_detail_004_kani=true&JigyosyoCd=4772200467-00&ServiceCd=430&Type=search", "url2": null }, "geometry": { "type": "Point", "coordinates": [ 127.72650950000002, 26.3960974 ] } },
{ "type": "Feature", "properties": { "内容": "ケアプランきらめき【居宅介護支援】沖縄県中頭郡読谷村字渡具知37番地1", "url": "https://www.kaigokensaku.mhlw.go.jp/47/index.php?action_kouhyou_detail_004_kani=true&JigyosyoCd=4772300051-00&ServiceCd=430&Type=search", "url2": "http://kirameki-femily.org" }, "geometry": { "type": "Point", "coordinates": [ 127.743253099999961, 26.3649475 ] } },
{ "type": "Feature", "properties": { "内容": "ケアプランセンターあかり【居宅介護支援】沖縄県中頭郡読谷村字古堅６２９番地", "url": "https://www.kaigokensaku.mhlw.go.jp/47/index.php?action_kouhyou_detail_004_kani=true&JigyosyoCd=4772200152-00&ServiceCd=430&Type=search", "url2": "http://www." }, "geometry": { "type": "Point", "coordinates": [ 127.747527799999943, 26.3694137 ] } },
{ "type": "Feature", "properties": { "内容": "居宅介護支援事業所ケアプラン花織【居宅介護支援】沖縄県中頭郡読谷村喜名497-14", "url": "https://www.kaigokensaku.mhlw.go.jp/47/index.php?action_kouhyou_detail_004_kani=true&JigyosyoCd=4761290065-00&ServiceCd=430&Type=search", "url2": "http://www." }, "geometry": { "type": "Point", "coordinates": [ 127.757668899999956, 26.4014773 ] } },
{ "type": "Feature", "properties": { "内容": "読谷の里　指定居宅介護支援事業所【居宅介護支援】沖縄県中頭郡読谷村字座喜味１８７５番地の１", "url": "https://www.kaigokensaku.mhlw.go.jp/47/index.php?action_kouhyou_detail_004_kani=true&JigyosyoCd=4772200020-00&ServiceCd=430&Type=search", "url2": "http://www.yomisato.or.jp" }, "geometry": { "type": "Point", "coordinates": [ 127.726492199999939, 26.3953273 ] } },
{ "type": "Feature", "properties": { "内容": "読谷村社会福祉協議会居宅介護支援事業所【居宅介護支援】沖縄県中頭郡読谷村字都屋167番地2", "url": "https://www.kaigokensaku.mhlw.go.jp/47/index.php?action_kouhyou_detail_004_kani=true&JigyosyoCd=4772200053-00&ServiceCd=430&Type=search", "url2": null }, "geometry": { "type": "Point", "coordinates": [ 127.726025599999957, 26.3938608 ] } },
{ "type": "Feature", "properties": { "内容": "ケアプランたんぽぽ【居宅介護支援】沖縄県中頭郡読谷村字古堅５８７番地", "url": "https://www.kaigokensaku.mhlw.go.jp/47/index.php?action_kouhyou_detail_004_kani=true&JigyosyoCd=4772200087-00&ServiceCd=430&Type=search", "url2": "https://tanpopo-yomitan.okinawa/" }, "geometry": { "type": "Point", "coordinates": [ 127.748541599999953, 26.3688193 ] } },
{ "type": "Feature", "properties": { "内容": "ヴィラージュせなは居宅介護支援事業所【居宅介護支援】沖縄県中頭郡読谷村字長浜１１１０番地", "url": "https://www.kaigokensaku.mhlw.go.jp/47/index.php?action_kouhyou_detail_004_kani=true&JigyosyoCd=4772200095-00&ServiceCd=430&Type=search", "url2": "http://www.village-senaha.jp" }, "geometry": { "type": "Point", "coordinates": [ 127.733866, 26.4186308 ] } },
{ "type": "Feature", "properties": { "内容": "相談支援事業所鳳凰【居宅介護支援】沖縄県中頭郡読谷村字都屋403番地2", "url": "https://www.kaigokensaku.mhlw.go.jp/47/index.php?action_kouhyou_detail_004_kani=true&JigyosyoCd=4772200319-00&ServiceCd=430&Type=search", "url2": "h​ttp​://​hp.​kai​pok​e.b​iz/​b2z​/" }, "geometry": { "type": "Point", "coordinates": [ 127.72637009999994, 26.388622600000019 ] } },
{ "type": "Feature", "properties": { "内容": "ケアサポートバニアン指定居宅介護支援事業所【居宅介護支援】沖縄県中頭郡読谷村字大湾３８３番地", "url": "https://www.kaigokensaku.mhlw.go.jp/47/index.php?action_kouhyou_detail_004_kani=true&JigyosyoCd=4772200335-00&ServiceCd=430&Type=search", "url2": null }, "geometry": { "type": "Point", "coordinates": [ 127.754009013491881, 26.373203796544711 ] } },
{ "type": "Feature", "properties": { "内容": "ケアプラン夢咲【居宅介護支援】沖縄県中頭郡読谷村字喜名2345-51", "url": "https://www.kaigokensaku.mhlw.go.jp/47/index.php?action_kouhyou_detail_004_kani=true&JigyosyoCd=4772200343-00&ServiceCd=430&Type=search", "url2": null }, "geometry": { "type": "Point", "coordinates": [ 127.749947427276084, 26.397477564950769 ] } },
{ "type": "Feature", "properties": { "内容": "ケアプランさらさら【居宅介護支援】沖縄県中頭郡読谷村字喜名2279番地22", "url": "https://www.kaigokensaku.mhlw.go.jp/47/index.php?action_kouhyou_detail_004_kani=true&JigyosyoCd=4772200525-00&ServiceCd=430&Type=search", "url2": null }, "geometry": { "type": "Point", "coordinates": [ 127.7507436, 26.3969201 ] } },
{ "type": "Feature", "properties": { "内容": "ケアマネジメント比謝川の里【居宅介護支援】沖縄県中頭郡嘉手納町字久得242番地の２", "url": "https://www.kaigokensaku.mhlw.go.jp/47/index.php?action_kouhyou_detail_004_kani=true&JigyosyoCd=4772300010-00&ServiceCd=430&Type=search", "url2": "http://比謝川の里.com/business/care.html" }, "geometry": { "type": "Point", "coordinates": [ 127.771243, 26.3720555 ] } },
{ "type": "Feature", "properties": { "内容": "ケアプランカデナ【居宅介護支援】字水釜557番地", "url": "https://www.kaigokensaku.mhlw.go.jp/47/index.php?action_kouhyou_detail_004_kani=true&JigyosyoCd=4772300150-00&ServiceCd=430&Type=search", "url2": "https://ds-kadena.com" }, "geometry": { "type": "Point", "coordinates": [ 127.752049705001795, 26.362978791925372 ] } },
{ "type": "Feature", "properties": { "内容": "北谷町社会福祉協議会居宅介護支援事業所【居宅介護支援】沖縄県中頭郡北谷町字吉原２６番地６", "url": "https://www.kaigokensaku.mhlw.go.jp/47/index.php?action_kouhyou_detail_004_kani=true&JigyosyoCd=4772400034-00&ServiceCd=430&Type=search", "url2": "http://www.chatanshakyo.com" }, "geometry": { "type": "Point", "coordinates": [ 127.769544799999963, 26.3152223 ] } },
{ "type": "Feature", "properties": { "内容": "徳洲会ハンビークリニック居宅介護支援事業所【居宅介護支援】沖縄県中頭郡北谷町北前１丁目２１番１号", "url": "https://www.kaigokensaku.mhlw.go.jp/47/index.php?action_kouhyou_detail_004_kani=true&JigyosyoCd=4772400299-00&ServiceCd=430&Type=search", "url2": null }, "geometry": { "type": "Point", "coordinates": [ 127.758338, 26.301712 ] } },
{ "type": "Feature", "properties": { "内容": "（株式会社）琉球メディカルズ居宅介護支援事業所【居宅介護支援】沖縄県中頭郡北谷町字桑江３９９番地１", "url": "https://www.kaigokensaku.mhlw.go.jp/47/index.php?action_kouhyou_detail_004_kani=true&JigyosyoCd=4772400026-00&ServiceCd=430&Type=search", "url2": "http://www." }, "geometry": { "type": "Point", "coordinates": [ 127.765764433065797, 26.323469246804063 ] } },
{ "type": "Feature", "properties": { "内容": "居宅介護支援事業所なごみ【居宅介護支援】沖縄県中頭郡北谷町字吉原1178番地", "url": "https://www.kaigokensaku.mhlw.go.jp/47/index.php?action_kouhyou_detail_004_kani=true&JigyosyoCd=4772400067-00&ServiceCd=430&Type=search", "url2": null }, "geometry": { "type": "Point", "coordinates": [ 127.765959, 26.3119421 ] } },
{ "type": "Feature", "properties": { "内容": "ケアプランステーション　まほろば【居宅介護支援】沖縄県北谷町字吉原７９０－１５", "url": "https://www.kaigokensaku.mhlw.go.jp/47/index.php?action_kouhyou_detail_004_kani=true&JigyosyoCd=4772400083-00&ServiceCd=430&Type=search", "url2": "http://mahoroba.o‐oku.jp/" }, "geometry": { "type": "Point", "coordinates": [ 127.771636, 26.3250853 ] } },
{ "type": "Feature", "properties": { "内容": "白川園指定居宅介護支援事業所【居宅介護支援】沖縄県中頭郡北谷町字吉原２６３番地介護老人保健施設白川園", "url": "https://www.kaigokensaku.mhlw.go.jp/47/index.php?action_kouhyou_detail_004_kani=true&JigyosyoCd=4772400042-00&ServiceCd=430&Type=search", "url2": "http://www.kouyoukai-oki.jp/news/info/entry-14/" }, "geometry": { "type": "Point", "coordinates": [ 127.777563699999959, 26.3165555 ] } },
{ "type": "Feature", "properties": { "内容": "ソーシャルワーク＆ケアマネジメント　ケアプランニングらいふりぃ【居宅介護支援】沖縄県中頭郡北中城村字喜舎場167番地2", "url": "https://www.kaigokensaku.mhlw.go.jp/47/index.php?action_kouhyou_detail_004_kani=true&JigyosyoCd=4772500213-00&ServiceCd=430&Type=search", "url2": "https://www.lifefree-llc.com/" }, "geometry": { "type": "Point", "coordinates": [ 127.7931921, 26.3049912 ] } },
{ "type": "Feature", "properties": { "内容": "ケアプランステーションゆい【居宅介護支援】沖縄県中頭郡北中城村字喜舎場360番地1", "url": "https://www.kaigokensaku.mhlw.go.jp/47/index.php?action_kouhyou_detail_004_kani=true&JigyosyoCd=4761290008-00&ServiceCd=430&Type=search", "url2": "http://www.agape-wakamatsu.or.jp" }, "geometry": { "type": "Point", "coordinates": [ 127.793643283536539, 26.300270062931261 ] } },
{ "type": "Feature", "properties": { "内容": "介護相談事業所きたなか【居宅介護支援】沖縄県中頭郡北中城村仲順366-1コーポりつお　1階", "url": "https://www.kaigokensaku.mhlw.go.jp/47/index.php?action_kouhyou_detail_004_kani=true&JigyosyoCd=4772500221-00&ServiceCd=430&Type=search", "url2": null }, "geometry": { "type": "Point", "coordinates": [ 127.8033353, 26.3016894 ] } },
{ "type": "Feature", "properties": { "内容": "居宅介護支援事業所　敬福【居宅介護支援】沖縄県中頭郡北中城村安谷屋2144番地の13金城貸店舗1階", "url": "https://www.kaigokensaku.mhlw.go.jp/47/index.php?action_kouhyou_detail_004_kani=true&JigyosyoCd=4772500106-00&ServiceCd=430&Type=search", "url2": "naokisuda0317@gmail/com" }, "geometry": { "type": "Point", "coordinates": [ 127.7825806, 26.2958698 ] } },
{ "type": "Feature", "properties": { "内容": "居宅介護支援事業所　愛の村【居宅介護支援】沖縄県中頭郡北中城村字島袋1320番地", "url": "https://www.kaigokensaku.mhlw.go.jp/47/index.php?action_kouhyou_detail_004_kani=true&JigyosyoCd=4772500015-00&ServiceCd=430&Type=search", "url2": "http://www.ainomura.okinawa/" }, "geometry": { "type": "Point", "coordinates": [ 127.807506262082484, 26.323323771521984 ] } },
{ "type": "Feature", "properties": { "内容": "ケアプランセンター　ふくとく【居宅介護支援】沖縄県中頭郡北中城村字仲順375番地の1", "url": "https://www.kaigokensaku.mhlw.go.jp/47/index.php?action_kouhyou_detail_004_kani=true&JigyosyoCd=4772500080-00&ServiceCd=430&Type=search", "url2": null }, "geometry": { "type": "Point", "coordinates": [ 127.801079, 26.3022266 ] } },
{ "type": "Feature", "properties": { "内容": "アカラ居宅介護支援事業所【居宅介護支援】沖縄県中頭郡北中城村仲順275　T103", "url": "https://www.kaigokensaku.mhlw.go.jp/47/index.php?action_kouhyou_detail_004_kani=true&JigyosyoCd=4772500239-00&ServiceCd=430&Type=search", "url2": null }, "geometry": { "type": "Point", "coordinates": [ 127.8018212, 26.299507700000014 ] } },
{ "type": "Feature", "properties": { "内容": "ケアプランセンターあーさのさと【居宅介護支援】北中城村字仲順231番地1号", "url": "https://www.kaigokensaku.mhlw.go.jp/47/index.php?action_kouhyou_detail_004_kani=true&JigyosyoCd=4772500288-00&ServiceCd=430&Type=search", "url2": null }, "geometry": { "type": "Point", "coordinates": [ 127.7989979, 26.3009972 ] } },
{ "type": "Feature", "properties": { "内容": "居宅介護支援事業所　みなみ【居宅介護支援】沖縄県中頭郡中城村字南上原９６５－２メゾンマルヤス　1階", "url": "https://www.kaigokensaku.mhlw.go.jp/47/index.php?action_kouhyou_detail_004_kani=true&JigyosyoCd=4772600161-00&ServiceCd=430&Type=search", "url2": null }, "geometry": { "type": "Point", "coordinates": [ 127.7696644, 26.2461062 ] } },
{ "type": "Feature", "properties": { "内容": "いなほ居宅介護支援事業所【居宅介護支援】沖縄県中頭郡中城村字添石３６３番地", "url": "https://www.kaigokensaku.mhlw.go.jp/47/index.php?action_kouhyou_detail_004_kani=true&JigyosyoCd=4772600013-00&ServiceCd=430&Type=search", "url2": "inahokai@inahokai.jp" }, "geometry": { "type": "Point", "coordinates": [ 127.796658, 26.2770482 ] } },
{ "type": "Feature", "properties": { "内容": "在宅介護サービスセンター中城【居宅介護支援】沖縄県中城村字奥間９０９－１", "url": "https://www.kaigokensaku.mhlw.go.jp/47/index.php?action_kouhyou_detail_004_kani=true&JigyosyoCd=4751280076-00&ServiceCd=430&Type=search", "url2": "http://www." }, "geometry": { "type": "Point", "coordinates": [ 127.789673568122922, 26.255261668225565 ] } },
{ "type": "Feature", "properties": { "内容": "居宅介護支援　アペックスプラン【居宅介護支援】沖縄県中頭郡中城村南上原199－1（2F）", "url": "https://www.kaigokensaku.mhlw.go.jp/47/index.php?action_kouhyou_detail_004_kani=true&JigyosyoCd=4772600310-00&ServiceCd=430&Type=search", "url2": "http://apexplan-okinawa.co.jp/" }, "geometry": { "type": "Point", "coordinates": [ 127.7746164, 26.2544192 ] } },
{ "type": "Feature", "properties": { "内容": "指定居宅介護支援事業所OneLink【居宅介護支援】沖縄県中頭郡中城村字北浜363番地1", "url": "https://www.kaigokensaku.mhlw.go.jp/47/index.php?action_kouhyou_detail_004_kani=true&JigyosyoCd=4772600351-00&ServiceCd=430&Type=search", "url2": "https://www.gklinkup.com/" }, "geometry": { "type": "Point", "coordinates": [ 127.784184335581955, 26.240169742077807 ] } },
{ "type": "Feature", "properties": { "内容": "ケアプランセンター　あうる【居宅介護支援】沖縄県中頭郡中城村字南上原935番地1みどり荘102号室", "url": "https://www.kaigokensaku.mhlw.go.jp/47/index.php?action_kouhyou_detail_004_kani=true&JigyosyoCd=4772600328-00&ServiceCd=430&Type=search", "url2": "https://www.kc-owl.com" }, "geometry": { "type": "Point", "coordinates": [ 127.7692581, 26.2465641 ] } },
{ "type": "Feature", "properties": { "内容": "居宅介護支援事業所　守礼の里【居宅介護支援】沖縄県中頭郡西原町字掛保久３４６番地", "url": "https://www.kaigokensaku.mhlw.go.jp/47/index.php?action_kouhyou_detail_004_kani=true&JigyosyoCd=4772700011-00&ServiceCd=430&Type=search", "url2": "http://www.shureinosato.com" }, "geometry": { "type": "Point", "coordinates": [ 127.773206399999935, 26.2334658 ] } },
{ "type": "Feature", "properties": { "内容": "居宅介護支援事業所ウェルビー【居宅介護支援】沖縄県中頭郡西原町字安室314番地1", "url": "https://www.kaigokensaku.mhlw.go.jp/47/index.php?action_kouhyou_detail_004_kani=true&JigyosyoCd=4772700151-00&ServiceCd=430&Type=search", "url2": null }, "geometry": { "type": "Point", "coordinates": [ 127.7511531, 26.2207334 ] } },
{ "type": "Feature", "properties": { "内容": "居宅介護支援事業所さねり【居宅介護支援】沖縄県中頭郡西原町字小橋川101番地", "url": "https://www.kaigokensaku.mhlw.go.jp/47/index.php?action_kouhyou_detail_004_kani=true&JigyosyoCd=4772700250-00&ServiceCd=430&Type=search", "url2": "http://hp.kaipoke.biz/hr4/" }, "geometry": { "type": "Point", "coordinates": [ 127.763848755017037, 26.227706703981259 ] } },
{ "type": "Feature", "properties": { "内容": "ケアプランセンター　西原敬愛園【居宅介護支援】沖縄県西原町字徳佐田159-1", "url": "https://www.kaigokensaku.mhlw.go.jp/47/index.php?action_kouhyou_detail_004_kani=true&JigyosyoCd=4751280068-00&ServiceCd=430&Type=search", "url2": "http://keiaien.or.jp" }, "geometry": { "type": "Point", "coordinates": [ 127.7502075, 26.2442283 ] } },
{ "type": "Feature", "properties": { "内容": "なごみ居宅介護支援事業所【居宅介護支援】沖縄県中頭郡西原町字池田７５７番地", "url": "https://www.kaigokensaku.mhlw.go.jp/47/index.php?action_kouhyou_detail_004_kani=true&JigyosyoCd=4772700045-00&ServiceCd=430&Type=search", "url2": "http://www.aiwakai.jp" }, "geometry": { "type": "Point", "coordinates": [ 127.74418360596006, 26.220738833266331 ] } },
{ "type": "Feature", "properties": { "内容": "居宅介護支援事業所　盛楽【居宅介護支援】沖縄県中頭郡西原町上原1丁目11番地の４", "url": "https://www.kaigokensaku.mhlw.go.jp/47/index.php?action_kouhyou_detail_004_kani=true&JigyosyoCd=4772700086-00&ServiceCd=430&Type=search", "url2": "https://seiras.jp" }, "geometry": { "type": "Point", "coordinates": [ 127.759237044133002, 26.239123613381764 ] } },
{ "type": "Feature", "properties": { "内容": "ケアプランステーション　きずな【居宅介護支援】沖縄県西原町我謝776-5住宅型有料老人ホームきずな", "url": "https://www.kaigokensaku.mhlw.go.jp/47/index.php?action_kouhyou_detail_004_kani=true&JigyosyoCd=4772700235-00&ServiceCd=430&Type=search", "url2": "http://caresupport-kizuna.com/" }, "geometry": { "type": "Point", "coordinates": [ 127.7628833, 26.2122567 ] } },
{ "type": "Feature", "properties": { "内容": "ケアプランセンターはーとらいふ【居宅介護支援】沖縄県中頭郡西原町字小那覇1606番地住宅型有料老人ホームはーとらいふ１F", "url": "https://www.kaigokensaku.mhlw.go.jp/47/index.php?action_kouhyou_detail_004_kani=true&JigyosyoCd=4772700185-00&ServiceCd=430&Type=search", "url2": "https://www.heartlife.or.jp/care/" }, "geometry": { "type": "Point", "coordinates": [ 127.772666921530558, 26.237469025742737 ] } },
{ "type": "Feature", "properties": { "内容": "介護計画相談所さとうきび【居宅介護支援】沖縄県中頭郡西原町津花波150-2コーポはな1F", "url": "https://www.kaigokensaku.mhlw.go.jp/47/index.php?action_kouhyou_detail_004_kani=true&JigyosyoCd=4772700094-00&ServiceCd=430&Type=search", "url2": null }, "geometry": { "type": "Point", "coordinates": [ 127.748969200000033, 26.2331656 ] } },
{ "type": "Feature", "properties": { "内容": "ケアプランセンターにしばる【居宅介護支援】沖縄県中頭郡西原町字小橋川265-7崎原アパート203号室", "url": "https://www.kaigokensaku.mhlw.go.jp/47/index.php?action_kouhyou_detail_004_kani=true&JigyosyoCd=4772700433-00&ServiceCd=430&Type=search", "url2": "https://sites.google.com/view/godokohama/home" }, "geometry": { "type": "Point", "coordinates": [ 127.7605747, 26.234061 ] } },
{ "type": "Feature", "properties": { "内容": "ケアプランひかり【居宅介護支援】沖縄県島尻郡与那原町字与那原１１４５番地２", "url": "https://www.kaigokensaku.mhlw.go.jp/47/index.php?action_kouhyou_detail_004_kani=true&JigyosyoCd=4773400116-00&ServiceCd=430&Type=search", "url2": null }, "geometry": { "type": "Point", "coordinates": [ 127.759910399999967, 26.2123987 ] } },
{ "type": "Feature", "properties": { "内容": "ケアプランセンターうみちか【居宅介護支援】沖縄県島尻郡与那原町字東浜17-16", "url": "https://www.kaigokensaku.mhlw.go.jp/47/index.php?action_kouhyou_detail_004_kani=true&JigyosyoCd=4773400272-00&ServiceCd=430&Type=search", "url2": null }, "geometry": { "type": "Point", "coordinates": [ 127.7618754, 26.2073294 ] } },
{ "type": "Feature", "properties": { "内容": "居宅介護支援サービスふくよか【居宅介護支援】沖縄県島尻郡与那原町字与那原479番地", "url": "https://www.kaigokensaku.mhlw.go.jp/47/index.php?action_kouhyou_detail_004_kani=true&JigyosyoCd=4773400058-00&ServiceCd=430&Type=search", "url2": "http://www." }, "geometry": { "type": "Point", "coordinates": [ 127.757287099999985, 26.202027 ] } },
{ "type": "Feature", "properties": { "内容": "居宅介護支援センター　うりずん【居宅介護支援】沖縄県島尻郡与那原町字板良敷1281番地-1", "url": "https://www.kaigokensaku.mhlw.go.jp/47/index.php?action_kouhyou_detail_004_kani=true&JigyosyoCd=4751380108-00&ServiceCd=430&Type=search", "url2": "http://www.urizunroken.jp/" }, "geometry": { "type": "Point", "coordinates": [ 127.7698563, 26.1907478 ] } },
{ "type": "Feature", "properties": { "内容": "ほがらか居宅介護支援事業所【居宅介護支援】与那原町字与那原2916-1　4F有料老人ホームほがらか苑おおみたけ　4階", "url": "https://www.kaigokensaku.mhlw.go.jp/47/index.php?action_kouhyou_detail_004_kani=true&JigyosyoCd=4773400199-00&ServiceCd=430&Type=search", "url2": "https://hogarakagroup.jp/" }, "geometry": { "type": "Point", "coordinates": [ 127.74978677545424, 26.202347538202588 ] } },
{ "type": "Feature", "properties": { "内容": "日の出園ケアプランセンター【居宅介護支援】沖縄県島尻郡与那原町字与那原3782番地の1", "url": "https://www.kaigokensaku.mhlw.go.jp/47/index.php?action_kouhyou_detail_004_kani=true&JigyosyoCd=4773400132-00&ServiceCd=430&Type=search", "url2": "http://www.nantoukai.com" }, "geometry": { "type": "Point", "coordinates": [ 127.763573, 26.1977359 ] } },
{ "type": "Feature", "properties": { "内容": "医療法人　和の会　与那原在宅ケアセンター　居宅介護支援事業所【居宅介護支援】沖縄県島尻郡与那原町字与那原１７９２番地１", "url": "https://www.kaigokensaku.mhlw.go.jp/47/index.php?action_kouhyou_detail_004_kani=true&JigyosyoCd=4773400108-00&ServiceCd=430&Type=search", "url2": "http://www.ycb.or.jp/" }, "geometry": { "type": "Point", "coordinates": [ 127.753328799999963, 26.206257 ] } },
{ "type": "Feature", "properties": { "内容": "合同会社ケアプランえみま【居宅介護支援】沖縄県島尻郡与那原町字与那原3083番地1-1階", "url": "https://www.kaigokensaku.mhlw.go.jp/47/index.php?action_kouhyou_detail_004_kani=true&JigyosyoCd=4773400348-00&ServiceCd=430&Type=search", "url2": "https://emimatiikihassin.wixsite.com/emima" }, "geometry": { "type": "Point", "coordinates": [ 127.754298350926206, 26.201221256971813 ] } },
{ "type": "Feature", "properties": { "内容": "あい　介護センター【居宅介護支援】沖縄県南風原町字津嘉山1114-1", "url": "https://www.kaigokensaku.mhlw.go.jp/47/index.php?action_kouhyou_detail_004_kani=true&JigyosyoCd=4773600079-00&ServiceCd=430&Type=search", "url2": "http://www." }, "geometry": { "type": "Point", "coordinates": [ 127.718546599999954, 26.1938657 ] } },
{ "type": "Feature", "properties": { "内容": "ふたば　ケアプランセンター【居宅介護支援】沖縄県島尻郡南風原町字兼城274番地の1", "url": "https://www.kaigokensaku.mhlw.go.jp/47/index.php?action_kouhyou_detail_004_kani=true&JigyosyoCd=4761390105-00&ServiceCd=430&Type=search", "url2": "http://www.futaba.okinawa/index.php" }, "geometry": { "type": "Point", "coordinates": [ 127.729476, 26.196799 ] } },
{ "type": "Feature", "properties": { "内容": "あいけい居宅介護支援事業所【居宅介護支援】沖縄県島尻郡南風原町字兼城214-2", "url": "https://www.kaigokensaku.mhlw.go.jp/47/index.php?action_kouhyou_detail_004_kani=true&JigyosyoCd=4773600368-00&ServiceCd=430&Type=search", "url2": null }, "geometry": { "type": "Point", "coordinates": [ 127.726292899999962, 26.1967045 ] } },
{ "type": "Feature", "properties": { "内容": "居宅介護支援事業所　カインド【居宅介護支援】沖縄県島尻郡南風原町字津嘉山1315-1カノンビル2階", "url": "https://www.kaigokensaku.mhlw.go.jp/47/index.php?action_kouhyou_detail_004_kani=true&JigyosyoCd=4773600459-00&ServiceCd=430&Type=search", "url2": null }, "geometry": { "type": "Point", "coordinates": [ 127.712849206745915, 26.194121243247483 ] } },
{ "type": "Feature", "properties": { "内容": "ケアセンター野の花【居宅介護支援】沖縄県島尻郡南風原町字兼城２６３番地の２３", "url": "https://www.kaigokensaku.mhlw.go.jp/47/index.php?action_kouhyou_detail_004_kani=true&JigyosyoCd=4773600137-00&ServiceCd=430&Type=search", "url2": "http://www." }, "geometry": { "type": "Point", "coordinates": [ 127.72965929999998, 26.1965768 ] } },
{ "type": "Feature", "properties": { "内容": "沖縄第一病院指定居宅介護支援事業所【居宅介護支援】沖縄県南風原町字兼城642-1", "url": "https://www.kaigokensaku.mhlw.go.jp/47/index.php?action_kouhyou_detail_004_kani=true&JigyosyoCd=4712310673-00&ServiceCd=430&Type=search", "url2": null }, "geometry": { "type": "Point", "coordinates": [ 127.725995799999964, 26.1949075 ] } },
{ "type": "Feature", "properties": { "内容": "居宅介護支援センター「とき」【居宅介護支援】沖縄県島尻郡南風原町字宮平４２６番地１９", "url": "https://www.kaigokensaku.mhlw.go.jp/47/index.php?action_kouhyou_detail_004_kani=true&JigyosyoCd=4773600152-00&ServiceCd=430&Type=search", "url2": "http://www.toki-kaigo.com/" }, "geometry": { "type": "Point", "coordinates": [ 127.730325399999955, 26.2057036 ] } },
{ "type": "Feature", "properties": { "内容": "指定居宅介護支援事業所　マイプラン【居宅介護支援】沖縄県島尻郡南風原字宮平399番地7", "url": "https://www.kaigokensaku.mhlw.go.jp/47/index.php?action_kouhyou_detail_004_kani=true&JigyosyoCd=4773600608-00&ServiceCd=430&Type=search", "url2": "https://my-plan.jimdosite.com/" }, "geometry": { "type": "Point", "coordinates": [ 127.731968973016322, 26.204518543028239 ] } },
{ "type": "Feature", "properties": { "内容": "介護相談　まはろ【居宅介護支援】沖縄県南風原町字与那覇501-2", "url": "https://www.kaigokensaku.mhlw.go.jp/47/index.php?action_kouhyou_detail_004_kani=true&JigyosyoCd=4773600483-00&ServiceCd=430&Type=search", "url2": null }, "geometry": { "type": "Point", "coordinates": [ 127.743388, 26.2003889 ] } },
{ "type": "Feature", "properties": { "内容": "居宅介護支援センター幸笑南部【居宅介護支援】沖縄県南風原町山川316番地南星マンション202号", "url": "https://www.kaigokensaku.mhlw.go.jp/47/index.php?action_kouhyou_detail_004_kani=true&JigyosyoCd=4773600541-00&ServiceCd=430&Type=search", "url2": null }, "geometry": { "type": "Point", "coordinates": [ 127.7196036, 26.1789666 ] } },
{ "type": "Feature", "properties": { "内容": "居宅介護支援事業所はえばる【居宅介護支援】沖縄県島尻郡南風原町字新川272-17", "url": "https://www.kaigokensaku.mhlw.go.jp/47/index.php?action_kouhyou_detail_004_kani=true&JigyosyoCd=4761390030-00&ServiceCd=430&Type=search", "url2": "http://www.oki-kango.or.jp/" }, "geometry": { "type": "Point", "coordinates": [ 127.726020896511884, 26.206561369789114 ] } },
{ "type": "Feature", "properties": { "内容": "嬉の里　指定居宅介護支援事業所【居宅介護支援】沖縄県島尻郡南風原町字新川538番地", "url": "https://www.kaigokensaku.mhlw.go.jp/47/index.php?action_kouhyou_detail_004_kani=true&JigyosyoCd=4773600012-00&ServiceCd=430&Type=search", "url2": "https://www.chihirokai.or.jp/" }, "geometry": { "type": "Point", "coordinates": [ 127.732154019780864, 26.211647382388342 ] } },
{ "type": "Feature", "properties": { "内容": "居宅介護支援　はっぴー【居宅介護支援】沖縄県南風原町字照屋299番地1桃テラス102号", "url": "https://www.kaigokensaku.mhlw.go.jp/47/index.php?action_kouhyou_detail_004_kani=true&JigyosyoCd=4773600087-00&ServiceCd=430&Type=search", "url2": "https://www.happy-fukushi.okinawa" }, "geometry": { "type": "Point", "coordinates": [ 127.725862128389039, 26.182068969291912 ] } },
{ "type": "Feature", "properties": { "内容": "ケアプランセンターｔｒｕｓｔ【居宅介護支援】沖縄県島尻郡南風原町字兼城546‐3東宝ビル31・101号室", "url": "https://www.kaigokensaku.mhlw.go.jp/47/index.php?action_kouhyou_detail_004_kani=true&JigyosyoCd=4773600566-00&ServiceCd=430&Type=search", "url2": null }, "geometry": { "type": "Point", "coordinates": [ 127.720627, 26.1942116 ] } },
{ "type": "Feature", "properties": { "内容": "伊平屋村指定居宅介護支援事業所【居宅介護支援】沖縄県島尻郡伊平屋村字我喜屋３００番地伊平屋村生活支援ハウス内", "url": "https://www.kaigokensaku.mhlw.go.jp/47/index.php?action_kouhyou_detail_004_kani=true&JigyosyoCd=4774500013-00&ServiceCd=430&Type=search", "url2": "http://iheyashakyo.com" }, "geometry": { "type": "Point", "coordinates": [ 127.965649499999927, 27.038723900000019 ] } },
{ "type": "Feature", "properties": { "内容": "居宅介護支援事業所チヂン園【居宅介護支援】沖縄県島尻郡伊是名村字仲田1687-51", "url": "https://www.kaigokensaku.mhlw.go.jp/47/index.php?action_kouhyou_detail_004_kani=true&JigyosyoCd=4774600011-00&ServiceCd=430&Type=search", "url2": "http://www.chijinen.com" }, "geometry": { "type": "Point", "coordinates": [ 127.943634, 26.9223664 ] } },
{ "type": "Feature", "properties": { "内容": "居宅介護支援事業所わかみず【居宅介護支援】沖縄県島尻郡久米島町字仲泊587番地久米島町地域福祉センター", "url": "https://www.kaigokensaku.mhlw.go.jp/47/index.php?action_kouhyou_detail_004_kani=true&JigyosyoCd=4773800018-00&ServiceCd=430&Type=search", "url2": "http://www." }, "geometry": { "type": "Point", "coordinates": [ 126.746923133729496, 26.347371654134808 ] } },
{ "type": "Feature", "properties": { "内容": "居宅介護支援事業所　くめしま【居宅介護支援】沖縄県島尻郡久米島町兼城1464番地5", "url": "https://www.kaigokensaku.mhlw.go.jp/47/index.php?action_kouhyou_detail_004_kani=true&JigyosyoCd=4773800026-00&ServiceCd=430&Type=search", "url2": "https://kyusenkaikumeshima.wixsite.com/kyusenkai" }, "geometry": { "type": "Point", "coordinates": [ 126.7641714, 26.3545801 ] } },
{ "type": "Feature", "properties": { "内容": "居宅介護支援事業所　球美の杜【居宅介護支援】沖縄県島尻郡久米島町字嘉手苅533番地の１", "url": "https://www.kaigokensaku.mhlw.go.jp/47/index.php?action_kouhyou_detail_004_kani=true&JigyosyoCd=4775800057-00&ServiceCd=430&Type=search", "url2": null }, "geometry": { "type": "Point", "coordinates": [ 126.7635093, 26.3413419 ] } },
{ "type": "Feature", "properties": { "内容": "愛の郷居宅介護支援センター【居宅介護支援】沖縄県島尻郡八重瀬町字仲座1074番地の2", "url": "https://www.kaigokensaku.mhlw.go.jp/47/index.php?action_kouhyou_detail_004_kani=true&JigyosyoCd=4775700141-00&ServiceCd=430&Type=search", "url2": null }, "geometry": { "type": "Point", "coordinates": [ 127.716954799999939, 26.1159335 ] } },
{ "type": "Feature", "properties": { "内容": "イリーゼ八重瀬居宅支援事業所【居宅介護支援】沖縄県島尻郡八重瀬町字長毛159-1", "url": "https://www.kaigokensaku.mhlw.go.jp/47/index.php?action_kouhyou_detail_004_kani=true&JigyosyoCd=4775700109-00&ServiceCd=430&Type=search", "url2": "http：//www.irs/jp//facility/yaese" }, "geometry": { "type": "Point", "coordinates": [ -110.6400264, 32.7189634 ] } },
{ "type": "Feature", "properties": { "内容": "指定居宅介護支援事業所　東風の里【居宅介護支援】沖縄県八重瀬町字友寄891番地の1", "url": "https://www.kaigokensaku.mhlw.go.jp/47/index.php?action_kouhyou_detail_004_kani=true&JigyosyoCd=4751380058-00&ServiceCd=430&Type=search", "url2": "http://www.nanbu.okinawa.med.or.jp/kotinosat" }, "geometry": { "type": "Point", "coordinates": [ 127.725514, 26.1696798 ] } },
{ "type": "Feature", "properties": { "内容": "指定居宅介護支援事業所東風平第一【居宅介護支援】八重瀬町字友寄４２番地", "url": "https://www.kaigokensaku.mhlw.go.jp/47/index.php?action_kouhyou_detail_004_kani=true&JigyosyoCd=4755780014-00&ServiceCd=430&Type=search", "url2": null }, "geometry": { "type": "Point", "coordinates": [ 127.721067299999959, 26.1703214 ] } },
{ "type": "Feature", "properties": { "内容": "介護の相談窓口　すずかぜ【居宅介護支援】沖縄県八重瀬町字東風平1207番地1", "url": "https://www.kaigokensaku.mhlw.go.jp/47/index.php?action_kouhyou_detail_004_kani=true&JigyosyoCd=4775700190-00&ServiceCd=430&Type=search", "url2": "なし" }, "geometry": { "type": "Point", "coordinates": [ 127.7197808, 26.151363 ] } },
{ "type": "Feature", "properties": { "内容": "ときわ苑指定居宅介護支援センター【居宅介護支援】沖縄県島尻郡八重瀬町字当銘３７８番地１", "url": "https://www.kaigokensaku.mhlw.go.jp/47/index.php?action_kouhyou_detail_004_kani=true&JigyosyoCd=4772900017-00&ServiceCd=430&Type=search", "url2": "http://www.tokiwaen.or.jp" }, "geometry": { "type": "Point", "coordinates": [ 127.6987229, 26.1516441 ] } },
{ "type": "Feature", "properties": { "内容": "転生園指定居宅介護支援事業所【居宅介護支援】沖縄県島尻郡八重瀬町字安里670番地", "url": "https://www.kaigokensaku.mhlw.go.jp/47/index.php?action_kouhyou_detail_004_kani=true&JigyosyoCd=4773000015-00&ServiceCd=430&Type=search", "url2": "http://www.tenshoen.or.jp" }, "geometry": { "type": "Point", "coordinates": [ 127.728017599999916, 26.1226276 ] } },
{ "type": "Feature", "properties": { "内容": "南部徳洲会病院指定居宅介護支援事業所【居宅介護支援】沖縄県島尻郡八重瀬町字外間80番地", "url": "https://www.kaigokensaku.mhlw.go.jp/47/index.php?action_kouhyou_detail_004_kani=true&JigyosyoCd=4775700182-00&ServiceCd=430&Type=search", "url2": "http://www.nantoku.org" }, "geometry": { "type": "Point", "coordinates": [ 127.7144541, 26.1778666 ] } },
{ "type": "Feature", "properties": { "内容": "有限会社　あしみじ【居宅介護支援】沖縄県島尻郡八重瀬町具志頭1099-1", "url": "https://www.kaigokensaku.mhlw.go.jp/47/index.php?action_kouhyou_detail_004_kani=true&JigyosyoCd=4773000049-00&ServiceCd=430&Type=search", "url2": null }, "geometry": { "type": "Point", "coordinates": [ 127.7511067, 26.1275725 ] } },
{ "type": "Feature", "properties": { "内容": "ケアプランやえせ【居宅介護支援】字小城469-12", "url": "https://www.kaigokensaku.mhlw.go.jp/47/index.php?action_kouhyou_detail_004_kani=true&JigyosyoCd=4775700232-00&ServiceCd=430&Type=search", "url2": null }, "geometry": { "type": "Point", "coordinates": [ 127.7038305, 26.1562426 ] } },
{ "type": "Feature", "properties": { "内容": "多良間村社協指定居宅介護支援事業所【居宅介護支援】沖縄県宮古郡多良間村字仲筋160番地", "url": "https://www.kaigokensaku.mhlw.go.jp/47/index.php?action_kouhyou_detail_004_kani=true&JigyosyoCd=4775100011-00&ServiceCd=430&Type=search", "url2": "http://www." }, "geometry": { "type": "Point", "coordinates": [ 124.6996698, 24.667409600000013 ] } }
]
}
