{
"type": "FeatureCollection",
"name": "geo_47_2",
"crs": { "type": "name", "properties": { "name": "urn:ogc:def:crs:OGC:1.3:CRS84" } },
"features": [
{ "type": "Feature", "properties": { "ID": "4720911084", "正式名称": "医療法人　樫の会　新垣耳鼻咽喉科", "機関区分": 2, "都道府県コード": 47, "市区町村コード": 209, "所在地": "沖縄県名護市宮里４５３－７大宮ビル４階", "緯度": 26.593642, "経度": 127.966167, "url": "https://www.iryou.teikyouseido.mhlw.go.jp/znk-web/juminkanja/S2430/initialize?prefCd=47&kikanCd=0911084&kikanKbn=2", "url2": null, "内容": "医療法人　樫の会　新垣耳鼻咽喉科【2:診療所】【診療科目:耳鼻いんこう科】沖縄県名護市宮里４５３－７大宮ビル４階" }, "geometry": { "type": "Point", "coordinates": [ 127.966167, 26.593642 ] } },
{ "type": "Feature", "properties": { "ID": "472107", "正式名称": "内科小児科なかざとクリニック", "機関区分": 2, "都道府県コード": 47, "市区町村コード": 208, "所在地": "沖縄県浦添市城間３－２－２", "緯度": 26.256011, "経度": 127.713256, "url": "https://www.iryou.teikyouseido.mhlw.go.jp/znk-web/juminkanja/S2430/initialize?prefCd=47&kikanCd=107&kikanKbn=2", "url2": null, "内容": "内科小児科なかざとクリニック【2:診療所】【診療科目:内科_循環器内科_小児科】沖縄県浦添市城間３－２－２" }, "geometry": { "type": "Point", "coordinates": [ 127.713256, 26.256011 ] } },
{ "type": "Feature", "properties": { "ID": "472111", "正式名称": "新里眼科医院", "機関区分": 2, "都道府県コード": 47, "市区町村コード": 208, "所在地": "沖縄県浦添市宮城５ー７ー５", "緯度": 26.245365, "経度": 127.70676, "url": "https://www.iryou.teikyouseido.mhlw.go.jp/znk-web/juminkanja/S2430/initialize?prefCd=47&kikanCd=111&kikanKbn=2", "url2": null, "内容": "新里眼科医院【2:診療所】【診療科目:眼科】沖縄県浦添市宮城５ー７ー５" }, "geometry": { "type": "Point", "coordinates": [ 127.70676, 26.245365 ] } },
{ "type": "Feature", "properties": { "ID": "472123", "正式名称": "松原クリニック", "機関区分": 2, "都道府県コード": 47, "市区町村コード": 314, "所在地": "沖縄県国頭郡金武町金武４２３１番地", "緯度": 26.45144, "経度": 127.914301, "url": "https://www.iryou.teikyouseido.mhlw.go.jp/znk-web/juminkanja/S2430/initialize?prefCd=47&kikanCd=123&kikanKbn=2", "url2": "https://www.matsubara.or.jp/pages/74/", "内容": "松原クリニック【2:診療所】【診療科目:内科_小児科_皮膚科_精神科_心療内科】沖縄県国頭郡金武町金武４２３１番地" }, "geometry": { "type": "Point", "coordinates": [ 127.914301, 26.45144 ] } },
{ "type": "Feature", "properties": { "ID": "472140", "正式名称": "首里城下町クリニック第一", "機関区分": 2, "都道府県コード": 47, "市区町村コード": 201, "所在地": "沖縄県那覇市松川３丁目１８番３０号", "緯度": 26.215951, "経度": 127.710229, "url": "https://www.iryou.teikyouseido.mhlw.go.jp/znk-web/juminkanja/S2430/initialize?prefCd=47&kikanCd=140&kikanKbn=2", "url2": "http://www.shuri-jc.jp", "内容": "首里城下町クリニック第一【2:診療所】【診療科目:内科_糖尿病・内分泌内科_循環器内科_腎臓内科_リウマチ科】沖縄県那覇市松川３丁目１８番３０号" }, "geometry": { "type": "Point", "coordinates": [ 127.710229, 26.215951 ] } },
{ "type": "Feature", "properties": { "ID": "472142", "正式名称": "きなクリニック", "機関区分": 2, "都道府県コード": 47, "市区町村コード": 201, "所在地": "沖縄県那覇市首里儀保町　１－２６－３", "緯度": 26.224436, "経度": 127.718742, "url": "https://www.iryou.teikyouseido.mhlw.go.jp/znk-web/juminkanja/S2430/initialize?prefCd=47&kikanCd=142&kikanKbn=2", "url2": "http://www.kina-clinic.jp", "内容": "きなクリニック【2:診療所】【診療科目:内科_糖尿病・内分泌内科_糖尿病・代謝内科_呼吸器内科_循環器内科_消化器内科_胃腸内科_老年内科_緩和ケア内科_外科_大腸・肛門外科】沖縄県那覇市首里儀保町　１－２６－３" }, "geometry": { "type": "Point", "coordinates": [ 127.718742, 26.224436 ] } },
{ "type": "Feature", "properties": { "ID": "472157", "正式名称": "みどり町眼科", "機関区分": 2, "都道府県コード": 47, "市区町村コード": 213, "所在地": "沖縄県うるま市みどり町　４－１４－７　コーポ仲宗根", "緯度": 26.352614, "経度": 127.846006, "url": "https://www.iryou.teikyouseido.mhlw.go.jp/znk-web/juminkanja/S2430/initialize?prefCd=47&kikanCd=157&kikanKbn=2", "url2": null, "内容": "みどり町眼科【2:診療所】【診療科目:眼科】沖縄県うるま市みどり町　４－１４－７　コーポ仲宗根" }, "geometry": { "type": "Point", "coordinates": [ 127.846006, 26.352614 ] } },
{ "type": "Feature", "properties": { "ID": "472159", "正式名称": "大嶺医院", "機関区分": 2, "都道府県コード": 47, "市区町村コード": 213, "所在地": "沖縄県うるま市田場１４１７", "緯度": 26.368451, "経度": 127.859049, "url": "https://www.iryou.teikyouseido.mhlw.go.jp/znk-web/juminkanja/S2430/initialize?prefCd=47&kikanCd=159&kikanKbn=2", "url2": null, "内容": "大嶺医院【2:診療所】【診療科目:内科_小児科_皮膚科】沖縄県うるま市田場１４１７" }, "geometry": { "type": "Point", "coordinates": [ 127.859049, 26.368451 ] } },
{ "type": "Feature", "properties": { "ID": "472161", "正式名称": "中山内科医院", "機関区分": 2, "都道府県コード": 47, "市区町村コード": 213, "所在地": "沖縄県うるま市字赤道２６０－７", "緯度": 26.355969, "経度": 127.830342, "url": "https://www.iryou.teikyouseido.mhlw.go.jp/znk-web/juminkanja/S2430/initialize?prefCd=47&kikanCd=161&kikanKbn=2", "url2": "https://nakayamanaika-clinic.com/", "内容": "中山内科医院【2:診療所】【診療科目:内科_小児科_皮膚科】沖縄県うるま市字赤道２６０－７" }, "geometry": { "type": "Point", "coordinates": [ 127.830342, 26.355969 ] } },
{ "type": "Feature", "properties": { "ID": "472168", "正式名称": "川根内科外科", "機関区分": 2, "都道府県コード": 47, "市区町村コード": 213, "所在地": "沖縄県うるま市みどり町４－２－２９", "緯度": 26.378372, "経度": 127.856834, "url": "https://www.iryou.teikyouseido.mhlw.go.jp/znk-web/juminkanja/S2430/initialize?prefCd=47&kikanCd=168&kikanKbn=2", "url2": "https://www.kawane-kekkan.com", "内容": "川根内科外科【2:診療所】【診療科目:内科_糖尿病・代謝内科_循環器内科_消化器内科_腎臓内科_人工透析内科_外科_血管外科】沖縄県うるま市みどり町４－２－２９" }, "geometry": { "type": "Point", "coordinates": [ 127.856834, 26.378372 ] } },
{ "type": "Feature", "properties": { "ID": "472171", "正式名称": "みどり町クリニック", "機関区分": 2, "都道府県コード": 47, "市区町村コード": 213, "所在地": "沖縄県うるま市みどり町五丁目２７番地２号", "緯度": 26.37827, "経度": 127.85156, "url": "https://www.iryou.teikyouseido.mhlw.go.jp/znk-web/juminkanja/S2430/initialize?prefCd=47&kikanCd=171&kikanKbn=2", "url2": null, "内容": "みどり町クリニック【2:診療所】【診療科目:内科_小児科】沖縄県うるま市みどり町五丁目２７番地２号" }, "geometry": { "type": "Point", "coordinates": [ 127.85156, 26.37827 ] } },
{ "type": "Feature", "properties": { "ID": "472179", "正式名称": "ファミリークリニックきたなかぐすく", "機関区分": 2, "都道府県コード": 47, "市区町村コード": 327, "所在地": "沖縄県中頭郡北中城村喜舎場３６０番地１", "緯度": 26.332831, "経度": 127.798092, "url": "https://www.iryou.teikyouseido.mhlw.go.jp/znk-web/juminkanja/S2430/initialize?prefCd=47&kikanCd=179&kikanKbn=2", "url2": "http://www.agape-wakamatsu.or.jp/", "内容": "ファミリークリニックきたなかぐすく【2:診療所】【診療科目:内科_小児科_皮膚科_リハビリテーション科】沖縄県中頭郡北中城村喜舎場３６０番地１" }, "geometry": { "type": "Point", "coordinates": [ 127.798092, 26.332831 ] } },
{ "type": "Feature", "properties": { "ID": "472180", "正式名称": "のは耳鼻咽喉科", "機関区分": 2, "都道府県コード": 47, "市区町村コード": 201, "所在地": "沖縄県那覇市寄宮１－３１－１５", "緯度": 26.210764, "経度": 127.697517, "url": "https://www.iryou.teikyouseido.mhlw.go.jp/znk-web/juminkanja/S2430/initialize?prefCd=47&kikanCd=180&kikanKbn=2", "url2": null, "内容": "のは耳鼻咽喉科【2:診療所】【診療科目:耳鼻いんこう科】沖縄県那覇市寄宮１－３１－１５" }, "geometry": { "type": "Point", "coordinates": [ 127.697517, 26.210764 ] } },
{ "type": "Feature", "properties": { "ID": "472181", "正式名称": "ぐしかわ皮ふ科", "機関区分": 2, "都道府県コード": 47, "市区町村コード": 213, "所在地": "沖縄県うるま市みどり町４－１９－１", "緯度": 26.375169, "経度": 127.855606, "url": "https://www.iryou.teikyouseido.mhlw.go.jp/znk-web/juminkanja/S2430/initialize?prefCd=47&kikanCd=181&kikanKbn=2", "url2": null, "内容": "ぐしかわ皮ふ科【2:診療所】【診療科目:皮膚科】沖縄県うるま市みどり町４－１９－１" }, "geometry": { "type": "Point", "coordinates": [ 127.855606, 26.375169 ] } },
{ "type": "Feature", "properties": { "ID": "472183", "正式名称": "とくだ心療内科", "機関区分": 2, "都道府県コード": 47, "市区町村コード": 213, "所在地": "沖縄県うるま市江洲５４７番地２", "緯度": 26.332125, "経度": 127.797606, "url": "https://www.iryou.teikyouseido.mhlw.go.jp/znk-web/juminkanja/S2430/initialize?prefCd=47&kikanCd=183&kikanKbn=2", "url2": "https://tokudas.net", "内容": "とくだ心療内科【2:診療所】【診療科目:精神科_心療内科】沖縄県うるま市江洲５４７番地２" }, "geometry": { "type": "Point", "coordinates": [ 127.797606, 26.332125 ] } },
{ "type": "Feature", "properties": { "ID": "472188", "正式名称": "伊禮内科クリニック", "機関区分": 2, "都道府県コード": 47, "市区町村コード": 213, "所在地": "沖縄県うるま市与那城西原７６３－１", "緯度": 26.327031, "経度": 127.883803, "url": "https://www.iryou.teikyouseido.mhlw.go.jp/znk-web/juminkanja/S2430/initialize?prefCd=47&kikanCd=188&kikanKbn=2", "url2": null, "内容": "伊禮内科クリニック【2:診療所】【診療科目:内科_消化器内科】沖縄県うるま市与那城西原７６３－１" }, "geometry": { "type": "Point", "coordinates": [ 127.883803, 26.327031 ] } },
{ "type": "Feature", "properties": { "ID": "472191", "正式名称": "あさと整形クリニック", "機関区分": 2, "都道府県コード": 47, "市区町村コード": 213, "所在地": "沖縄県うるま市石川１－１６ー１６", "緯度": 26.431142, "経度": 127.824902, "url": "https://www.iryou.teikyouseido.mhlw.go.jp/znk-web/juminkanja/S2430/initialize?prefCd=47&kikanCd=191&kikanKbn=2", "url2": null, "内容": "あさと整形クリニック【2:診療所】【診療科目:整形外科】沖縄県うるま市石川１－１６ー１６" }, "geometry": { "type": "Point", "coordinates": [ 127.824902, 26.431142 ] } },
{ "type": "Feature", "properties": { "ID": "472192", "正式名称": "よざ耳鼻咽喉科", "機関区分": 2, "都道府県コード": 47, "市区町村コード": 213, "所在地": "沖縄県うるま市石川２３８１－１", "緯度": 26.434231, "経度": 127.829194, "url": "https://www.iryou.teikyouseido.mhlw.go.jp/znk-web/juminkanja/S2430/initialize?prefCd=47&kikanCd=192&kikanKbn=2", "url2": "https://www.yoza-jibika.com", "内容": "よざ耳鼻咽喉科【2:診療所】【診療科目:耳鼻いんこう科】沖縄県うるま市石川２３８１－１" }, "geometry": { "type": "Point", "coordinates": [ 127.829194, 26.434231 ] } },
{ "type": "Feature", "properties": { "ID": "472200", "正式名称": "山田小児科内科医院", "機関区分": 2, "都道府県コード": 47, "市区町村コード": 213, "所在地": "沖縄県うるま市石川東山１－１９－１１", "緯度": 26.435781, "経度": 127.837914, "url": "https://www.iryou.teikyouseido.mhlw.go.jp/znk-web/juminkanja/S2430/initialize?prefCd=47&kikanCd=200&kikanKbn=2", "url2": null, "内容": "山田小児科内科医院【2:診療所】【診療科目:内科_小児科】沖縄県うるま市石川東山１－１９－１１" }, "geometry": { "type": "Point", "coordinates": [ 127.837914, 26.435781 ] } },
{ "type": "Feature", "properties": { "ID": "472208", "正式名称": "身体障害者療護施設美原の里医務室", "機関区分": 2, "都道府県コード": 47, "市区町村コード": 213, "所在地": "沖縄県うるま市石川東恩納１５１７番地", "緯度": 26.406847, "経度": 127.832292, "url": "https://www.iryou.teikyouseido.mhlw.go.jp/znk-web/juminkanja/S2430/initialize?prefCd=47&kikanCd=208&kikanKbn=2", "url2": null, "内容": "身体障害者療護施設美原の里医務室【2:診療所】【診療科目:内科_精神科】沖縄県うるま市石川東恩納１５１７番地" }, "geometry": { "type": "Point", "coordinates": [ 127.832292, 26.406847 ] } },
{ "type": "Feature", "properties": { "ID": "4722141", "正式名称": "原皮フ科", "機関区分": 2, "都道府県コード": 47, "市区町村コード": 214, "所在地": "沖縄県宮古島市下地上地", "緯度": 24.748756, "経度": 125.27726, "url": "https://www.iryou.teikyouseido.mhlw.go.jp/znk-web/juminkanja/S2430/initialize?prefCd=47&kikanCd=2141&kikanKbn=2", "url2": "http://www.hara-hifuka.jp", "内容": "原皮フ科【2:診療所】【診療科目:皮膚科】沖縄県宮古島市下地上地" }, "geometry": { "type": "Point", "coordinates": [ 125.27726, 24.748756 ] } },
{ "type": "Feature", "properties": { "ID": "4722176", "正式名称": "かなさん内科リハビリクリニック", "機関区分": 2, "都道府県コード": 47, "市区町村コード": 324, "所在地": "沖縄県中頭郡読谷村大湾９６番地１", "緯度": 26.374643, "経度": 127.756983, "url": "https://www.iryou.teikyouseido.mhlw.go.jp/znk-web/juminkanja/S2430/initialize?prefCd=47&kikanCd=2176&kikanKbn=2", "url2": null, "内容": "かなさん内科リハビリクリニック【2:診療所】【診療科目:内科_脳神経内科_リハビリテーション科】沖縄県中頭郡読谷村大湾９６番地１" }, "geometry": { "type": "Point", "coordinates": [ 127.756983, 26.374643 ] } },
{ "type": "Feature", "properties": { "ID": "4722177", "正式名称": "医療法人惠泰会　もりなが内科・小児科クリニック", "機関区分": 2, "都道府県コード": 47, "市区町村コード": 326, "所在地": "沖縄県中頭郡北谷町美浜２－７－７", "緯度": 26.319502, "経度": 127.758611, "url": "https://www.iryou.teikyouseido.mhlw.go.jp/znk-web/juminkanja/S2430/initialize?prefCd=47&kikanCd=2177&kikanKbn=2", "url2": "http://morinaga.okinawa/", "内容": "医療法人惠泰会　もりなが内科・小児科クリニック【2:診療所】【診療科目:内科_小児科_皮膚科】沖縄県中頭郡北谷町美浜２－７－７" }, "geometry": { "type": "Point", "coordinates": [ 127.758611, 26.319502 ] } },
{ "type": "Feature", "properties": { "ID": "4722194", "正式名称": "おくまクリニック", "機関区分": 2, "都道府県コード": 47, "市区町村コード": 314, "所在地": "沖縄県国頭郡金武町金武４７９０－１", "緯度": 26.454683, "経度": 127.920456, "url": "https://www.iryou.teikyouseido.mhlw.go.jp/znk-web/juminkanja/S2430/initialize?prefCd=47&kikanCd=2194&kikanKbn=2", "url2": "http://www.okumacl.jp", "内容": "おくまクリニック【2:診療所】【診療科目:内科_小児科】沖縄県国頭郡金武町金武４７９０－１" }, "geometry": { "type": "Point", "coordinates": [ 127.920456, 26.454683 ] } },
{ "type": "Feature", "properties": { "ID": "4722212", "正式名称": "まみ皮フ科クリニック", "機関区分": 2, "都道府県コード": 47, "市区町村コード": 205, "所在地": "沖縄県宜野湾市嘉数２－２－１　広栄メディカルビル２Ｆ", "緯度": 26.254339, "経度": 127.734614, "url": "https://www.iryou.teikyouseido.mhlw.go.jp/znk-web/juminkanja/S2430/initialize?prefCd=47&kikanCd=2212&kikanKbn=2", "url2": "http://www.mami-clinic.com/", "内容": "まみ皮フ科クリニック【2:診療所】【診療科目:皮膚科】沖縄県宜野湾市嘉数２－２－１　広栄メディカルビル２Ｆ" }, "geometry": { "type": "Point", "coordinates": [ 127.734614, 26.254339 ] } },
{ "type": "Feature", "properties": { "ID": "472224", "正式名称": "伊集内科医院", "機関区分": 2, "都道府県コード": 47, "市区町村コード": 201, "所在地": "沖縄県那覇市久米２－１０－１５", "緯度": 26.215864, "経度": 127.674981, "url": "https://www.iryou.teikyouseido.mhlw.go.jp/znk-web/juminkanja/S2430/initialize?prefCd=47&kikanCd=224&kikanKbn=2", "url2": null, "内容": "伊集内科医院【2:診療所】【診療科目:内科】沖縄県那覇市久米２－１０－１５" }, "geometry": { "type": "Point", "coordinates": [ 127.674981, 26.215864 ] } },
{ "type": "Feature", "properties": { "ID": "4722243", "正式名称": "今井内科医院", "機関区分": 2, "都道府県コード": 47, "市区町村コード": 328, "所在地": "沖縄県中頭郡中城村南上原６２０番地１の３３街区５画地", "緯度": 26.250921, "経度": 127.774062, "url": "https://www.iryou.teikyouseido.mhlw.go.jp/znk-web/juminkanja/S2430/initialize?prefCd=47&kikanCd=2243&kikanKbn=2", "url2": "http://imainaika.sakura.ne.jp/", "内容": "今井内科医院【2:診療所】【診療科目:内科_循環器内科】沖縄県中頭郡中城村南上原６２０番地１の３３街区５画地" }, "geometry": { "type": "Point", "coordinates": [ 127.774062, 26.250921 ] } },
{ "type": "Feature", "properties": { "ID": "4722253", "正式名称": "ロクト整形Ｊ２", "機関区分": 2, "都道府県コード": 47, "市区町村コード": 325, "所在地": "沖縄県中頭郡嘉手納町字屋良１０６３－１", "緯度": 26.367006, "経度": 127.773036, "url": "https://www.iryou.teikyouseido.mhlw.go.jp/znk-web/juminkanja/S2430/initialize?prefCd=47&kikanCd=2253&kikanKbn=2", "url2": "http://www.rokuto.com", "内容": "ロクト整形Ｊ２【2:診療所】【診療科目:整形外科_リハビリテーション科】沖縄県中頭郡嘉手納町字屋良１０６３－１" }, "geometry": { "type": "Point", "coordinates": [ 127.773036, 26.367006 ] } },
{ "type": "Feature", "properties": { "ID": "4722256", "正式名称": "ひがハートクリニック", "機関区分": 2, "都道府県コード": 47, "市区町村コード": 208, "所在地": "沖縄県浦添市港川２－２３－２", "緯度": 26.263999, "経度": 127.717842, "url": "https://www.iryou.teikyouseido.mhlw.go.jp/znk-web/juminkanja/S2430/initialize?prefCd=47&kikanCd=2256&kikanKbn=2", "url2": null, "内容": "ひがハートクリニック【2:診療所】【診療科目:内科_循環器内科】沖縄県浦添市港川２－２３－２" }, "geometry": { "type": "Point", "coordinates": [ 127.717842, 26.263999 ] } },
{ "type": "Feature", "properties": { "ID": "4722257", "正式名称": "医療法人徳洲会　新都心クリニック", "機関区分": 2, "都道府県コード": 47, "市区町村コード": 201, "所在地": "沖縄県那覇市銘苅２丁目２番１号", "緯度": 26.229694, "経度": 127.697316, "url": "https://www.iryou.teikyouseido.mhlw.go.jp/znk-web/juminkanja/S2430/initialize?prefCd=47&kikanCd=2257&kikanKbn=2", "url2": "http://www.cyutoku.or.jp/groups/tscl/index.html", "内容": "医療法人徳洲会　新都心クリニック【2:診療所】【診療科目:内科_循環器内科_心臓血管外科_小児科_眼科_皮膚科_泌尿器科】沖縄県那覇市銘苅２丁目２番１号" }, "geometry": { "type": "Point", "coordinates": [ 127.697316, 26.229694 ] } },
{ "type": "Feature", "properties": { "ID": "4722258", "正式名称": "やまだクリニック", "機関区分": 2, "都道府県コード": 47, "市区町村コード": 308, "所在地": "沖縄県国頭郡本部町大浜", "緯度": 26.654941, "経度": 127.884903, "url": "https://www.iryou.teikyouseido.mhlw.go.jp/znk-web/juminkanja/S2430/initialize?prefCd=47&kikanCd=2258&kikanKbn=2", "url2": "https://yamada-akajin.jp/index.html", "内容": "やまだクリニック【2:診療所】【診療科目:内科_外科_小児科】沖縄県国頭郡本部町大浜" }, "geometry": { "type": "Point", "coordinates": [ 127.884903, 26.654941 ] } },
{ "type": "Feature", "properties": { "ID": "4722277", "正式名称": "やんばる協同クリニック", "機関区分": 2, "都道府県コード": 47, "市区町村コード": 209, "所在地": "沖縄県名護市大北５丁目３－２", "緯度": 26.604242, "経度": 127.983436, "url": "https://www.iryou.teikyouseido.mhlw.go.jp/znk-web/juminkanja/S2430/initialize?prefCd=47&kikanCd=2277&kikanKbn=2", "url2": null, "内容": "やんばる協同クリニック【2:診療所】【診療科目:内科】沖縄県名護市大北５丁目３－２" }, "geometry": { "type": "Point", "coordinates": [ 127.983436, 26.604242 ] } },
{ "type": "Feature", "properties": { "ID": "4722280", "正式名称": "ヒルズガーデンクリニック", "機関区分": 2, "都道府県コード": 47, "市区町村コード": 201, "所在地": "沖縄県那覇市松川", "緯度": 26.21905, "経度": 127.705611, "url": "https://www.iryou.teikyouseido.mhlw.go.jp/znk-web/juminkanja/S2430/initialize?prefCd=47&kikanCd=2280&kikanKbn=2", "url2": "http://www.hillsgc.jp", "内容": "ヒルズガーデンクリニック【2:診療所】【診療科目:泌尿器科】沖縄県那覇市松川" }, "geometry": { "type": "Point", "coordinates": [ 127.705611, 26.21905 ] } },
{ "type": "Feature", "properties": { "ID": "4722292", "正式名称": "ヒデ整形クリニック", "機関区分": 2, "都道府県コード": 47, "市区町村コード": 207, "所在地": "沖縄県石垣市真栄里１０８－３", "緯度": 24.332539, "経度": 124.171025, "url": "https://www.iryou.teikyouseido.mhlw.go.jp/znk-web/juminkanja/S2430/initialize?prefCd=47&kikanCd=2292&kikanKbn=2", "url2": "http://hideseikei.com/top.html", "内容": "ヒデ整形クリニック【2:診療所】【診療科目:整形外科】沖縄県石垣市真栄里１０８－３" }, "geometry": { "type": "Point", "coordinates": [ 124.171025, 24.332539 ] } },
{ "type": "Feature", "properties": { "ID": "4722299", "正式名称": "心のクリニックさくら", "機関区分": 2, "都道府県コード": 47, "市区町村コード": 350, "所在地": "沖縄県島尻郡南風原町与那覇２８３　メディカルプラザはえばる　２階", "緯度": 26.200414, "経度": 127.738869, "url": "https://www.iryou.teikyouseido.mhlw.go.jp/znk-web/juminkanja/S2430/initialize?prefCd=47&kikanCd=2299&kikanKbn=2", "url2": "http://www.mental-clinic-sakura.jp/", "内容": "心のクリニックさくら【2:診療所】【診療科目:精神科_心療内科】沖縄県島尻郡南風原町与那覇２８３　メディカルプラザはえばる　２階" }, "geometry": { "type": "Point", "coordinates": [ 127.738869, 26.200414 ] } },
{ "type": "Feature", "properties": { "ID": "4722311", "正式名称": "みんなのクリニック", "機関区分": 2, "都道府県コード": 47, "市区町村コード": 210, "所在地": "沖縄県糸満市真栄里２０２９番地１１", "緯度": 26.121075, "経度": 127.670586, "url": "https://www.iryou.teikyouseido.mhlw.go.jp/znk-web/juminkanja/S2430/initialize?prefCd=47&kikanCd=2311&kikanKbn=2", "url2": "http://minnano3733.com", "内容": "みんなのクリニック【2:診療所】【診療科目:内科_消化器内科】沖縄県糸満市真栄里２０２９番地１１" }, "geometry": { "type": "Point", "coordinates": [ 127.670586, 26.121075 ] } },
{ "type": "Feature", "properties": { "ID": "472233", "正式名称": "のはら元氣クリニック", "機関区分": 2, "都道府県コード": 47, "市区町村コード": 201, "所在地": "沖縄県那覇市銘苅", "緯度": 26.231144, "経度": 127.700584, "url": "https://www.iryou.teikyouseido.mhlw.go.jp/znk-web/juminkanja/S2430/initialize?prefCd=47&kikanCd=233&kikanKbn=2", "url2": "http://www.noharagenki.com/", "内容": "のはら元氣クリニック【2:診療所】【診療科目:内科_漢方内科_がん内科_外科_精神科】沖縄県那覇市銘苅" }, "geometry": { "type": "Point", "coordinates": [ 127.700584, 26.231144 ] } },
{ "type": "Feature", "properties": { "ID": "4722330", "正式名称": "たまき耳鼻咽喉科クリニック", "機関区分": 2, "都道府県コード": 47, "市区町村コード": 210, "所在地": "沖縄県糸満市真栄里１４３２－１", "緯度": 26.120769, "経度": 127.671439, "url": "https://www.iryou.teikyouseido.mhlw.go.jp/znk-web/juminkanja/S2430/initialize?prefCd=47&kikanCd=2330&kikanKbn=2", "url2": "tamaki-jibika.jimdo.com", "内容": "たまき耳鼻咽喉科クリニック【2:診療所】【診療科目:耳鼻いんこう科】沖縄県糸満市真栄里１４３２－１" }, "geometry": { "type": "Point", "coordinates": [ 127.671439, 26.120769 ] } },
{ "type": "Feature", "properties": { "ID": "4722352", "正式名称": "安里眼科　おもろまち駅前", "機関区分": 2, "都道府県コード": 47, "市区町村コード": 201, "所在地": "沖縄県那覇市おもろまち４－３－１３", "緯度": 26.224479, "経度": 127.696891, "url": "https://www.iryou.teikyouseido.mhlw.go.jp/znk-web/juminkanja/S2430/initialize?prefCd=47&kikanCd=2352&kikanKbn=2", "url2": "https://asatoganka.or.jp/omoromachi/", "内容": "安里眼科　おもろまち駅前【2:診療所】【診療科目:眼科】沖縄県那覇市おもろまち４－３－１３" }, "geometry": { "type": "Point", "coordinates": [ 127.696891, 26.224479 ] } },
{ "type": "Feature", "properties": { "ID": "4722355", "正式名称": "はざま胃腸内科クリニック", "機関区分": 2, "都道府県コード": 47, "市区町村コード": 201, "所在地": "沖縄県那覇市宇栄原６５４", "緯度": 26.185633, "経度": 127.667308, "url": "https://www.iryou.teikyouseido.mhlw.go.jp/znk-web/juminkanja/S2430/initialize?prefCd=47&kikanCd=2355&kikanKbn=2", "url2": "https://sites.google.com/site/hazamaichounaikaclinic/", "内容": "はざま胃腸内科クリニック【2:診療所】【診療科目:内科_胃腸内科】沖縄県那覇市宇栄原６５４" }, "geometry": { "type": "Point", "coordinates": [ 127.667308, 26.185633 ] } },
{ "type": "Feature", "properties": { "ID": "4722377", "正式名称": "中村内科胃腸科", "機関区分": 2, "都道府県コード": 47, "市区町村コード": 362, "所在地": "沖縄県島尻郡八重瀬町具志頭", "緯度": 26.12091, "経度": 127.74209, "url": "https://www.iryou.teikyouseido.mhlw.go.jp/znk-web/juminkanja/S2430/initialize?prefCd=47&kikanCd=2377&kikanKbn=2", "url2": null, "内容": "中村内科胃腸科【2:診療所】【診療科目:内科_胃腸内科】沖縄県島尻郡八重瀬町具志頭" }, "geometry": { "type": "Point", "coordinates": [ 127.74209, 26.12091 ] } },
{ "type": "Feature", "properties": { "ID": "4722380", "正式名称": "那覇眼科医院", "機関区分": 2, "都道府県コード": 47, "市区町村コード": 201, "所在地": "沖縄県那覇市壺川３－１－８", "緯度": 26.208006, "経度": 127.678744, "url": "https://www.iryou.teikyouseido.mhlw.go.jp/znk-web/juminkanja/S2430/initialize?prefCd=47&kikanCd=2380&kikanKbn=2", "url2": "http://nahaoph.com", "内容": "那覇眼科医院【2:診療所】【診療科目:眼科】沖縄県那覇市壺川３－１－８" }, "geometry": { "type": "Point", "coordinates": [ 127.678744, 26.208006 ] } },
{ "type": "Feature", "properties": { "ID": "4722399", "正式名称": "登川クリニック", "機関区分": 2, "都道府県コード": 47, "市区町村コード": 211, "所在地": "沖縄県沖縄市登川二丁目２４番２号", "緯度": 26.366359, "経度": 127.823771, "url": "https://www.iryou.teikyouseido.mhlw.go.jp/znk-web/juminkanja/S2430/initialize?prefCd=47&kikanCd=2399&kikanKbn=2", "url2": "http://www.noborikawa-clinic.jp", "内容": "登川クリニック【2:診療所】【診療科目:内科_糖尿病・内分泌内科_循環器内科_腎臓内科_人工透析内科】沖縄県沖縄市登川二丁目２４番２号" }, "geometry": { "type": "Point", "coordinates": [ 127.823771, 26.366359 ] } },
{ "type": "Feature", "properties": { "ID": "4722416", "正式名称": "レオクリニック", "機関区分": 2, "都道府県コード": 47, "市区町村コード": 214, "所在地": "沖縄県宮古島市平良下里１５７８−８", "緯度": 24.803955, "経度": 125.27907, "url": "https://www.iryou.teikyouseido.mhlw.go.jp/znk-web/juminkanja/S2430/initialize?prefCd=47&kikanCd=2416&kikanKbn=2", "url2": null, "内容": "レオクリニック【2:診療所】【診療科目:耳鼻いんこう科】沖縄県宮古島市平良下里１５７８−８" }, "geometry": { "type": "Point", "coordinates": [ 125.27907, 24.803955 ] } },
{ "type": "Feature", "properties": { "ID": "472243", "正式名称": "赤嶺耳鼻咽喉科", "機関区分": 2, "都道府県コード": 47, "市区町村コード": 201, "所在地": "沖縄県那覇市高良３－６－８", "緯度": 26.189804, "経度": 127.660176, "url": "https://www.iryou.teikyouseido.mhlw.go.jp/znk-web/juminkanja/S2430/initialize?prefCd=47&kikanCd=243&kikanKbn=2", "url2": null, "内容": "赤嶺耳鼻咽喉科【2:診療所】【診療科目:耳鼻いんこう科】沖縄県那覇市高良３－６－８" }, "geometry": { "type": "Point", "coordinates": [ 127.660176, 26.189804 ] } },
{ "type": "Feature", "properties": { "ID": "472244", "正式名称": "あじとみクリニック", "機関区分": 2, "都道府県コード": 47, "市区町村コード": 201, "所在地": "沖縄県那覇市高良１－１０－７ー１０１", "緯度": 26.185583, "経度": 127.660933, "url": "https://www.iryou.teikyouseido.mhlw.go.jp/znk-web/juminkanja/S2430/initialize?prefCd=47&kikanCd=244&kikanKbn=2", "url2": null, "内容": "あじとみクリニック【2:診療所】【診療科目:内科_小児科】沖縄県那覇市高良１－１０－７ー１０１" }, "geometry": { "type": "Point", "coordinates": [ 127.660933, 26.185583 ] } },
{ "type": "Feature", "properties": { "ID": "4722448", "正式名称": "みやぐに皮フ科", "機関区分": 2, "都道府県コード": 47, "市区町村コード": 350, "所在地": "沖縄県島尻郡南風原町津嘉山１４９０番地　メディカルプラザつかざん３階", "緯度": 26.189828, "経度": 127.708442, "url": "https://www.iryou.teikyouseido.mhlw.go.jp/znk-web/juminkanja/S2430/initialize?prefCd=47&kikanCd=2448&kikanKbn=2", "url2": null, "内容": "みやぐに皮フ科【2:診療所】【診療科目:皮膚科】沖縄県島尻郡南風原町津嘉山１４９０番地　メディカルプラザつかざん３階" }, "geometry": { "type": "Point", "coordinates": [ 127.708442, 26.189828 ] } },
{ "type": "Feature", "properties": { "ID": "472248", "正式名称": "医療法人徳洲会こくらクリニツク", "機関区分": 2, "都道府県コード": 47, "市区町村コード": 201, "所在地": "沖縄県那覇市古波蔵３丁目８番２８号", "緯度": 26.200672, "経度": 127.684847, "url": "https://www.iryou.teikyouseido.mhlw.go.jp/znk-web/juminkanja/S2430/initialize?prefCd=47&kikanCd=248&kikanKbn=2", "url2": "http://www.nantoku.org/kokura/", "内容": "医療法人徳洲会こくらクリニツク【2:診療所】【診療科目:内科_小児科】沖縄県那覇市古波蔵３丁目８番２８号" }, "geometry": { "type": "Point", "coordinates": [ 127.684847, 26.200672 ] } },
{ "type": "Feature", "properties": { "ID": "4722483", "正式名称": "医療法人　桜風会　おおにし医院", "機関区分": 2, "都道府県コード": 47, "市区町村コード": 209, "所在地": "沖縄県名護市城２丁目１０番１６号", "緯度": 26.587123, "経度": 127.984836, "url": "https://www.iryou.teikyouseido.mhlw.go.jp/znk-web/juminkanja/S2430/initialize?prefCd=47&kikanCd=2483&kikanKbn=2", "url2": null, "内容": "医療法人　桜風会　おおにし医院【2:診療所】【診療科目:内科_消化器内科】沖縄県名護市城２丁目１０番１６号" }, "geometry": { "type": "Point", "coordinates": [ 127.984836, 26.587123 ] } },
{ "type": "Feature", "properties": { "ID": "4722507", "正式名称": "品川スキンクリニック沖縄院", "機関区分": 2, "都道府県コード": 47, "市区町村コード": 201, "所在地": "沖縄県那覇市おもろまち１－１－１２　那覇新都心センタービル１Ｆ", "緯度": 26.222214, "経度": 127.696881, "url": "https://www.iryou.teikyouseido.mhlw.go.jp/znk-web/juminkanja/S2430/initialize?prefCd=47&kikanCd=2507&kikanKbn=2", "url2": "https://shinagawa-skin.com/clinic/okinawa/", "内容": "品川スキンクリニック沖縄院【2:診療所】【診療科目:美容外科_美容皮膚科】沖縄県那覇市おもろまち１－１－１２　那覇新都心センタービル１Ｆ" }, "geometry": { "type": "Point", "coordinates": [ 127.696881, 26.222214 ] } },
{ "type": "Feature", "properties": { "ID": "4722525", "正式名称": "のどかな耳鼻咽喉科", "機関区分": 2, "都道府県コード": 47, "市区町村コード": 201, "所在地": "沖縄県那覇市長田１－４－１０　２Ｆ", "緯度": 26.205701, "経度": 127.701317, "url": "https://www.iryou.teikyouseido.mhlw.go.jp/znk-web/juminkanja/S2430/initialize?prefCd=47&kikanCd=2525&kikanKbn=2", "url2": "http://nodokana.mdja.jp", "内容": "のどかな耳鼻咽喉科【2:診療所】【診療科目:耳鼻いんこう科】沖縄県那覇市長田１－４－１０　２Ｆ" }, "geometry": { "type": "Point", "coordinates": [ 127.701317, 26.205701 ] } },
{ "type": "Feature", "properties": { "ID": "472254", "正式名称": "那覇診療所", "機関区分": 2, "都道府県コード": 47, "市区町村コード": 201, "所在地": "沖縄県那覇市古波蔵１丁目２５番１８号", "緯度": 26.197594, "経度": 127.692389, "url": "https://www.iryou.teikyouseido.mhlw.go.jp/znk-web/juminkanja/S2430/initialize?prefCd=47&kikanCd=254&kikanKbn=2", "url2": null, "内容": "那覇診療所【2:診療所】【診療科目:皮膚科】沖縄県那覇市古波蔵１丁目２５番１８号" }, "geometry": { "type": "Point", "coordinates": [ 127.692389, 26.197594 ] } },
{ "type": "Feature", "properties": { "ID": "4722540", "正式名称": "しろま内科クリニック", "機関区分": 2, "都道府県コード": 47, "市区町村コード": 213, "所在地": "沖縄県うるま市喜屋武５４６－１", "緯度": 26.360164, "経度": 127.843281, "url": "https://www.iryou.teikyouseido.mhlw.go.jp/znk-web/juminkanja/S2430/initialize?prefCd=47&kikanCd=2540&kikanKbn=2", "url2": null, "内容": "しろま内科クリニック【2:診療所】【診療科目:内科_呼吸器内科】沖縄県うるま市喜屋武５４６－１" }, "geometry": { "type": "Point", "coordinates": [ 127.843281, 26.360164 ] } },
{ "type": "Feature", "properties": { "ID": "4722553", "正式名称": "医療法人新整会　じのん整形外科クリニック", "機関区分": 2, "都道府県コード": 47, "市区町村コード": 205, "所在地": "沖縄県宜野湾市宇地泊１−２２−２", "緯度": 26.272598, "経度": 127.73037, "url": "https://www.iryou.teikyouseido.mhlw.go.jp/znk-web/juminkanja/S2430/initialize?prefCd=47&kikanCd=2553&kikanKbn=2", "url2": "http://www.jinon-clinic.jp", "内容": "医療法人新整会　じのん整形外科クリニック【2:診療所】【診療科目:整形外科_リウマチ科_リハビリテーション科】沖縄県宜野湾市宇地泊１−２２−２" }, "geometry": { "type": "Point", "coordinates": [ 127.73037, 26.272598 ] } },
{ "type": "Feature", "properties": { "ID": "472257", "正式名称": "たばる内科胃腸科", "機関区分": 2, "都道府県コード": 47, "市区町村コード": 201, "所在地": "沖縄県那覇市金城５丁目３番地の１", "緯度": 26.197947, "経度": 127.667464, "url": "https://www.iryou.teikyouseido.mhlw.go.jp/znk-web/juminkanja/S2430/initialize?prefCd=47&kikanCd=257&kikanKbn=2", "url2": "http://www.citydo.com/sp/098-858-0005", "内容": "たばる内科胃腸科【2:診療所】【診療科目:内科_消化器内科_小児科_皮膚科】沖縄県那覇市金城５丁目３番地の１" }, "geometry": { "type": "Point", "coordinates": [ 127.667464, 26.197947 ] } },
{ "type": "Feature", "properties": { "ID": "4722578", "正式名称": "かかず耳鼻咽喉科クリニック", "機関区分": 2, "都道府県コード": 47, "市区町村コード": 212, "所在地": "沖縄県豊見城市真玉橋２８５－１　とよみメディカルビル３Ｆ", "緯度": 26.190167, "経度": 127.690036, "url": "https://www.iryou.teikyouseido.mhlw.go.jp/znk-web/juminkanja/S2430/initialize?prefCd=47&kikanCd=2578&kikanKbn=2", "url2": "http://web.clinicn.jp/kakazu/", "内容": "かかず耳鼻咽喉科クリニック【2:診療所】【診療科目:耳鼻いんこう科_頭頸部・耳鼻いんこう科】沖縄県豊見城市真玉橋２８５－１　とよみメディカルビル３Ｆ" }, "geometry": { "type": "Point", "coordinates": [ 127.690036, 26.190167 ] } },
{ "type": "Feature", "properties": { "ID": "4722598", "正式名称": "湘南美容クリニック那覇院", "機関区分": 2, "都道府県コード": 47, "市区町村コード": 201, "所在地": "沖縄県那覇市久茂地１－３－１　久茂地セントラルビル２階", "緯度": 26.213338, "経度": 127.67836, "url": "https://www.iryou.teikyouseido.mhlw.go.jp/znk-web/juminkanja/S2430/initialize?prefCd=47&kikanCd=2598&kikanKbn=2", "url2": "https://www.s-b-c.net/clinic/branch/naha/", "内容": "湘南美容クリニック那覇院【2:診療所】【診療科目:美容外科_美容皮膚科】沖縄県那覇市久茂地１－３－１　久茂地セントラルビル２階" }, "geometry": { "type": "Point", "coordinates": [ 127.67836, 26.213338 ] } },
{ "type": "Feature", "properties": { "ID": "4722608", "正式名称": "つかざん腎クリニック", "機関区分": 2, "都道府県コード": 47, "市区町村コード": 350, "所在地": "沖縄県島尻郡南風原町津嘉山", "緯度": 26.187742, "経度": 127.71007, "url": "https://www.iryou.teikyouseido.mhlw.go.jp/znk-web/juminkanja/S2430/initialize?prefCd=47&kikanCd=2608&kikanKbn=2", "url2": null, "内容": "つかざん腎クリニック【2:診療所】【診療科目:腎臓内科】沖縄県島尻郡南風原町津嘉山" }, "geometry": { "type": "Point", "coordinates": [ 127.71007, 26.187742 ] } },
{ "type": "Feature", "properties": { "ID": "4722632", "正式名称": "なかむら内科おなかクリニック", "機関区分": 2, "都道府県コード": 47, "市区町村コード": 211, "所在地": "沖縄県沖縄市比屋根６丁目２７－１７　１Ｆ", "緯度": 26.318153, "経度": 127.814872, "url": "https://www.iryou.teikyouseido.mhlw.go.jp/znk-web/juminkanja/S2430/initialize?prefCd=47&kikanCd=2632&kikanKbn=2", "url2": null, "内容": "なかむら内科おなかクリニック【2:診療所】【診療科目:内科_消化器内科】沖縄県沖縄市比屋根６丁目２７－１７　１Ｆ" }, "geometry": { "type": "Point", "coordinates": [ 127.814872, 26.318153 ] } },
{ "type": "Feature", "properties": { "ID": "4722633", "正式名称": "いくみ皮ふ科クリニック", "機関区分": 2, "都道府県コード": 47, "市区町村コード": 211, "所在地": "沖縄県沖縄市比屋根６丁目２７番１７号２階", "緯度": 26.318193, "経度": 127.814887, "url": "https://www.iryou.teikyouseido.mhlw.go.jp/znk-web/juminkanja/S2430/initialize?prefCd=47&kikanCd=2633&kikanKbn=2", "url2": null, "内容": "いくみ皮ふ科クリニック【2:診療所】【診療科目:皮膚科】沖縄県沖縄市比屋根６丁目２７番１７号２階" }, "geometry": { "type": "Point", "coordinates": [ 127.814887, 26.318193 ] } },
{ "type": "Feature", "properties": { "ID": "4722634", "正式名称": "ロコモクリニック南城", "機関区分": 2, "都道府県コード": 47, "市区町村コード": 215, "所在地": "沖縄県南城市玉城船越９４９－４", "緯度": 26.154388, "経度": 127.75218, "url": "https://www.iryou.teikyouseido.mhlw.go.jp/znk-web/juminkanja/S2430/initialize?prefCd=47&kikanCd=2634&kikanKbn=2", "url2": "http://locomo-clinic-nanjo.com/", "内容": "ロコモクリニック南城【2:診療所】【診療科目:内科_整形外科_リハビリテーション科】沖縄県南城市玉城船越９４９－４" }, "geometry": { "type": "Point", "coordinates": [ 127.75218, 26.154388 ] } },
{ "type": "Feature", "properties": { "ID": "4722637", "正式名称": "くろしま整形外科", "機関区分": 2, "都道府県コード": 47, "市区町村コード": 207, "所在地": "沖縄県石垣市登野城１０１６－１", "緯度": 24.341856, "経度": 124.171336, "url": "https://www.iryou.teikyouseido.mhlw.go.jp/znk-web/juminkanja/S2430/initialize?prefCd=47&kikanCd=2637&kikanKbn=2", "url2": null, "内容": "くろしま整形外科【2:診療所】【診療科目:整形外科_リハビリテーション科】沖縄県石垣市登野城１０１６－１" }, "geometry": { "type": "Point", "coordinates": [ 124.171336, 24.341856 ] } },
{ "type": "Feature", "properties": { "ID": "472266", "正式名称": "医療法人　清成会　浦西医院", "機関区分": 2, "都道府県コード": 47, "市区町村コード": 208, "所在地": "沖縄県浦添市当山２丁目９番３号", "緯度": 26.248697, "経度": 127.737886, "url": "https://www.iryou.teikyouseido.mhlw.go.jp/znk-web/juminkanja/S2430/initialize?prefCd=47&kikanCd=266&kikanKbn=2", "url2": "https://www.uranishi-clinic.jp/", "内容": "医療法人　清成会　浦西医院【2:診療所】【診療科目:内科_循環器内科】沖縄県浦添市当山２丁目９番３号" }, "geometry": { "type": "Point", "coordinates": [ 127.737886, 26.248697 ] } },
{ "type": "Feature", "properties": { "ID": "4722668", "正式名称": "ロクト整形Ａｚ", "機関区分": 2, "都道府県コード": 47, "市区町村コード": 201, "所在地": "沖縄県那覇市奥武山町４６番　５階", "緯度": 26.207127, "経度": 127.674661, "url": "https://www.iryou.teikyouseido.mhlw.go.jp/znk-web/juminkanja/S2430/initialize?prefCd=47&kikanCd=2668&kikanKbn=2", "url2": "https://rokuto.com/", "内容": "ロクト整形Ａｚ【2:診療所】【診療科目:整形外科_リハビリテーション科】沖縄県那覇市奥武山町４６番　５階" }, "geometry": { "type": "Point", "coordinates": [ 127.674661, 26.207127 ] } },
{ "type": "Feature", "properties": { "ID": "4722669", "正式名称": "Ａｚクリニック", "機関区分": 2, "都道府県コード": 47, "市区町村コード": 201, "所在地": "沖縄県那覇市奥武山町４６番地　りゅうとうビル２階", "緯度": 26.207127, "経度": 127.674661, "url": "https://www.iryou.teikyouseido.mhlw.go.jp/znk-web/juminkanja/S2430/initialize?prefCd=47&kikanCd=2669&kikanKbn=2", "url2": "https://rokuto.com/clinic/ginga/", "内容": "Ａｚクリニック【2:診療所】【診療科目:整形外科_リハビリテーション科_麻酔科】沖縄県那覇市奥武山町４６番地　りゅうとうビル２階" }, "geometry": { "type": "Point", "coordinates": [ 127.674661, 26.207127 ] } },
{ "type": "Feature", "properties": { "ID": "4722684", "正式名称": "ホロス養生クリニック", "機関区分": 2, "都道府県コード": 47, "市区町村コード": 201, "所在地": "沖縄県那覇市首里石嶺町２－２５８－２", "緯度": 26.221364, "経度": 127.730985, "url": "https://www.iryou.teikyouseido.mhlw.go.jp/znk-web/juminkanja/S2430/initialize?prefCd=47&kikanCd=2684&kikanKbn=2", "url2": "https://holosyojoclinic.jimdofree.com/", "内容": "ホロス養生クリニック【2:診療所】【診療科目:内科_小児科_心療内科】沖縄県那覇市首里石嶺町２－２５８－２" }, "geometry": { "type": "Point", "coordinates": [ 127.730985, 26.221364 ] } },
{ "type": "Feature", "properties": { "ID": "4722728", "正式名称": "クリニック和睦", "機関区分": 2, "都道府県コード": 47, "市区町村コード": 209, "所在地": "沖縄県名護市大東１丁目１５－６", "緯度": 26.58999, "経度": 127.985931, "url": "https://www.iryou.teikyouseido.mhlw.go.jp/znk-web/juminkanja/S2430/initialize?prefCd=47&kikanCd=2728&kikanKbn=2", "url2": "https://www.clinic-waboku.com", "内容": "クリニック和睦【2:診療所】【診療科目:内科_精神科_心療内科】沖縄県名護市大東１丁目１５－６" }, "geometry": { "type": "Point", "coordinates": [ 127.985931, 26.58999 ] } },
{ "type": "Feature", "properties": { "ID": "4722732", "正式名称": "うるまこころのクリニック", "機関区分": 2, "都道府県コード": 47, "市区町村コード": 213, "所在地": "沖縄県うるま市喜屋武５４６－１", "緯度": 26.360164, "経度": 127.843281, "url": "https://www.iryou.teikyouseido.mhlw.go.jp/znk-web/juminkanja/S2430/initialize?prefCd=47&kikanCd=2732&kikanKbn=2", "url2": "http://www.urumakokoro.com/", "内容": "うるまこころのクリニック【2:診療所】【診療科目:精神科_心療内科】沖縄県うるま市喜屋武５４６－１" }, "geometry": { "type": "Point", "coordinates": [ 127.843281, 26.360164 ] } },
{ "type": "Feature", "properties": { "ID": "4722738", "正式名称": "医療法人うるまの杜　カヨウ眼科", "機関区分": 2, "都道府県コード": 47, "市区町村コード": 213, "所在地": "沖縄県うるま市石川白浜２丁目１３番１２号", "緯度": 26.422681, "経度": 127.825142, "url": "https://www.iryou.teikyouseido.mhlw.go.jp/znk-web/juminkanja/S2430/initialize?prefCd=47&kikanCd=2738&kikanKbn=2", "url2": "http://kayoh-eyeclinic.com/", "内容": "医療法人うるまの杜　カヨウ眼科【2:診療所】【診療科目:眼科】沖縄県うるま市石川白浜２丁目１３番１２号" }, "geometry": { "type": "Point", "coordinates": [ 127.825142, 26.422681 ] } },
{ "type": "Feature", "properties": { "ID": "4722761", "正式名称": "あらかき内科クリニック", "機関区分": 2, "都道府県コード": 47, "市区町村コード": 201, "所在地": "沖縄県那覇市楚辺１丁目３番６４号　２階", "緯度": 26.209456, "経度": 127.685775, "url": "https://www.iryou.teikyouseido.mhlw.go.jp/znk-web/juminkanja/S2430/initialize?prefCd=47&kikanCd=2761&kikanKbn=2", "url2": "http://amc-naha.com/", "内容": "あらかき内科クリニック【2:診療所】【診療科目:内科_呼吸器内科】沖縄県那覇市楚辺１丁目３番６４号　２階" }, "geometry": { "type": "Point", "coordinates": [ 127.685775, 26.209456 ] } },
{ "type": "Feature", "properties": { "ID": "4722766", "正式名称": "しらはま内科", "機関区分": 2, "都道府県コード": 47, "市区町村コード": 213, "所在地": "沖縄県うるま市石川白浜１−２−３", "緯度": 26.429682, "経度": 127.82881, "url": "https://www.iryou.teikyouseido.mhlw.go.jp/znk-web/juminkanja/S2430/initialize?prefCd=47&kikanCd=2766&kikanKbn=2", "url2": null, "内容": "しらはま内科【2:診療所】【診療科目:内科_呼吸器内科】沖縄県うるま市石川白浜１−２−３" }, "geometry": { "type": "Point", "coordinates": [ 127.82881, 26.429682 ] } },
{ "type": "Feature", "properties": { "ID": "472277", "正式名称": "浦添協同クリニック", "機関区分": 2, "都道府県コード": 47, "市区町村コード": 208, "所在地": "沖縄県浦添市宮城３－１－５", "緯度": 26.246583, "経度": 127.7079, "url": "https://www.iryou.teikyouseido.mhlw.go.jp/znk-web/juminkanja/S2430/initialize?prefCd=47&kikanCd=277&kikanKbn=2", "url2": "http://www.oki-iseikyo.jp", "内容": "浦添協同クリニック【2:診療所】【診療科目:内科_小児科】沖縄県浦添市宮城３－１－５" }, "geometry": { "type": "Point", "coordinates": [ 127.7079, 26.246583 ] } },
{ "type": "Feature", "properties": { "ID": "4722773", "正式名称": "やえせ子どもクリニック", "機関区分": 2, "都道府県コード": 47, "市区町村コード": 362, "所在地": "沖縄県島尻郡八重瀬町伊覇５４番地３　メディカルやえせ２階－１", "緯度": 26.157939, "経度": 127.719867, "url": "https://www.iryou.teikyouseido.mhlw.go.jp/znk-web/juminkanja/S2430/initialize?prefCd=47&kikanCd=2773&kikanKbn=2", "url2": null, "内容": "やえせ子どもクリニック【2:診療所】【診療科目:小児科】沖縄県島尻郡八重瀬町伊覇５４番地３　メディカルやえせ２階－１" }, "geometry": { "type": "Point", "coordinates": [ 127.719867, 26.157939 ] } },
{ "type": "Feature", "properties": { "ID": "472280", "正式名称": "医療法人ＨＳＲ　名嘉村クリニック", "機関区分": 2, "都道府県コード": 47, "市区町村コード": 208, "所在地": "沖縄県浦添市伊祖３丁目８番１５号", "緯度": 26.256914, "経度": 127.718535, "url": "https://www.iryou.teikyouseido.mhlw.go.jp/znk-web/juminkanja/S2430/initialize?prefCd=47&kikanCd=280&kikanKbn=2", "url2": "http://nsleep.com", "内容": "医療法人ＨＳＲ　名嘉村クリニック【2:診療所】【診療科目:内科_糖尿病内科_内分泌内科_脂質代謝内科_糖尿病・内分泌内科_糖尿病・代謝内科_代謝・内分泌内科_呼吸器内科_老年・呼吸器内科_循環器内科_腎臓内科_漢方内科_アレルギー疾患内科_精神科】沖縄県浦添市伊祖３丁目８番１５号" }, "geometry": { "type": "Point", "coordinates": [ 127.718535, 26.256914 ] } },
{ "type": "Feature", "properties": { "ID": "4722805", "正式名称": "中村内科クリニック", "機関区分": 2, "都道府県コード": 47, "市区町村コード": 348, "所在地": "沖縄県島尻郡与那原町与那原３０６８－１", "緯度": 26.201119, "経度": 127.752986, "url": "https://www.iryou.teikyouseido.mhlw.go.jp/znk-web/juminkanja/S2430/initialize?prefCd=47&kikanCd=2805&kikanKbn=2", "url2": null, "内容": "中村内科クリニック【2:診療所】【診療科目:内科_循環器内科】沖縄県島尻郡与那原町与那原３０６８－１" }, "geometry": { "type": "Point", "coordinates": [ 127.752986, 26.201119 ] } },
{ "type": "Feature", "properties": { "ID": "4722812", "正式名称": "ねたて内科クリニック", "機関区分": 2, "都道府県コード": 47, "市区町村コード": 205, "所在地": "沖縄県宜野湾市嘉数１－２２－５", "緯度": 26.257539, "経度": 127.738311, "url": "https://www.iryou.teikyouseido.mhlw.go.jp/znk-web/juminkanja/S2430/initialize?prefCd=47&kikanCd=2812&kikanKbn=2", "url2": "http://netate-clinic.com/", "内容": "ねたて内科クリニック【2:診療所】【診療科目:内科_神経内科_リハビリテーション科】沖縄県宜野湾市嘉数１－２２－５" }, "geometry": { "type": "Point", "coordinates": [ 127.738311, 26.257539 ] } },
{ "type": "Feature", "properties": { "ID": "4722829", "正式名称": "じねんこどもクリニック", "機関区分": 2, "都道府県コード": 47, "市区町村コード": 211, "所在地": "沖縄県沖縄市山里１−１−２パーチェ山里３０１", "緯度": 26.32323, "経度": 127.79315, "url": "https://www.iryou.teikyouseido.mhlw.go.jp/znk-web/juminkanja/S2430/initialize?prefCd=47&kikanCd=2829&kikanKbn=2", "url2": "https://jinen.blog/", "内容": "じねんこどもクリニック【2:診療所】【診療科目:内科_小児科】沖縄県沖縄市山里１−１−２パーチェ山里３０１" }, "geometry": { "type": "Point", "coordinates": [ 127.79315, 26.32323 ] } },
{ "type": "Feature", "properties": { "ID": "472283", "正式名称": "牧港クリニック", "機関区分": 2, "都道府県コード": 47, "市区町村コード": 208, "所在地": "沖縄県浦添市牧港", "緯度": 26.264973, "経度": 127.728689, "url": "https://www.iryou.teikyouseido.mhlw.go.jp/znk-web/juminkanja/S2430/initialize?prefCd=47&kikanCd=283&kikanKbn=2", "url2": "http://painmakimina.byoinnavi.jp/pc/", "内容": "牧港クリニック【2:診療所】【診療科目:ペインクリニック内科_整形外科_リハビリテーション科_麻酔科】沖縄県浦添市牧港" }, "geometry": { "type": "Point", "coordinates": [ 127.728689, 26.264973 ] } },
{ "type": "Feature", "properties": { "ID": "4722878", "正式名称": "いしかわ脳とこころの診療所", "機関区分": 2, "都道府県コード": 47, "市区町村コード": 213, "所在地": "沖縄県うるま市石川２－１－７石川中央団地店舗１０３号", "緯度": 26.426896, "経度": 127.826189, "url": "https://www.iryou.teikyouseido.mhlw.go.jp/znk-web/juminkanja/S2430/initialize?prefCd=47&kikanCd=2878&kikanKbn=2", "url2": "ishikawa-psychiatry.com", "内容": "いしかわ脳とこころの診療所【2:診療所】【診療科目:精神科_心療内科_老年精神科_老年心療内科】沖縄県うるま市石川２－１－７石川中央団地店舗１０３号" }, "geometry": { "type": "Point", "coordinates": [ 127.826189, 26.426896 ] } },
{ "type": "Feature", "properties": { "ID": "4722890", "正式名称": "中村胃腸科内科", "機関区分": 2, "都道府県コード": 47, "市区町村コード": 214, "所在地": "沖縄県宮古島市平良下里１２５９－１", "緯度": 24.795583, "経度": 125.285459, "url": "https://www.iryou.teikyouseido.mhlw.go.jp/znk-web/juminkanja/S2430/initialize?prefCd=47&kikanCd=2890&kikanKbn=2", "url2": "www.nakaicho.com", "内容": "中村胃腸科内科【2:診療所】【診療科目:内科_循環器内科_胃腸内科】沖縄県宮古島市平良下里１２５９－１" }, "geometry": { "type": "Point", "coordinates": [ 125.285459, 24.795583 ] } },
{ "type": "Feature", "properties": { "ID": "4722906", "正式名称": "ながはまメンタルクリニック", "機関区分": 2, "都道府県コード": 47, "市区町村コード": 324, "所在地": "沖縄県中頭郡読谷村長浜１２７５－１", "緯度": 26.417294, "経度": 127.737303, "url": "https://www.iryou.teikyouseido.mhlw.go.jp/znk-web/juminkanja/S2430/initialize?prefCd=47&kikanCd=2906&kikanKbn=2", "url2": "https://www.nagahama-mental.com/", "内容": "ながはまメンタルクリニック【2:診療所】【診療科目:内科_漢方内科_精神科_心療内科】沖縄県中頭郡読谷村長浜１２７５－１" }, "geometry": { "type": "Point", "coordinates": [ 127.737303, 26.417294 ] } },
{ "type": "Feature", "properties": { "ID": "4722930", "正式名称": "小田内科医院", "機関区分": 2, "都道府県コード": 47, "市区町村コード": 207, "所在地": "沖縄県石垣市登野城", "緯度": 24.390139, "経度": 124.173, "url": "https://www.iryou.teikyouseido.mhlw.go.jp/znk-web/juminkanja/S2430/initialize?prefCd=47&kikanCd=2930&kikanKbn=2", "url2": null, "内容": "小田内科医院【2:診療所】【診療科目:内科】沖縄県石垣市登野城" }, "geometry": { "type": "Point", "coordinates": [ 124.173, 24.390139 ] } },
{ "type": "Feature", "properties": { "ID": "4722934", "正式名称": "クリニック　エスプリ", "機関区分": 2, "都道府県コード": 47, "市区町村コード": 201, "所在地": "沖縄県那覇市長田１－６－１　１０１", "緯度": 26.264833, "経度": 127.766408, "url": "https://www.iryou.teikyouseido.mhlw.go.jp/znk-web/juminkanja/S2430/initialize?prefCd=47&kikanCd=2934&kikanKbn=2", "url2": "https://clinic-esprit.com/", "内容": "クリニック　エスプリ【2:診療所】【診療科目:内科_精神科_心療内科】沖縄県那覇市長田１－６－１　１０１" }, "geometry": { "type": "Point", "coordinates": [ 127.766408, 26.264833 ] } },
{ "type": "Feature", "properties": { "ID": "4722945", "正式名称": "陸上自衛隊宮古島駐屯地医務室", "機関区分": 2, "都道府県コード": 47, "市区町村コード": 214, "所在地": "沖縄県宮古島市上野字野原　８３ー５", "緯度": 24.756972, "経度": 125.314633, "url": "https://www.iryou.teikyouseido.mhlw.go.jp/znk-web/juminkanja/S2430/initialize?prefCd=47&kikanCd=2945&kikanKbn=2", "url2": null, "内容": "陸上自衛隊宮古島駐屯地医務室【2:診療所】【診療科目:内科_外科_整形外科_歯科】沖縄県宮古島市上野字野原　８３ー５" }, "geometry": { "type": "Point", "coordinates": [ 125.314633, 24.756972 ] } },
{ "type": "Feature", "properties": { "ID": "4722955", "正式名称": "大浜診療所", "機関区分": 2, "都道府県コード": 47, "市区町村コード": 207, "所在地": "沖縄県石垣市大浜", "緯度": 24.343748, "経度": 124.196406, "url": "https://www.iryou.teikyouseido.mhlw.go.jp/znk-web/juminkanja/S2430/initialize?prefCd=47&kikanCd=2955&kikanKbn=2", "url2": "www.ohama-clinic.com", "内容": "大浜診療所【2:診療所】【診療科目:内科_循環器内科】沖縄県石垣市大浜" }, "geometry": { "type": "Point", "coordinates": [ 124.196406, 24.343748 ] } },
{ "type": "Feature", "properties": { "ID": "4722964", "正式名称": "仲松内科クリニック", "機関区分": 2, "都道府県コード": 47, "市区町村コード": 201, "所在地": "沖縄県那覇市久茂地２－１３－３", "緯度": 26.2199, "経度": 127.683636, "url": "https://www.iryou.teikyouseido.mhlw.go.jp/znk-web/juminkanja/S2430/initialize?prefCd=47&kikanCd=2964&kikanKbn=2", "url2": "https://nakamatsu-naika.com", "内容": "仲松内科クリニック【2:診療所】【診療科目:内科_消化器内科_胃腸内科_肝臓内科_内視鏡内科】沖縄県那覇市久茂地２－１３－３" }, "geometry": { "type": "Point", "coordinates": [ 127.683636, 26.2199 ] } },
{ "type": "Feature", "properties": { "ID": "4723007", "正式名称": "やえせ心のクリニック", "機関区分": 2, "都道府県コード": 47, "市区町村コード": 362, "所在地": "沖縄県島尻郡八重瀬町東風平１２００番１０", "緯度": 26.156559, "経度": 127.719534, "url": "https://www.iryou.teikyouseido.mhlw.go.jp/znk-web/juminkanja/S2430/initialize?prefCd=47&kikanCd=3007&kikanKbn=2", "url2": "https://yaese-kokoro.com", "内容": "やえせ心のクリニック【2:診療所】【診療科目:精神科_心療内科】沖縄県島尻郡八重瀬町東風平１２００番１０" }, "geometry": { "type": "Point", "coordinates": [ 127.719534, 26.156559 ] } },
{ "type": "Feature", "properties": { "ID": "4723014", "正式名称": "東京美容外科　沖縄院", "機関区分": 2, "都道府県コード": 47, "市区町村コード": 201, "所在地": "沖縄県那覇市天久一丁目８番９号　ＳＲ天久１階１０１号室", "緯度": 26.229694, "経度": 127.692101, "url": "https://www.iryou.teikyouseido.mhlw.go.jp/znk-web/juminkanja/S2430/initialize?prefCd=47&kikanCd=3014&kikanKbn=2", "url2": "https://www.tkc110.jp/okinawa/", "内容": "東京美容外科　沖縄院【2:診療所】【診療科目:形成外科_美容外科_皮膚科】沖縄県那覇市天久一丁目８番９号　ＳＲ天久１階１０１号室" }, "geometry": { "type": "Point", "coordinates": [ 127.692101, 26.229694 ] } },
{ "type": "Feature", "properties": { "ID": "4723022", "正式名称": "読谷紅いもクリニック", "機関区分": 2, "都道府県コード": 47, "市区町村コード": 324, "所在地": "沖縄県中頭郡読谷村上地", "緯度": 26.404364, "経度": 127.736071, "url": "https://www.iryou.teikyouseido.mhlw.go.jp/znk-web/juminkanja/S2430/initialize?prefCd=47&kikanCd=3022&kikanKbn=2", "url2": "https://beniimo-clinic.com", "内容": "読谷紅いもクリニック【2:診療所】【診療科目:内科_漢方内科_脳神経外科】沖縄県中頭郡読谷村上地" }, "geometry": { "type": "Point", "coordinates": [ 127.736071, 26.404364 ] } },
{ "type": "Feature", "properties": { "ID": "4723030", "正式名称": "サンパーク胃腸内科クリニック", "機関区分": 2, "都道府県コード": 47, "市区町村コード": 208, "所在地": "沖縄県浦添市伊祖", "緯度": 26.251649, "経度": 127.714233, "url": "https://www.iryou.teikyouseido.mhlw.go.jp/znk-web/juminkanja/S2430/initialize?prefCd=47&kikanCd=3030&kikanKbn=2", "url2": "https://yam.clinic/", "内容": "サンパーク胃腸内科クリニック【2:診療所】【診療科目:内科_消化器内科_胃腸内科】沖縄県浦添市伊祖" }, "geometry": { "type": "Point", "coordinates": [ 127.714233, 26.251649 ] } },
{ "type": "Feature", "properties": { "ID": "4723031", "正式名称": "ありんクリニック小児科", "機関区分": 2, "都道府県コード": 47, "市区町村コード": 208, "所在地": "沖縄県浦添市伊祖", "緯度": 26.254368, "経度": 127.71986, "url": "https://www.iryou.teikyouseido.mhlw.go.jp/znk-web/juminkanja/S2430/initialize?prefCd=47&kikanCd=3031&kikanKbn=2", "url2": "https://www.arin-clinic.okinawa/", "内容": "ありんクリニック小児科【2:診療所】【診療科目:小児科】沖縄県浦添市伊祖" }, "geometry": { "type": "Point", "coordinates": [ 127.71986, 26.254368 ] } },
{ "type": "Feature", "properties": { "ID": "4723033", "正式名称": "琉球こころのクリニック", "機関区分": 2, "都道府県コード": 47, "市区町村コード": 213, "所在地": "沖縄県うるま市安慶名３丁目２４－５", "緯度": 26.372518, "経度": 127.852523, "url": "https://www.iryou.teikyouseido.mhlw.go.jp/znk-web/juminkanja/S2430/initialize?prefCd=47&kikanCd=3033&kikanKbn=2", "url2": null, "内容": "琉球こころのクリニック【2:診療所】【診療科目:精神科_心療内科】沖縄県うるま市安慶名３丁目２４－５" }, "geometry": { "type": "Point", "coordinates": [ 127.852523, 26.372518 ] } },
{ "type": "Feature", "properties": { "ID": "4723066", "正式名称": "マリン在宅クリニック", "機関区分": 2, "都道府県コード": 47, "市区町村コード": 211, "所在地": "沖縄県沖縄市泡瀬４丁目２０－２５", "緯度": 26.318121, "経度": 127.830704, "url": "https://www.iryou.teikyouseido.mhlw.go.jp/znk-web/juminkanja/S2430/initialize?prefCd=47&kikanCd=3066&kikanKbn=2", "url2": "https://marine-zaitaku.com/", "内容": "マリン在宅クリニック【2:診療所】【診療科目:内科_緩和ケア内科_外科_緩和ケア外科_皮膚科】沖縄県沖縄市泡瀬４丁目２０－２５" }, "geometry": { "type": "Point", "coordinates": [ 127.830704, 26.318121 ] } },
{ "type": "Feature", "properties": { "ID": "4723080", "正式名称": "にこにこ内科・外科クリニック", "機関区分": 2, "都道府県コード": 47, "市区町村コード": 362, "所在地": "沖縄県島尻郡八重瀬町伊覇５４－３", "緯度": 26.157995, "経度": 127.719866, "url": "https://www.iryou.teikyouseido.mhlw.go.jp/znk-web/juminkanja/S2430/initialize?prefCd=47&kikanCd=3080&kikanKbn=2", "url2": "https://www.niconico-clinic.com", "内容": "にこにこ内科・外科クリニック【2:診療所】【診療科目:内科_外科】沖縄県島尻郡八重瀬町伊覇５４－３" }, "geometry": { "type": "Point", "coordinates": [ 127.719866, 26.157995 ] } },
{ "type": "Feature", "properties": { "ID": "4723082", "正式名称": "さとう皮フ科", "機関区分": 2, "都道府県コード": 47, "市区町村コード": 213, "所在地": "沖縄県うるま市宮里２６２－１８", "緯度": 26.355342, "経度": 127.835533, "url": "https://www.iryou.teikyouseido.mhlw.go.jp/znk-web/juminkanja/S2430/initialize?prefCd=47&kikanCd=3082&kikanKbn=2", "url2": null, "内容": "さとう皮フ科【2:診療所】【診療科目:皮膚科】沖縄県うるま市宮里２６２－１８" }, "geometry": { "type": "Point", "coordinates": [ 127.835533, 26.355342 ] } },
{ "type": "Feature", "properties": { "ID": "4723086", "正式名称": "貴クリニック", "機関区分": 2, "都道府県コード": 47, "市区町村コード": 329, "所在地": "沖縄県中頭郡西原町小那覇２６６ー１　３階", "緯度": 26.224245, "経度": 127.766191, "url": "https://www.iryou.teikyouseido.mhlw.go.jp/znk-web/juminkanja/S2430/initialize?prefCd=47&kikanCd=3086&kikanKbn=2", "url2": "https://taka-clinic.jp/", "内容": "貴クリニック【2:診療所】【診療科目:形成外科_皮膚科】沖縄県中頭郡西原町小那覇２６６ー１　３階" }, "geometry": { "type": "Point", "coordinates": [ 127.766191, 26.224245 ] } },
{ "type": "Feature", "properties": { "ID": "4723091", "正式名称": "読谷平和こどもクリニック", "機関区分": 2, "都道府県コード": 47, "市区町村コード": 324, "所在地": "沖縄県中頭郡読谷村上地", "緯度": 26.404067, "経度": 127.736656, "url": "https://www.iryou.teikyouseido.mhlw.go.jp/znk-web/juminkanja/S2430/initialize?prefCd=47&kikanCd=3091&kikanKbn=2", "url2": null, "内容": "読谷平和こどもクリニック【2:診療所】【診療科目:小児科】沖縄県中頭郡読谷村上地" }, "geometry": { "type": "Point", "coordinates": [ 127.736656, 26.404067 ] } },
{ "type": "Feature", "properties": { "ID": "472310", "正式名称": "ロクト整形外科クリニック", "機関区分": 2, "都道府県コード": 47, "市区町村コード": 208, "所在地": "沖縄県浦添市牧港２丁目４６番１２号－２０２", "緯度": 26.265225, "経度": 127.725885, "url": "https://www.iryou.teikyouseido.mhlw.go.jp/znk-web/juminkanja/S2430/initialize?prefCd=47&kikanCd=310&kikanKbn=2", "url2": "http://www.rokuto.com", "内容": "ロクト整形外科クリニック【2:診療所】【診療科目:整形外科_リハビリテーション科】沖縄県浦添市牧港２丁目４６番１２号－２０２" }, "geometry": { "type": "Point", "coordinates": [ 127.725885, 26.265225 ] } },
{ "type": "Feature", "properties": { "ID": "4723101", "正式名称": "医療法人おもと会　クリニック安里", "機関区分": 2, "都道府県コード": 47, "市区町村コード": 201, "所在地": "沖縄県那覇市安里１－７－３", "緯度": 26.218522, "経度": 127.692278, "url": "https://www.iryou.teikyouseido.mhlw.go.jp/znk-web/juminkanja/S2430/initialize?prefCd=47&kikanCd=3101&kikanKbn=2", "url2": "https://omotokai.or.jp/jigyou/687/", "内容": "医療法人おもと会　クリニック安里【2:診療所】【診療科目:内科_外科_整形外科_形成外科_皮膚科_リハビリテーション科】沖縄県那覇市安里１－７－３" }, "geometry": { "type": "Point", "coordinates": [ 127.692278, 26.218522 ] } },
{ "type": "Feature", "properties": { "ID": "4723109", "正式名称": "あずさクリニック", "機関区分": 2, "都道府県コード": 47, "市区町村コード": 213, "所在地": "沖縄県うるま市赤道", "緯度": 26.355307, "経度": 127.832, "url": "https://www.iryou.teikyouseido.mhlw.go.jp/znk-web/juminkanja/S2430/initialize?prefCd=47&kikanCd=3109&kikanKbn=2", "url2": null, "内容": "あずさクリニック【2:診療所】【診療科目:糖尿病・内分泌内科】沖縄県うるま市赤道" }, "geometry": { "type": "Point", "coordinates": [ 127.832, 26.355307 ] } },
{ "type": "Feature", "properties": { "ID": "472312", "正式名称": "医療法人すこやか会　まちなと小児クリニック", "機関区分": 2, "都道府県コード": 47, "市区町村コード": 208, "所在地": "沖縄県浦添市牧港２－４６－１２－４Ｆ", "緯度": 26.26249, "経度": 127.726688, "url": "https://www.iryou.teikyouseido.mhlw.go.jp/znk-web/juminkanja/S2430/initialize?prefCd=47&kikanCd=312&kikanKbn=2", "url2": "https://www.machinatokodomo-c.com/", "内容": "医療法人すこやか会　まちなと小児クリニック【2:診療所】【診療科目:小児科】沖縄県浦添市牧港２－４６－１２－４Ｆ" }, "geometry": { "type": "Point", "coordinates": [ 127.726688, 26.26249 ] } },
{ "type": "Feature", "properties": { "ID": "4723121", "正式名称": "ひさまつクリニック", "機関区分": 2, "都道府県コード": 47, "市区町村コード": 214, "所在地": "沖縄県宮古島市平良字久貝９８０番地７", "緯度": 24.745203, "経度": 125.270558, "url": "https://www.iryou.teikyouseido.mhlw.go.jp/znk-web/juminkanja/S2430/initialize?prefCd=47&kikanCd=3121&kikanKbn=2", "url2": null, "内容": "ひさまつクリニック【2:診療所】【診療科目:内科_外科_皮膚科_訪問診療】沖縄県宮古島市平良字久貝９８０番地７" }, "geometry": { "type": "Point", "coordinates": [ 125.270558, 24.745203 ] } },
{ "type": "Feature", "properties": { "ID": "4723125", "正式名称": "いしはらクリニック", "機関区分": 2, "都道府県コード": 47, "市区町村コード": 213, "所在地": "沖縄県うるま市喜屋武３８４－３－２", "緯度": 26.380131, "経度": 127.864036, "url": "https://www.iryou.teikyouseido.mhlw.go.jp/znk-web/juminkanja/S2430/initialize?prefCd=47&kikanCd=3125&kikanKbn=2", "url2": null, "内容": "いしはらクリニック【2:診療所】【診療科目:内科_循環器内科_外科_脳・血管外科_放射線科】沖縄県うるま市喜屋武３８４－３－２" }, "geometry": { "type": "Point", "coordinates": [ 127.864036, 26.380131 ] } },
{ "type": "Feature", "properties": { "ID": "4723135", "正式名称": "安謝ファミリークリニック", "機関区分": 2, "都道府県コード": 47, "市区町村コード": 201, "所在地": "沖縄県那覇市曙２−９−２", "緯度": 26.240875, "経度": 127.685722, "url": "https://www.iryou.teikyouseido.mhlw.go.jp/znk-web/juminkanja/S2430/initialize?prefCd=47&kikanCd=3135&kikanKbn=2", "url2": "https://ajafamilyclinic.jp/", "内容": "安謝ファミリークリニック【2:診療所】【診療科目:内科_消化器内科_小児科】沖縄県那覇市曙２−９−２" }, "geometry": { "type": "Point", "coordinates": [ 127.685722, 26.240875 ] } },
{ "type": "Feature", "properties": { "ID": "4723140", "正式名称": "豊見城メンタルクリニック", "機関区分": 2, "都道府県コード": 47, "市区町村コード": 212, "所在地": "沖縄県豊見城市宜保", "緯度": 26.176325, "経度": 127.676763, "url": "https://www.iryou.teikyouseido.mhlw.go.jp/znk-web/juminkanja/S2430/initialize?prefCd=47&kikanCd=3140&kikanKbn=2", "url2": "https://www.tomigusuku-mental.com/", "内容": "豊見城メンタルクリニック【2:診療所】【診療科目:精神科_心療内科】沖縄県豊見城市宜保" }, "geometry": { "type": "Point", "coordinates": [ 127.676763, 26.176325 ] } },
{ "type": "Feature", "properties": { "ID": "4723142", "正式名称": "なんくる内科", "機関区分": 2, "都道府県コード": 47, "市区町村コード": 209, "所在地": "沖縄県名護市真喜屋", "緯度": 26.631351, "経度": 128.036136, "url": "https://www.iryou.teikyouseido.mhlw.go.jp/znk-web/juminkanja/S2430/initialize?prefCd=47&kikanCd=3142&kikanKbn=2", "url2": "https://www.nanklenaika.jp/", "内容": "なんくる内科【2:診療所】【診療科目:内科_循環器内科】沖縄県名護市真喜屋" }, "geometry": { "type": "Point", "coordinates": [ 128.036136, 26.631351 ] } },
{ "type": "Feature", "properties": { "ID": "472315", "正式名称": "アワセ第一医院", "機関区分": 2, "都道府県コード": 47, "市区町村コード": 211, "所在地": "沖縄県沖縄市泡瀬２－５４－２６", "緯度": 26.31655, "経度": 127.836888, "url": "https://www.iryou.teikyouseido.mhlw.go.jp/znk-web/juminkanja/S2430/initialize?prefCd=47&kikanCd=315&kikanKbn=2", "url2": "http://www.awase1c.jp", "内容": "アワセ第一医院【2:診療所】【診療科目:内科_小児科_眼科】沖縄県沖縄市泡瀬２－５４－２６" }, "geometry": { "type": "Point", "coordinates": [ 127.836888, 26.31655 ] } },
{ "type": "Feature", "properties": { "ID": "472324", "正式名称": "医療法人真愛会伊佐整形外科", "機関区分": 2, "都道府県コード": 47, "市区町村コード": 211, "所在地": "沖縄県沖縄市比屋根２－３－３", "緯度": 26.316621, "経度": 127.825724, "url": "https://www.iryou.teikyouseido.mhlw.go.jp/znk-web/juminkanja/S2430/initialize?prefCd=47&kikanCd=324&kikanKbn=2", "url2": null, "内容": "医療法人真愛会伊佐整形外科【2:診療所】【診療科目:整形外科_リウマチ科_リハビリテーション科】沖縄県沖縄市比屋根２－３－３" }, "geometry": { "type": "Point", "coordinates": [ 127.825724, 26.316621 ] } },
{ "type": "Feature", "properties": { "ID": "472334", "正式名称": "大北内科胃腸科クリニック", "機関区分": 2, "都道府県コード": 47, "市区町村コード": 209, "所在地": "沖縄県名護市大北３丁目１番４８号", "緯度": 26.601344, "経度": 127.995894, "url": "https://www.iryou.teikyouseido.mhlw.go.jp/znk-web/juminkanja/S2430/initialize?prefCd=47&kikanCd=334&kikanKbn=2", "url2": "http://www9.ocn.ne.jp/~okicli/", "内容": "大北内科胃腸科クリニック【2:診療所】【診療科目:内科】沖縄県名護市大北３丁目１番４８号" }, "geometry": { "type": "Point", "coordinates": [ 127.995894, 26.601344 ] } },
{ "type": "Feature", "properties": { "ID": "472335", "正式名称": "医療法人　美ら海ハシイ産婦人科", "機関区分": 2, "都道府県コード": 47, "市区町村コード": 209, "所在地": "沖縄県名護市字為又１２２０－２９１", "緯度": 26.619932, "経度": 127.969879, "url": "https://www.iryou.teikyouseido.mhlw.go.jp/znk-web/juminkanja/S2430/initialize?prefCd=47&kikanCd=335&kikanKbn=2", "url2": "https://chura-lc.jp/news/", "内容": "医療法人　美ら海ハシイ産婦人科【2:診療所】【診療科目:産婦人科】沖縄県名護市字為又１２２０－２９１" }, "geometry": { "type": "Point", "coordinates": [ 127.969879, 26.619932 ] } },
{ "type": "Feature", "properties": { "ID": "472343", "正式名称": "永山脳神経クリニック", "機関区分": 2, "都道府県コード": 47, "市区町村コード": 211, "所在地": "沖縄県沖縄市美原４－１－１０", "緯度": 26.350394, "経度": 127.825067, "url": "https://www.iryou.teikyouseido.mhlw.go.jp/znk-web/juminkanja/S2430/initialize?prefCd=47&kikanCd=343&kikanKbn=2", "url2": "http://www.nagayama-nc.com", "内容": "永山脳神経クリニック【2:診療所】【診療科目:脳神経外科_脳神経外科】沖縄県沖縄市美原４－１－１０" }, "geometry": { "type": "Point", "coordinates": [ 127.825067, 26.350394 ] } },
{ "type": "Feature", "properties": { "ID": "472344", "正式名称": "医療法人康陽会　仲宗根クリニック", "機関区分": 2, "都道府県コード": 47, "市区町村コード": 211, "所在地": "沖縄県沖縄市高原７丁目２３番１４号", "緯度": 26.317792, "経度": 127.824619, "url": "https://www.iryou.teikyouseido.mhlw.go.jp/znk-web/juminkanja/S2430/initialize?prefCd=47&kikanCd=344&kikanKbn=2", "url2": "http://www.nakasoneclinic.jp", "内容": "医療法人康陽会　仲宗根クリニック【2:診療所】【診療科目:内科_消化器内科_内視鏡内科_外科】沖縄県沖縄市高原７丁目２３番１４号" }, "geometry": { "type": "Point", "coordinates": [ 127.824619, 26.317792 ] } },
{ "type": "Feature", "properties": { "ID": "472349", "正式名称": "東部クリニック", "機関区分": 2, "都道府県コード": 47, "市区町村コード": 211, "所在地": "沖縄県沖縄市与儀", "緯度": 26.309343, "経度": 127.8147, "url": "https://www.iryou.teikyouseido.mhlw.go.jp/znk-web/juminkanja/S2430/initialize?prefCd=47&kikanCd=349&kikanKbn=2", "url2": "http://www.tobu-clinic.com", "内容": "東部クリニック【2:診療所】【診療科目:内科_脳神経内科_脳神経外科_整形外科_リハビリテーション科_放射線科】沖縄県沖縄市与儀" }, "geometry": { "type": "Point", "coordinates": [ 127.8147, 26.309343 ] } },
{ "type": "Feature", "properties": { "ID": "472350", "正式名称": "つかやま耳鼻咽喉科", "機関区分": 2, "都道府県コード": 47, "市区町村コード": 211, "所在地": "沖縄県沖縄市南桃原４丁目２８ー１０", "緯度": 26.325792, "経度": 127.782089, "url": "https://www.iryou.teikyouseido.mhlw.go.jp/znk-web/juminkanja/S2430/initialize?prefCd=47&kikanCd=350&kikanKbn=2", "url2": null, "内容": "つかやま耳鼻咽喉科【2:診療所】【診療科目:耳鼻いんこう科】沖縄県沖縄市南桃原４丁目２８ー１０" }, "geometry": { "type": "Point", "coordinates": [ 127.782089, 26.325792 ] } },
{ "type": "Feature", "properties": { "ID": "472355", "正式名称": "兼城医院", "機関区分": 2, "都道府県コード": 47, "市区町村コード": 211, "所在地": "沖縄県沖縄市美原２ー２６－１３", "緯度": 26.346671, "経度": 127.818951, "url": "https://www.iryou.teikyouseido.mhlw.go.jp/znk-web/juminkanja/S2430/initialize?prefCd=47&kikanCd=355&kikanKbn=2", "url2": null, "内容": "兼城医院【2:診療所】【診療科目:精神科_心療内科】沖縄県沖縄市美原２ー２６－１３" }, "geometry": { "type": "Point", "coordinates": [ 127.818951, 26.346671 ] } },
{ "type": "Feature", "properties": { "ID": "472358", "正式名称": "コザクリニック", "機関区分": 2, "都道府県コード": 47, "市区町村コード": 211, "所在地": "沖縄県沖縄市仲宗根町１９－１", "緯度": 26.334506, "経度": 127.803036, "url": "https://www.iryou.teikyouseido.mhlw.go.jp/znk-web/juminkanja/S2430/initialize?prefCd=47&kikanCd=358&kikanKbn=2", "url2": "http://www.kozaclinic.or.jp/", "内容": "コザクリニック【2:診療所】【診療科目:内科_脳神経内科_神経内科_ペインクリニック内科_リハビリテーション科】沖縄県沖縄市仲宗根町１９－１" }, "geometry": { "type": "Point", "coordinates": [ 127.803036, 26.334506 ] } },
{ "type": "Feature", "properties": { "ID": "472367", "正式名称": "社会医療法人　敬愛会　ちばなクリニック", "機関区分": 2, "都道府県コード": 47, "市区町村コード": 211, "所在地": "沖縄県沖縄市知花６丁目２５番１５号", "緯度": 26.363819, "経度": 127.817139, "url": "https://www.iryou.teikyouseido.mhlw.go.jp/znk-web/juminkanja/S2430/initialize?prefCd=47&kikanCd=367&kikanKbn=2", "url2": "https://chibana.nakagami.or.jp", "内容": "社会医療法人　敬愛会　ちばなクリニック【2:診療所】【診療科目:内科_感染症内科_糖尿病内科_呼吸器内科_循環器内科_消化器内科_腎臓内科_神経内科_外科_脳神経外科_呼吸器外科_血管外科_消化器外科_肛門外科_整形外科_小児科_小児外科_婦人科_眼科_耳鼻いんこう科_皮膚科_泌尿器科_リハビリテーション科_放射線科】沖縄県沖縄市知花６丁目２５番１５号" }, "geometry": { "type": "Point", "coordinates": [ 127.817139, 26.363819 ] } },
{ "type": "Feature", "properties": { "ID": "472368", "正式名称": "大宜味村立診療所", "機関区分": 2, "都道府県コード": 47, "市区町村コード": 302, "所在地": "沖縄県国頭郡大宜味村塩屋１３０６番地６２", "緯度": 26.680686, "経度": 128.100456, "url": "https://www.iryou.teikyouseido.mhlw.go.jp/znk-web/juminkanja/S2430/initialize?prefCd=47&kikanCd=368&kikanKbn=2", "url2": null, "内容": "大宜味村立診療所【2:診療所】【診療科目:内科_消化器内科_小児科_眼科_皮膚科_精神科_心療内科】沖縄県国頭郡大宜味村塩屋１３０６番地６２" }, "geometry": { "type": "Point", "coordinates": [ 128.100456, 26.680686 ] } },
{ "type": "Feature", "properties": { "ID": "472388", "正式名称": "国頭村立東部へき地診療所", "機関区分": 2, "都道府県コード": 47, "市区町村コード": 301, "所在地": "沖縄県国頭郡国頭村安田１７０", "緯度": 26.745506, "経度": 128.317097, "url": "https://www.iryou.teikyouseido.mhlw.go.jp/znk-web/juminkanja/S2430/initialize?prefCd=47&kikanCd=388&kikanKbn=2", "url2": null, "内容": "国頭村立東部へき地診療所【2:診療所】【診療科目:内科】沖縄県国頭郡国頭村安田１７０" }, "geometry": { "type": "Point", "coordinates": [ 128.317097, 26.745506 ] } },
{ "type": "Feature", "properties": { "ID": "472403", "正式名称": "儀保小児科内科医院", "機関区分": 2, "都道府県コード": 47, "市区町村コード": 209, "所在地": "沖縄県名護市大西２－４－３２", "緯度": 26.594203, "経度": 127.983486, "url": "https://www.iryou.teikyouseido.mhlw.go.jp/znk-web/juminkanja/S2430/initialize?prefCd=47&kikanCd=403&kikanKbn=2", "url2": "https://itp.ne.jp/info/470528081500000899/", "内容": "儀保小児科内科医院【2:診療所】【診療科目:内科_小児科】沖縄県名護市大西２－４－３２" }, "geometry": { "type": "Point", "coordinates": [ 127.983486, 26.594203 ] } },
{ "type": "Feature", "properties": { "ID": "472415", "正式名称": "医療法人道芝の会　平安山医院", "機関区分": 2, "都道府県コード": 47, "市区町村コード": 209, "所在地": "沖縄県名護市宇茂佐１７０２番地１", "緯度": 26.607419, "経度": 127.971128, "url": "https://www.iryou.teikyouseido.mhlw.go.jp/znk-web/juminkanja/S2430/initialize?prefCd=47&kikanCd=415&kikanKbn=2", "url2": null, "内容": "医療法人道芝の会　平安山医院【2:診療所】【診療科目:内科_人工透析内科】沖縄県名護市宇茂佐１７０２番地１" }, "geometry": { "type": "Point", "coordinates": [ 127.971128, 26.607419 ] } },
{ "type": "Feature", "properties": { "ID": "472417", "正式名称": "メンタルクリニックやんばる", "機関区分": 2, "都道府県コード": 47, "市区町村コード": 209, "所在地": "沖縄県名護市宇茂佐の森", "緯度": 26.601948, "経度": 127.96479, "url": "https://www.iryou.teikyouseido.mhlw.go.jp/znk-web/juminkanja/S2430/initialize?prefCd=47&kikanCd=417&kikanKbn=2", "url2": "http://www.1979-hakujukai.or.jp", "内容": "メンタルクリニックやんばる【2:診療所】【診療科目:精神科_心療内科】沖縄県名護市宇茂佐の森" }, "geometry": { "type": "Point", "coordinates": [ 127.96479, 26.601948 ] } },
{ "type": "Feature", "properties": { "ID": "472418", "正式名称": "伊差川整形外科", "機関区分": 2, "都道府県コード": 47, "市区町村コード": 209, "所在地": "沖縄県名護市伊差川３０９－１", "緯度": 26.599504, "経度": 127.994001, "url": "https://www.iryou.teikyouseido.mhlw.go.jp/znk-web/juminkanja/S2430/initialize?prefCd=47&kikanCd=418&kikanKbn=2", "url2": null, "内容": "伊差川整形外科【2:診療所】【診療科目:整形外科_リハビリテーション科】沖縄県名護市伊差川３０９－１" }, "geometry": { "type": "Point", "coordinates": [ 127.994001, 26.599504 ] } },
{ "type": "Feature", "properties": { "ID": "472421", "正式名称": "やましろ皮フ科", "機関区分": 2, "都道府県コード": 47, "市区町村コード": 205, "所在地": "沖縄県宜野湾市上原１－２－９", "緯度": 26.275265, "経度": 127.774519, "url": "https://www.iryou.teikyouseido.mhlw.go.jp/znk-web/juminkanja/S2430/initialize?prefCd=47&kikanCd=421&kikanKbn=2", "url2": null, "内容": "やましろ皮フ科【2:診療所】【診療科目:皮膚科】沖縄県宜野湾市上原１－２－９" }, "geometry": { "type": "Point", "coordinates": [ 127.774519, 26.275265 ] } },
{ "type": "Feature", "properties": { "ID": "472424", "正式名称": "大城皮フ科クリニック", "機関区分": 2, "都道府県コード": 47, "市区町村コード": 326, "所在地": "沖縄県中頭郡北谷町上勢頭６２９番地１", "緯度": 26.32838, "経度": 127.771718, "url": "https://www.iryou.teikyouseido.mhlw.go.jp/znk-web/juminkanja/S2430/initialize?prefCd=47&kikanCd=424&kikanKbn=2", "url2": null, "内容": "大城皮フ科クリニック【2:診療所】【診療科目:皮膚科】沖縄県中頭郡北谷町上勢頭６２９番地１" }, "geometry": { "type": "Point", "coordinates": [ 127.771718, 26.32838 ] } },
{ "type": "Feature", "properties": { "ID": "472425", "正式名称": "西平医院", "機関区分": 2, "都道府県コード": 47, "市区町村コード": 205, "所在地": "沖縄県宜野湾市赤道２－２－２", "緯度": 26.272678, "経度": 127.772667, "url": "https://www.iryou.teikyouseido.mhlw.go.jp/znk-web/juminkanja/S2430/initialize?prefCd=47&kikanCd=425&kikanKbn=2", "url2": null, "内容": "西平医院【2:診療所】【診療科目:内科_呼吸器内科_循環器内科_消化器内科_人工透析内科_整形外科_リハビリテーション科】沖縄県宜野湾市赤道２－２－２" }, "geometry": { "type": "Point", "coordinates": [ 127.772667, 26.272678 ] } },
{ "type": "Feature", "properties": { "ID": "472430", "正式名称": "みみとはなの和クリニック", "機関区分": 2, "都道府県コード": 47, "市区町村コード": 205, "所在地": "沖縄県宜野湾市宇地泊３丁目１０番９号", "緯度": 26.264783, "経度": 127.769572, "url": "https://www.iryou.teikyouseido.mhlw.go.jp/znk-web/juminkanja/S2430/initialize?prefCd=47&kikanCd=430&kikanKbn=2", "url2": "http://nagomiclinic.jp/", "内容": "みみとはなの和クリニック【2:診療所】【診療科目:耳鼻いんこう科】沖縄県宜野湾市宇地泊３丁目１０番９号" }, "geometry": { "type": "Point", "coordinates": [ 127.769572, 26.264783 ] } },
{ "type": "Feature", "properties": { "ID": "472445", "正式名称": "一般社団法人日本健康倶楽部沖縄支部診療所", "機関区分": 2, "都道府県コード": 47, "市区町村コード": 211, "所在地": "沖縄県沖縄市登川３１６９", "緯度": 26.375418, "経度": 127.812543, "url": "https://www.iryou.teikyouseido.mhlw.go.jp/znk-web/juminkanja/S2430/initialize?prefCd=47&kikanCd=445&kikanKbn=2", "url2": "https://www.okinawa-kenkou.jp/", "内容": "一般社団法人日本健康倶楽部沖縄支部診療所【2:診療所】【診療科目:内科】沖縄県沖縄市登川３１６９" }, "geometry": { "type": "Point", "coordinates": [ 127.812543, 26.375418 ] } },
{ "type": "Feature", "properties": { "ID": "472451", "正式名称": "医療法人さんたさん　古堅南クリニック", "機関区分": 2, "都道府県コード": 47, "市区町村コード": 324, "所在地": "沖縄県中頭郡読谷村ときわ５－１", "緯度": 26.37278, "経度": 127.756292, "url": "https://www.iryou.teikyouseido.mhlw.go.jp/znk-web/juminkanja/S2430/initialize?prefCd=47&kikanCd=451&kikanKbn=2", "url2": "http://www18.furugenminami.ezlog.jp", "内容": "医療法人さんたさん　古堅南クリニック【2:診療所】【診療科目:内科_人工透析内科_泌尿器科】沖縄県中頭郡読谷村ときわ５－１" }, "geometry": { "type": "Point", "coordinates": [ 127.756292, 26.37278 ] } },
{ "type": "Feature", "properties": { "ID": "472452", "正式名称": "ライフケアクリニック長浜", "機関区分": 2, "都道府県コード": 47, "市区町村コード": 324, "所在地": "沖縄県中頭郡読谷村長浜", "緯度": 26.417412, "経度": 127.732445, "url": "https://www.iryou.teikyouseido.mhlw.go.jp/znk-web/juminkanja/S2430/initialize?prefCd=47&kikanCd=452&kikanKbn=2", "url2": "http://www.lcy-mc.com", "内容": "ライフケアクリニック長浜【2:診療所】【診療科目:内科_消化器内科_神経内科_外科_小児科】沖縄県中頭郡読谷村長浜" }, "geometry": { "type": "Point", "coordinates": [ 127.732445, 26.417412 ] } },
{ "type": "Feature", "properties": { "ID": "472455", "正式名称": "読谷村診療所", "機関区分": 2, "都道府県コード": 47, "市区町村コード": 324, "所在地": "沖縄県中頭郡読谷村都屋", "緯度": 26.39301, "経度": 127.727325, "url": "https://www.iryou.teikyouseido.mhlw.go.jp/znk-web/juminkanja/S2430/initialize?prefCd=47&kikanCd=455&kikanKbn=2", "url2": "https://www.rakuwakai.okinawa/", "内容": "読谷村診療所【2:診療所】【診療科目:内科_小児科_皮膚科_リハビリテーション科】沖縄県中頭郡読谷村都屋" }, "geometry": { "type": "Point", "coordinates": [ 127.727325, 26.39301 ] } },
{ "type": "Feature", "properties": { "ID": "472458", "正式名称": "よみたんクリニック", "機関区分": 2, "都道府県コード": 47, "市区町村コード": 324, "所在地": "沖縄県中頭郡読谷村長浜１７７４", "緯度": 26.414475, "経度": 127.732011, "url": "https://www.iryou.teikyouseido.mhlw.go.jp/znk-web/juminkanja/S2430/initialize?prefCd=47&kikanCd=458&kikanKbn=2", "url2": "http://www.cyutoku.or.jp/groups/yomitan/index.html", "内容": "よみたんクリニック【2:診療所】【診療科目:内科_人工透析内科_小児科】沖縄県中頭郡読谷村長浜１７７４" }, "geometry": { "type": "Point", "coordinates": [ 127.732011, 26.414475 ] } },
{ "type": "Feature", "properties": { "ID": "472459", "正式名称": "医療法人八重会たまきクリニック", "機関区分": 2, "都道府県コード": 47, "市区町村コード": 326, "所在地": "沖縄県中頭郡北谷町上勢頭８３７番地８", "緯度": 26.32747, "経度": 127.768813, "url": "https://www.iryou.teikyouseido.mhlw.go.jp/znk-web/juminkanja/S2430/initialize?prefCd=47&kikanCd=459&kikanKbn=2", "url2": null, "内容": "医療法人八重会たまきクリニック【2:診療所】【診療科目:内科_呼吸器内科_循環器内科_胃腸内科】沖縄県中頭郡北谷町上勢頭８３７番地８" }, "geometry": { "type": "Point", "coordinates": [ 127.768813, 26.32747 ] } },
{ "type": "Feature", "properties": { "ID": "472460", "正式名称": "なかそね内科", "機関区分": 2, "都道府県コード": 47, "市区町村コード": 324, "所在地": "沖縄県中頭郡読谷村伊良皆", "緯度": 26.387398, "経度": 127.75458, "url": "https://www.iryou.teikyouseido.mhlw.go.jp/znk-web/juminkanja/S2430/initialize?prefCd=47&kikanCd=460&kikanKbn=2", "url2": null, "内容": "なかそね内科【2:診療所】【診療科目:内科】沖縄県中頭郡読谷村伊良皆" }, "geometry": { "type": "Point", "coordinates": [ 127.75458, 26.387398 ] } },
{ "type": "Feature", "properties": { "ID": "472463", "正式名称": "医療法人そけん小児科", "機関区分": 2, "都道府県コード": 47, "市区町村コード": 324, "所在地": "沖縄県中頭郡読谷村波平２４５９番地", "緯度": 26.394722, "経度": 127.724328, "url": "https://www.iryou.teikyouseido.mhlw.go.jp/znk-web/juminkanja/S2430/initialize?prefCd=47&kikanCd=463&kikanKbn=2", "url2": "https://soken-shounika.jimdofree.com/", "内容": "医療法人そけん小児科【2:診療所】【診療科目:小児科】沖縄県中頭郡読谷村波平２４５９番地" }, "geometry": { "type": "Point", "coordinates": [ 127.724328, 26.394722 ] } },
{ "type": "Feature", "properties": { "ID": "47247", "正式名称": "医療法人明仁会　とぐち耳鼻咽喉科", "機関区分": 2, "都道府県コード": 47, "市区町村コード": 208, "所在地": "沖縄県浦添市牧港４丁目２番１８号ザ・イイトウク１Ｆ", "緯度": 26.263789, "経度": 127.726978, "url": "https://www.iryou.teikyouseido.mhlw.go.jp/znk-web/juminkanja/S2430/initialize?prefCd=47&kikanCd=47&kikanKbn=2", "url2": "https://toguchi-jibika.com/", "内容": "医療法人明仁会　とぐち耳鼻咽喉科【2:診療所】【診療科目:耳鼻いんこう科】沖縄県浦添市牧港４丁目２番１８号ザ・イイトウク１Ｆ" }, "geometry": { "type": "Point", "coordinates": [ 127.726978, 26.263789 ] } },
{ "type": "Feature", "properties": { "ID": "472470910698", "正式名称": "医療法人結護会　中央外科クリニック", "機関区分": 2, "都道府県コード": 47, "市区町村コード": 209, "所在地": "沖縄県名護市城一丁目１番１２号", "緯度": 26.590756, "経度": 127.982019, "url": "https://www.iryou.teikyouseido.mhlw.go.jp/znk-web/juminkanja/S2430/initialize?prefCd=47&kikanCd=470910698&kikanKbn=2", "url2": null, "内容": "医療法人結護会　中央外科クリニック【2:診療所】【診療科目:内科_糖尿病内科_脂質代謝内科_呼吸器内科_循環器内科_消化器内科_腎臓内科_肝臓内科_外科_整形外科_リハビリテーション科】沖縄県名護市城一丁目１番１２号" }, "geometry": { "type": "Point", "coordinates": [ 127.982019, 26.590756 ] } },
{ "type": "Feature", "properties": { "ID": "4724710118417", "正式名称": "医療法人緑心会なかむら眼科", "機関区分": 2, "都道府県コード": 47, "市区町村コード": 201, "所在地": "沖縄県那覇市寄宮３－１２－１５", "緯度": 26.208694, "経度": 127.699283, "url": "https://www.iryou.teikyouseido.mhlw.go.jp/znk-web/juminkanja/S2430/initialize?prefCd=47&kikanCd=4710118417&kikanKbn=2", "url2": null, "内容": "医療法人緑心会なかむら眼科【2:診療所】【診療科目:眼科】沖縄県那覇市寄宮３－１２－１５" }, "geometry": { "type": "Point", "coordinates": [ 127.699283, 26.208694 ] } },
{ "type": "Feature", "properties": { "ID": "472472", "正式名称": "統合医療センター　クリニックぎのわん", "機関区分": 2, "都道府県コード": 47, "市区町村コード": 205, "所在地": "沖縄県宜野湾市大山７－７－２２", "緯度": 26.2875, "経度": 127.745397, "url": "https://www.iryou.teikyouseido.mhlw.go.jp/znk-web/juminkanja/S2430/initialize?prefCd=47&kikanCd=472&kikanKbn=2", "url2": "http://www.tougou.jp", "内容": "統合医療センター　クリニックぎのわん【2:診療所】【診療科目:内科_外科_整形外科_精神科_心療内科_リハビリテーション科】沖縄県宜野湾市大山７－７－２２" }, "geometry": { "type": "Point", "coordinates": [ 127.745397, 26.2875 ] } },
{ "type": "Feature", "properties": { "ID": "472479", "正式名称": "吉里小児クリニック", "機関区分": 2, "都道府県コード": 47, "市区町村コード": 211, "所在地": "沖縄県沖縄市美里５丁目２４－１５", "緯度": 26.353244, "経度": 127.812458, "url": "https://www.iryou.teikyouseido.mhlw.go.jp/znk-web/juminkanja/S2430/initialize?prefCd=47&kikanCd=479&kikanKbn=2", "url2": null, "内容": "吉里小児クリニック【2:診療所】【診療科目:小児科】沖縄県沖縄市美里５丁目２４－１５" }, "geometry": { "type": "Point", "coordinates": [ 127.812458, 26.353244 ] } },
{ "type": "Feature", "properties": { "ID": "472485", "正式名称": "医療法人　新美会　新垣形成外科", "機関区分": 2, "都道府県コード": 47, "市区町村コード": 205, "所在地": "沖縄県宜野湾市宇地泊二丁目２４番２２号", "緯度": 26.273053, "経度": 127.775678, "url": "https://www.iryou.teikyouseido.mhlw.go.jp/znk-web/juminkanja/S2430/initialize?prefCd=47&kikanCd=485&kikanKbn=2", "url2": "http://www.arakakikeisei.com", "内容": "医療法人　新美会　新垣形成外科【2:診療所】【診療科目:形成外科_美容外科】沖縄県宜野湾市宇地泊二丁目２４番２２号" }, "geometry": { "type": "Point", "coordinates": [ 127.775678, 26.273053 ] } },
{ "type": "Feature", "properties": { "ID": "472488", "正式名称": "美里ヒフ科", "機関区分": 2, "都道府県コード": 47, "市区町村コード": 211, "所在地": "沖縄県沖縄市東２－５－１４", "緯度": 26.347448, "経度": 127.824724, "url": "https://www.iryou.teikyouseido.mhlw.go.jp/znk-web/juminkanja/S2430/initialize?prefCd=47&kikanCd=488&kikanKbn=2", "url2": "http://www.misato-f.com/", "内容": "美里ヒフ科【2:診療所】【診療科目:皮膚科】沖縄県沖縄市東２－５－１４" }, "geometry": { "type": "Point", "coordinates": [ 127.824724, 26.347448 ] } },
{ "type": "Feature", "properties": { "ID": "472492", "正式名称": "医療法人　藤真会　プラザクリニック", "機関区分": 2, "都道府県コード": 47, "市区町村コード": 211, "所在地": "沖縄県沖縄市久保田", "緯度": 26.322105, "経度": 127.794055, "url": "https://www.iryou.teikyouseido.mhlw.go.jp/znk-web/juminkanja/S2430/initialize?prefCd=47&kikanCd=492&kikanKbn=2", "url2": null, "内容": "医療法人　藤真会　プラザクリニック【2:診療所】【診療科目:内科_消化器内科_肛門外科_整形外科_皮膚科_精神科_心療内科】沖縄県沖縄市久保田" }, "geometry": { "type": "Point", "coordinates": [ 127.794055, 26.322105 ] } },
{ "type": "Feature", "properties": { "ID": "472495", "正式名称": "医療法人　なのはな　アワセ皮フ科クリニック", "機関区分": 2, "都道府県コード": 47, "市区町村コード": 211, "所在地": "沖縄県沖縄市泡瀬４丁目１番２号　１階", "緯度": 26.321072, "経度": 127.831497, "url": "https://www.iryou.teikyouseido.mhlw.go.jp/znk-web/juminkanja/S2430/initialize?prefCd=47&kikanCd=495&kikanKbn=2", "url2": null, "内容": "医療法人　なのはな　アワセ皮フ科クリニック【2:診療所】【診療科目:皮膚科】沖縄県沖縄市泡瀬４丁目１番２号　１階" }, "geometry": { "type": "Point", "coordinates": [ 127.831497, 26.321072 ] } },
{ "type": "Feature", "properties": { "ID": "472498", "正式名称": "医療法人清生会　ひが内科クリニック", "機関区分": 2, "都道府県コード": 47, "市区町村コード": 211, "所在地": "沖縄県沖縄市東２丁目２５番２号", "緯度": 26.346108, "経度": 127.825244, "url": "https://www.iryou.teikyouseido.mhlw.go.jp/znk-web/juminkanja/S2430/initialize?prefCd=47&kikanCd=498&kikanKbn=2", "url2": null, "内容": "医療法人清生会　ひが内科クリニック【2:診療所】【診療科目:内科_糖尿病・内分泌内科】沖縄県沖縄市東２丁目２５番２号" }, "geometry": { "type": "Point", "coordinates": [ 127.825244, 26.346108 ] } },
{ "type": "Feature", "properties": { "ID": "472509", "正式名称": "かりゆしクリニック", "機関区分": 2, "都道府県コード": 47, "市区町村コード": 205, "所在地": "沖縄県宜野湾市嘉数４ー２５ー１５", "緯度": 26.257845, "経度": 127.73602, "url": "https://www.iryou.teikyouseido.mhlw.go.jp/znk-web/juminkanja/S2430/initialize?prefCd=47&kikanCd=509&kikanKbn=2", "url2": "http://www.kariyushi.cc", "内容": "かりゆしクリニック【2:診療所】【診療科目:内科_糖尿病・内分泌内科】沖縄県宜野湾市嘉数４ー２５ー１５" }, "geometry": { "type": "Point", "coordinates": [ 127.73602, 26.257845 ] } },
{ "type": "Feature", "properties": { "ID": "472518", "正式名称": "医療法人愛知クリニック", "機関区分": 2, "都道府県コード": 47, "市区町村コード": 205, "所在地": "沖縄県宜野湾市愛知", "緯度": 26.268674, "経度": 127.767853, "url": "https://www.iryou.teikyouseido.mhlw.go.jp/znk-web/juminkanja/S2430/initialize?prefCd=47&kikanCd=518&kikanKbn=2", "url2": null, "内容": "医療法人愛知クリニック【2:診療所】【診療科目:内科_小児科_産婦人科】沖縄県宜野湾市愛知" }, "geometry": { "type": "Point", "coordinates": [ 127.767853, 26.268674 ] } },
{ "type": "Feature", "properties": { "ID": "472539", "正式名称": "大里こどもクリニック", "機関区分": 2, "都道府県コード": 47, "市区町村コード": 215, "所在地": "沖縄県南城市大里平良", "緯度": 26.178656, "経度": 127.7478, "url": "https://www.iryou.teikyouseido.mhlw.go.jp/znk-web/juminkanja/S2430/initialize?prefCd=47&kikanCd=539&kikanKbn=2", "url2": null, "内容": "大里こどもクリニック【2:診療所】【診療科目:小児科】沖縄県南城市大里平良" }, "geometry": { "type": "Point", "coordinates": [ 127.7478, 26.178656 ] } },
{ "type": "Feature", "properties": { "ID": "472540", "正式名称": "はえばる耳鼻咽喉科", "機関区分": 2, "都道府県コード": 47, "市区町村コード": 350, "所在地": "沖縄県島尻郡南風原町兼城", "緯度": 26.193186, "経度": 127.72801, "url": "https://www.iryou.teikyouseido.mhlw.go.jp/znk-web/juminkanja/S2430/initialize?prefCd=47&kikanCd=540&kikanKbn=2", "url2": null, "内容": "はえばる耳鼻咽喉科【2:診療所】【診療科目:耳鼻いんこう科】沖縄県島尻郡南風原町兼城" }, "geometry": { "type": "Point", "coordinates": [ 127.72801, 26.193186 ] } },
{ "type": "Feature", "properties": { "ID": "472565", "正式名称": "介護老人福祉施設嬉の里「医務室」", "機関区分": 2, "都道府県コード": 47, "市区町村コード": 350, "所在地": "沖縄県島尻郡南風原町新川５３８", "緯度": 26.211686, "経度": 127.732142, "url": "https://www.iryou.teikyouseido.mhlw.go.jp/znk-web/juminkanja/S2430/initialize?prefCd=47&kikanCd=565&kikanKbn=2", "url2": null, "内容": "介護老人福祉施設嬉の里「医務室」【2:診療所】【診療科目:内科】沖縄県島尻郡南風原町新川５３８" }, "geometry": { "type": "Point", "coordinates": [ 127.732142, 26.211686 ] } },
{ "type": "Feature", "properties": { "ID": "472574", "正式名称": "比嘉胃腸科内科", "機関区分": 2, "都道府県コード": 47, "市区町村コード": 350, "所在地": "沖縄県島尻郡南風原町照屋", "緯度": 26.185682, "経度": 127.727346, "url": "https://www.iryou.teikyouseido.mhlw.go.jp/znk-web/juminkanja/S2430/initialize?prefCd=47&kikanCd=574&kikanKbn=2", "url2": "http://www14.ocn.ne.jp/~higaityo/", "内容": "比嘉胃腸科内科【2:診療所】【診療科目:内科_消化器内科_胃腸内科_内視鏡内科】沖縄県島尻郡南風原町照屋" }, "geometry": { "type": "Point", "coordinates": [ 127.727346, 26.185682 ] } },
{ "type": "Feature", "properties": { "ID": "472577", "正式名称": "わんぱくクリニック", "機関区分": 2, "都道府県コード": 47, "市区町村コード": 350, "所在地": "沖縄県島尻郡南風原町津嘉山１４９０", "緯度": 26.189858, "経度": 127.708443, "url": "https://www.iryou.teikyouseido.mhlw.go.jp/znk-web/juminkanja/S2430/initialize?prefCd=47&kikanCd=577&kikanKbn=2", "url2": null, "内容": "わんぱくクリニック【2:診療所】【診療科目:小児科】沖縄県島尻郡南風原町津嘉山１４９０" }, "geometry": { "type": "Point", "coordinates": [ 127.708443, 26.189858 ] } },
{ "type": "Feature", "properties": { "ID": "472583", "正式名称": "医療法人徳洲会　ひめゆりクリニック", "機関区分": 2, "都道府県コード": 47, "市区町村コード": 210, "所在地": "沖縄県糸満市伊原", "緯度": 26.094451, "経度": 127.685009, "url": "https://www.iryou.teikyouseido.mhlw.go.jp/znk-web/juminkanja/S2430/initialize?prefCd=47&kikanCd=583&kikanKbn=2", "url2": null, "内容": "医療法人徳洲会　ひめゆりクリニック【2:診療所】【診療科目:内科_外科_小児科_皮膚科】沖縄県糸満市伊原" }, "geometry": { "type": "Point", "coordinates": [ 127.685009, 26.094451 ] } },
{ "type": "Feature", "properties": { "ID": "472586", "正式名称": "かみやクリニック", "機関区分": 2, "都道府県コード": 47, "市区町村コード": 210, "所在地": "沖縄県糸満市阿波根", "緯度": 26.151622, "経度": 127.672542, "url": "https://www.iryou.teikyouseido.mhlw.go.jp/znk-web/juminkanja/S2430/initialize?prefCd=47&kikanCd=586&kikanKbn=2", "url2": null, "内容": "かみやクリニック【2:診療所】【診療科目:内科_整形外科_皮膚科_リハビリテーション科】沖縄県糸満市阿波根" }, "geometry": { "type": "Point", "coordinates": [ 127.672542, 26.151622 ] } },
{ "type": "Feature", "properties": { "ID": "472588", "正式名称": "ハートフルクリニック", "機関区分": 2, "都道府県コード": 47, "市区町村コード": 210, "所在地": "沖縄県糸満市武富１６２番地２", "緯度": 26.164315, "経度": 127.699527, "url": "https://www.iryou.teikyouseido.mhlw.go.jp/znk-web/juminkanja/S2430/initialize?prefCd=47&kikanCd=588&kikanKbn=2", "url2": "http://www.heartfulclinic.com/", "内容": "ハートフルクリニック【2:診療所】【診療科目:内科】沖縄県糸満市武富１６２番地２" }, "geometry": { "type": "Point", "coordinates": [ 127.699527, 26.164315 ] } },
{ "type": "Feature", "properties": { "ID": "472589", "正式名称": "耳鼻咽喉科かおる医院", "機関区分": 2, "都道府県コード": 47, "市区町村コード": 210, "所在地": "沖縄県糸満市潮平７０５－４", "緯度": 26.145566, "経度": 127.672106, "url": "https://www.iryou.teikyouseido.mhlw.go.jp/znk-web/juminkanja/S2430/initialize?prefCd=47&kikanCd=589&kikanKbn=2", "url2": "https://www.kaoruiin.com/index.html", "内容": "耳鼻咽喉科かおる医院【2:診療所】【診療科目:小児科_耳鼻いんこう科】沖縄県糸満市潮平７０５－４" }, "geometry": { "type": "Point", "coordinates": [ 127.672106, 26.145566 ] } },
{ "type": "Feature", "properties": { "ID": "472591", "正式名称": "特別養護老人ホーム朝日の家医務室", "機関区分": 2, "都道府県コード": 47, "市区町村コード": 215, "所在地": "沖縄県南城市玉城喜良原５２６", "緯度": 26.159853, "経度": 127.772119, "url": "https://www.iryou.teikyouseido.mhlw.go.jp/znk-web/juminkanja/S2430/initialize?prefCd=47&kikanCd=591&kikanKbn=2", "url2": null, "内容": "特別養護老人ホーム朝日の家医務室【2:診療所】【診療科目:外科】沖縄県南城市玉城喜良原５２６" }, "geometry": { "type": "Point", "coordinates": [ 127.772119, 26.159853 ] } },
{ "type": "Feature", "properties": { "ID": "472596", "正式名称": "くでけん小児科", "機関区分": 2, "都道府県コード": 47, "市区町村コード": 210, "所在地": "沖縄県糸満市西崎６丁目１１番８号", "緯度": 26.143611, "経度": 127.669113, "url": "https://www.iryou.teikyouseido.mhlw.go.jp/znk-web/juminkanja/S2430/initialize?prefCd=47&kikanCd=596&kikanKbn=2", "url2": null, "内容": "くでけん小児科【2:診療所】【診療科目:小児科】沖縄県糸満市西崎６丁目１１番８号" }, "geometry": { "type": "Point", "coordinates": [ 127.669113, 26.143611 ] } },
{ "type": "Feature", "properties": { "ID": "472617", "正式名称": "しらかわ内科", "機関区分": 2, "都道府県コード": 47, "市区町村コード": 329, "所在地": "沖縄県中頭郡西原町棚原１丁目２０番地１０", "緯度": 26.241747, "経度": 127.754846, "url": "https://www.iryou.teikyouseido.mhlw.go.jp/znk-web/juminkanja/S2430/initialize?prefCd=47&kikanCd=617&kikanKbn=2", "url2": null, "内容": "しらかわ内科【2:診療所】【診療科目:内科】沖縄県中頭郡西原町棚原１丁目２０番地１０" }, "geometry": { "type": "Point", "coordinates": [ 127.754846, 26.241747 ] } },
{ "type": "Feature", "properties": { "ID": "472622", "正式名称": "医療法人ひまわりの会　太田小児科医院", "機関区分": 2, "都道府県コード": 47, "市区町村コード": 329, "所在地": "沖縄県中頭郡西原町小橋川１６４－１", "緯度": 26.239939, "経度": 127.763014, "url": "https://www.iryou.teikyouseido.mhlw.go.jp/znk-web/juminkanja/S2430/initialize?prefCd=47&kikanCd=622&kikanKbn=2", "url2": "http://www.oota-shounika.com/", "内容": "医療法人ひまわりの会　太田小児科医院【2:診療所】【診療科目:小児科_児童精神科】沖縄県中頭郡西原町小橋川１６４－１" }, "geometry": { "type": "Point", "coordinates": [ 127.763014, 26.239939 ] } },
{ "type": "Feature", "properties": { "ID": "472626", "正式名称": "医療法人水平会　豆の木クリニック", "機関区分": 2, "都道府県コード": 47, "市区町村コード": 210, "所在地": "沖縄県糸満市潮平７６４－１", "緯度": 26.149409, "経度": 127.67165, "url": "https://www.iryou.teikyouseido.mhlw.go.jp/znk-web/juminkanja/S2430/initialize?prefCd=47&kikanCd=626&kikanKbn=2", "url2": "https://website2.infomity.net/8470000037/", "内容": "医療法人水平会　豆の木クリニック【2:診療所】【診療科目:内科_腎臓内科】沖縄県糸満市潮平７６４－１" }, "geometry": { "type": "Point", "coordinates": [ 127.67165, 26.149409 ] } },
{ "type": "Feature", "properties": { "ID": "472629", "正式名称": "医療法人杏月会　空の森クリニック", "機関区分": 2, "都道府県コード": 47, "市区町村コード": 362, "所在地": "沖縄県島尻郡八重瀬町屋宜原２２９番地１", "緯度": 26.165201, "経度": 127.724482, "url": "https://www.iryou.teikyouseido.mhlw.go.jp/znk-web/juminkanja/S2430/initialize?prefCd=47&kikanCd=629&kikanKbn=2", "url2": "http://soranomori.info/", "内容": "医療法人杏月会　空の森クリニック【2:診療所】【診療科目:産婦人科_泌尿器科_麻酔科】沖縄県島尻郡八重瀬町屋宜原２２９番地１" }, "geometry": { "type": "Point", "coordinates": [ 127.724482, 26.165201 ] } },
{ "type": "Feature", "properties": { "ID": "472643", "正式名称": "沖縄県八重山保健所", "機関区分": 2, "都道府県コード": 47, "市区町村コード": 207, "所在地": "沖縄県石垣市真栄里４３８", "緯度": 24.340322, "経度": 124.187253, "url": "https://www.iryou.teikyouseido.mhlw.go.jp/znk-web/juminkanja/S2430/initialize?prefCd=47&kikanCd=643&kikanKbn=2", "url2": null, "内容": "沖縄県八重山保健所【2:診療所】【診療科目:内科】沖縄県石垣市真栄里４３８" }, "geometry": { "type": "Point", "coordinates": [ 124.187253, 24.340322 ] } },
{ "type": "Feature", "properties": { "ID": "472654", "正式名称": "奥平産婦人科医院", "機関区分": 2, "都道府県コード": 47, "市区町村コード": 214, "所在地": "沖縄県宮古島市平良下里１２５９－１", "緯度": 24.794606, "経度": 125.286361, "url": "https://www.iryou.teikyouseido.mhlw.go.jp/znk-web/juminkanja/S2430/initialize?prefCd=47&kikanCd=654&kikanKbn=2", "url2": "https://okudaira-miyako.com", "内容": "奥平産婦人科医院【2:診療所】【診療科目:産婦人科】沖縄県宮古島市平良下里１２５９－１" }, "geometry": { "type": "Point", "coordinates": [ 125.286361, 24.794606 ] } },
{ "type": "Feature", "properties": { "ID": "472662", "正式名称": "愛島クリニック", "機関区分": 2, "都道府県コード": 47, "市区町村コード": 207, "所在地": "沖縄県石垣市真栄里１０８番地７", "緯度": 24.332268, "経度": 124.170504, "url": "https://www.iryou.teikyouseido.mhlw.go.jp/znk-web/juminkanja/S2430/initialize?prefCd=47&kikanCd=662&kikanKbn=2", "url2": "https://ailand.jp", "内容": "愛島クリニック【2:診療所】【診療科目:皮膚科_美容皮膚科】沖縄県石垣市真栄里１０８番地７" }, "geometry": { "type": "Point", "coordinates": [ 124.170504, 24.332268 ] } },
{ "type": "Feature", "properties": { "ID": "472664", "正式名称": "まつをレディースクリニック", "機関区分": 2, "都道府県コード": 47, "市区町村コード": 207, "所在地": "沖縄県石垣市真栄里２３３－３", "緯度": 24.335156, "経度": 124.17782, "url": "https://www.iryou.teikyouseido.mhlw.go.jp/znk-web/juminkanja/S2430/initialize?prefCd=47&kikanCd=664&kikanKbn=2", "url2": null, "内容": "まつをレディースクリニック【2:診療所】【診療科目:産婦人科】沖縄県石垣市真栄里２３３－３" }, "geometry": { "type": "Point", "coordinates": [ 124.17782, 24.335156 ] } },
{ "type": "Feature", "properties": { "ID": "472675", "正式名称": "竹富町立竹富診療所", "機関区分": 2, "都道府県コード": 47, "市区町村コード": 381, "所在地": "沖縄県八重山郡竹富町竹富３２３", "緯度": 24.329281, "経度": 124.085306, "url": "https://www.iryou.teikyouseido.mhlw.go.jp/znk-web/juminkanja/S2430/initialize?prefCd=47&kikanCd=675&kikanKbn=2", "url2": null, "内容": "竹富町立竹富診療所【2:診療所】【診療科目:内科_外科_小児科】沖縄県八重山郡竹富町竹富３２３" }, "geometry": { "type": "Point", "coordinates": [ 124.085306, 24.329281 ] } },
{ "type": "Feature", "properties": { "ID": "472676", "正式名称": "竹富町立黒島診療所", "機関区分": 2, "都道府県コード": 47, "市区町村コード": 381, "所在地": "沖縄県八重山郡竹富町黒島１４７３－１", "緯度": 24.240172, "経度": 124.008391, "url": "https://www.iryou.teikyouseido.mhlw.go.jp/znk-web/juminkanja/S2430/initialize?prefCd=47&kikanCd=676&kikanKbn=2", "url2": null, "内容": "竹富町立黒島診療所【2:診療所】【診療科目:内科】沖縄県八重山郡竹富町黒島１４７３－１" }, "geometry": { "type": "Point", "coordinates": [ 124.008391, 24.240172 ] } },
{ "type": "Feature", "properties": { "ID": "472684", "正式名称": "みやぎＭｓ．クリニック", "機関区分": 2, "都道府県コード": 47, "市区町村コード": 214, "所在地": "沖縄県宮古島市平良久貝１０６８－１５", "緯度": 24.787794, "経度": 125.281428, "url": "https://www.iryou.teikyouseido.mhlw.go.jp/znk-web/juminkanja/S2430/initialize?prefCd=47&kikanCd=684&kikanKbn=2", "url2": null, "内容": "みやぎＭｓ．クリニック【2:診療所】【診療科目:産婦人科_婦人科】沖縄県宮古島市平良久貝１０６８－１５" }, "geometry": { "type": "Point", "coordinates": [ 125.281428, 24.787794 ] } },
{ "type": "Feature", "properties": { "ID": "472687", "正式名称": "みやぎ内科", "機関区分": 2, "都道府県コード": 47, "市区町村コード": 212, "所在地": "沖縄県豊見城市翁長８６９", "緯度": 26.161038, "経度": 127.666869, "url": "https://www.iryou.teikyouseido.mhlw.go.jp/znk-web/juminkanja/S2430/initialize?prefCd=47&kikanCd=687&kikanKbn=2", "url2": "http://website.infomity.net/c0001175/", "内容": "みやぎ内科【2:診療所】【診療科目:内科_消化器内科】沖縄県豊見城市翁長８６９" }, "geometry": { "type": "Point", "coordinates": [ 127.666869, 26.161038 ] } },
{ "type": "Feature", "properties": { "ID": "472695", "正式名称": "よなみね眼科", "機関区分": 2, "都道府県コード": 47, "市区町村コード": 348, "所在地": "沖縄県島尻郡与那原町東浜９４－１", "緯度": 26.239039, "経度": 127.758381, "url": "https://www.iryou.teikyouseido.mhlw.go.jp/znk-web/juminkanja/S2430/initialize?prefCd=47&kikanCd=695&kikanKbn=2", "url2": null, "内容": "よなみね眼科【2:診療所】【診療科目:眼科】沖縄県島尻郡与那原町東浜９４－１" }, "geometry": { "type": "Point", "coordinates": [ 127.758381, 26.239039 ] } },
{ "type": "Feature", "properties": { "ID": "472697", "正式名称": "稲村耳鼻咽喉科", "機関区分": 2, "都道府県コード": 47, "市区町村コード": 214, "所在地": "沖縄県宮古島市平良久貝６６９－１", "緯度": 24.798036, "経度": 125.270467, "url": "https://www.iryou.teikyouseido.mhlw.go.jp/znk-web/juminkanja/S2430/initialize?prefCd=47&kikanCd=697&kikanKbn=2", "url2": null, "内容": "稲村耳鼻咽喉科【2:診療所】【診療科目:耳鼻いんこう科】沖縄県宮古島市平良久貝６６９－１" }, "geometry": { "type": "Point", "coordinates": [ 125.270467, 24.798036 ] } },
{ "type": "Feature", "properties": { "ID": "472702", "正式名称": "とくとくクリニック", "機関区分": 2, "都道府県コード": 47, "市区町村コード": 212, "所在地": "沖縄県豊見城市豊見城４４４ー２", "緯度": 26.182973, "経度": 127.677446, "url": "https://www.iryou.teikyouseido.mhlw.go.jp/znk-web/juminkanja/S2430/initialize?prefCd=47&kikanCd=702&kikanKbn=2", "url2": null, "内容": "とくとくクリニック【2:診療所】【診療科目:内科_循環器内科】沖縄県豊見城市豊見城４４４ー２" }, "geometry": { "type": "Point", "coordinates": [ 127.677446, 26.182973 ] } },
{ "type": "Feature", "properties": { "ID": "472703", "正式名称": "なかそね整形外科リハビリクリニック", "機関区分": 2, "都道府県コード": 47, "市区町村コード": 212, "所在地": "沖縄県豊見城市豊見城", "緯度": 26.183825, "経度": 127.676186, "url": "https://www.iryou.teikyouseido.mhlw.go.jp/znk-web/juminkanja/S2430/initialize?prefCd=47&kikanCd=703&kikanKbn=2", "url2": null, "内容": "なかそね整形外科リハビリクリニック【2:診療所】【診療科目:整形外科_リウマチ科_リハビリテーション科】沖縄県豊見城市豊見城" }, "geometry": { "type": "Point", "coordinates": [ 127.676186, 26.183825 ] } },
{ "type": "Feature", "properties": { "ID": "472705", "正式名称": "高橋クリニック", "機関区分": 2, "都道府県コード": 47, "市区町村コード": 212, "所在地": "沖縄県豊見城市与根８の１５", "緯度": 26.163181, "経度": 127.655556, "url": "https://www.iryou.teikyouseido.mhlw.go.jp/znk-web/juminkanja/S2430/initialize?prefCd=47&kikanCd=705&kikanKbn=2", "url2": "http://takaclinic.jp/", "内容": "高橋クリニック【2:診療所】【診療科目:消化器内科】沖縄県豊見城市与根８の１５" }, "geometry": { "type": "Point", "coordinates": [ 127.655556, 26.163181 ] } },
{ "type": "Feature", "properties": { "ID": "472706", "正式名称": "もりクリニック", "機関区分": 2, "都道府県コード": 47, "市区町村コード": 212, "所在地": "沖縄県豊見城市宜保２丁目１番地５", "緯度": 26.1771, "経度": 127.676926, "url": "https://www.iryou.teikyouseido.mhlw.go.jp/znk-web/juminkanja/S2430/initialize?prefCd=47&kikanCd=706&kikanKbn=2", "url2": null, "内容": "もりクリニック【2:診療所】【診療科目:内科_呼吸器内科_消化器内科_小児科_皮膚科】沖縄県豊見城市宜保２丁目１番地５" }, "geometry": { "type": "Point", "coordinates": [ 127.676926, 26.1771 ] } },
{ "type": "Feature", "properties": { "ID": "472707", "正式名称": "田仲医院", "機関区分": 2, "都道府県コード": 47, "市区町村コード": 212, "所在地": "沖縄県豊見城市宜保２−１−９", "緯度": 26.176743, "経度": 127.67802, "url": "https://www.iryou.teikyouseido.mhlw.go.jp/znk-web/juminkanja/S2430/initialize?prefCd=47&kikanCd=707&kikanKbn=2", "url2": null, "内容": "田仲医院【2:診療所】【診療科目:内科】沖縄県豊見城市宜保２−１−９" }, "geometry": { "type": "Point", "coordinates": [ 127.67802, 26.176743 ] } },
{ "type": "Feature", "properties": { "ID": "472710", "正式名称": "社会医療法人友愛会豊見城中央病院附属豊崎クリニック", "機関区分": 2, "都道府県コード": 47, "市区町村コード": 212, "所在地": "沖縄県豊見城市字豊崎１番４１２", "緯度": 26.156558, "経度": 127.660125, "url": "https://www.iryou.teikyouseido.mhlw.go.jp/znk-web/juminkanja/S2430/initialize?prefCd=47&kikanCd=710&kikanKbn=2", "url2": "https://pet.yuuai.or.jp/", "内容": "社会医療法人友愛会豊見城中央病院附属豊崎クリニック【2:診療所】【診療科目:放射線科】沖縄県豊見城市字豊崎１番４１２" }, "geometry": { "type": "Point", "coordinates": [ 127.660125, 26.156558 ] } },
{ "type": "Feature", "properties": { "ID": "472712", "正式名称": "特別養護老人ホーム松風園（医務室）", "機関区分": 2, "都道府県コード": 47, "市区町村コード": 214, "所在地": "沖縄県宮古島市伊良部長浜１０２５‐３", "緯度": 24.831603, "経度": 125.183233, "url": "https://www.iryou.teikyouseido.mhlw.go.jp/znk-web/juminkanja/S2430/initialize?prefCd=47&kikanCd=712&kikanKbn=2", "url2": null, "内容": "特別養護老人ホーム松風園（医務室）【2:診療所】【診療科目:内科_外科】沖縄県宮古島市伊良部長浜１０２５‐３" }, "geometry": { "type": "Point", "coordinates": [ 125.183233, 24.831603 ] } },
{ "type": "Feature", "properties": { "ID": "472713", "正式名称": "くらはし整形外科クリニック", "機関区分": 2, "都道府県コード": 47, "市区町村コード": 214, "所在地": "沖縄県宮古島市平良西里７８２－１", "緯度": 24.798514, "経度": 125.289781, "url": "https://www.iryou.teikyouseido.mhlw.go.jp/znk-web/juminkanja/S2430/initialize?prefCd=47&kikanCd=713&kikanKbn=2", "url2": null, "内容": "くらはし整形外科クリニック【2:診療所】【診療科目:整形外科_リウマチ科】沖縄県宮古島市平良西里７８２－１" }, "geometry": { "type": "Point", "coordinates": [ 125.289781, 24.798514 ] } },
{ "type": "Feature", "properties": { "ID": "472730", "正式名称": "医療法人ムサアザ会　いけむら小児科", "機関区分": 2, "都道府県コード": 47, "市区町村コード": 214, "所在地": "沖縄県宮古島市平良西里９７８番地２", "緯度": 24.797871, "経度": 125.291399, "url": "https://www.iryou.teikyouseido.mhlw.go.jp/znk-web/juminkanja/S2430/initialize?prefCd=47&kikanCd=730&kikanKbn=2", "url2": null, "内容": "医療法人ムサアザ会　いけむら小児科【2:診療所】【診療科目:内科_小児科_精神科】沖縄県宮古島市平良西里９７８番地２" }, "geometry": { "type": "Point", "coordinates": [ 125.291399, 24.797871 ] } },
{ "type": "Feature", "properties": { "ID": "472736", "正式名称": "沖縄県社会福祉事業団　宮古厚生園医務室", "機関区分": 2, "都道府県コード": 47, "市区町村コード": 214, "所在地": "沖縄県宮古島市平良西仲宗根", "緯度": 24.810137, "経度": 125.28008, "url": "https://www.iryou.teikyouseido.mhlw.go.jp/znk-web/juminkanja/S2430/initialize?prefCd=47&kikanCd=736&kikanKbn=2", "url2": null, "内容": "沖縄県社会福祉事業団　宮古厚生園医務室【2:診療所】【診療科目:内科】沖縄県宮古島市平良西仲宗根" }, "geometry": { "type": "Point", "coordinates": [ 125.28008, 24.810137 ] } },
{ "type": "Feature", "properties": { "ID": "472746", "正式名称": "古謝内科医院", "機関区分": 2, "都道府県コード": 47, "市区町村コード": 201, "所在地": "沖縄県那覇市泉崎２－７－２", "緯度": 26.209764, "経度": 127.679386, "url": "https://www.iryou.teikyouseido.mhlw.go.jp/znk-web/juminkanja/S2430/initialize?prefCd=47&kikanCd=746&kikanKbn=2", "url2": null, "内容": "古謝内科医院【2:診療所】【診療科目:内科】沖縄県那覇市泉崎２－７－２" }, "geometry": { "type": "Point", "coordinates": [ 127.679386, 26.209764 ] } },
{ "type": "Feature", "properties": { "ID": "472755", "正式名称": "那覇西クリニック", "機関区分": 2, "都道府県コード": 47, "市区町村コード": 201, "所在地": "沖縄県那覇市赤嶺２－１－９", "緯度": 26.193022, "経度": 127.661478, "url": "https://www.iryou.teikyouseido.mhlw.go.jp/znk-web/juminkanja/S2430/initialize?prefCd=47&kikanCd=755&kikanKbn=2", "url2": "http:www.naha-nishi-clinic.or.jp", "内容": "那覇西クリニック【2:診療所】【診療科目:内科_外科_乳腺外科】沖縄県那覇市赤嶺２－１－９" }, "geometry": { "type": "Point", "coordinates": [ 127.661478, 26.193022 ] } },
{ "type": "Feature", "properties": { "ID": "472759", "正式名称": "いけま小児クリニック", "機関区分": 2, "都道府県コード": 47, "市区町村コード": 201, "所在地": "沖縄県那覇市真嘉比二丁目一番地の五", "緯度": 26.22498, "経度": 127.686885, "url": "https://www.iryou.teikyouseido.mhlw.go.jp/znk-web/juminkanja/S2430/initialize?prefCd=47&kikanCd=759&kikanKbn=2", "url2": null, "内容": "いけま小児クリニック【2:診療所】【診療科目:小児科】沖縄県那覇市真嘉比二丁目一番地の五" }, "geometry": { "type": "Point", "coordinates": [ 127.686885, 26.22498 ] } },
{ "type": "Feature", "properties": { "ID": "472771", "正式名称": "医療法人涼音会整形外科てるクリニック", "機関区分": 2, "都道府県コード": 47, "市区町村コード": 201, "所在地": "沖縄県那覇市天久", "緯度": 26.229816, "経度": 127.68996, "url": "https://www.iryou.teikyouseido.mhlw.go.jp/znk-web/juminkanja/S2430/initialize?prefCd=47&kikanCd=771&kikanKbn=2", "url2": null, "内容": "医療法人涼音会整形外科てるクリニック【2:診療所】【診療科目:整形外科_リハビリテーション科】沖縄県那覇市天久" }, "geometry": { "type": "Point", "coordinates": [ 127.68996, 26.229816 ] } },
{ "type": "Feature", "properties": { "ID": "472780", "正式名称": "新川クリニック", "機関区分": 2, "都道府県コード": 47, "市区町村コード": 201, "所在地": "沖縄県那覇市壺屋１丁目２番１６号", "緯度": 26.212197, "経度": 127.689933, "url": "https://www.iryou.teikyouseido.mhlw.go.jp/znk-web/juminkanja/S2430/initialize?prefCd=47&kikanCd=780&kikanKbn=2", "url2": null, "内容": "新川クリニック【2:診療所】【診療科目:内科_呼吸器内科_循環器内科_消化器内科_胃腸内科_外科_整形外科_皮膚科_リハビリテーション科】沖縄県那覇市壺屋１丁目２番１６号" }, "geometry": { "type": "Point", "coordinates": [ 127.689933, 26.212197 ] } },
{ "type": "Feature", "properties": { "ID": "472783", "正式名称": "あさひ眼科", "機関区分": 2, "都道府県コード": 47, "市区町村コード": 201, "所在地": "沖縄県那覇市長田１－１－１", "緯度": 26.264522, "経度": 127.766478, "url": "https://www.iryou.teikyouseido.mhlw.go.jp/znk-web/juminkanja/S2430/initialize?prefCd=47&kikanCd=783&kikanKbn=2", "url2": null, "内容": "あさひ眼科【2:診療所】【診療科目:眼科】沖縄県那覇市長田１－１－１" }, "geometry": { "type": "Point", "coordinates": [ 127.766478, 26.264522 ] } },
{ "type": "Feature", "properties": { "ID": "472796", "正式名称": "かもめクリニック", "機関区分": 2, "都道府県コード": 47, "市区町村コード": 208, "所在地": "沖縄県浦添市経塚６３３番地　メディカルＫプラザ３階", "緯度": 26.237514, "経度": 127.721789, "url": "https://www.iryou.teikyouseido.mhlw.go.jp/znk-web/juminkanja/S2430/initialize?prefCd=47&kikanCd=796&kikanKbn=2", "url2": "infoheian-hp.or.jp", "内容": "かもめクリニック【2:診療所】【診療科目:心療内科】沖縄県浦添市経塚６３３番地　メディカルＫプラザ３階" }, "geometry": { "type": "Point", "coordinates": [ 127.721789, 26.237514 ] } },
{ "type": "Feature", "properties": { "ID": "472797", "正式名称": "金井医院", "機関区分": 2, "都道府県コード": 47, "市区町村コード": 201, "所在地": "沖縄県那覇市首里石嶺町３－２１８－３", "緯度": 26.228158, "経度": 127.728983, "url": "https://www.iryou.teikyouseido.mhlw.go.jp/znk-web/juminkanja/S2430/initialize?prefCd=47&kikanCd=797&kikanKbn=2", "url2": null, "内容": "金井医院【2:診療所】【診療科目:内科_外科_整形外科】沖縄県那覇市首里石嶺町３－２１８－３" }, "geometry": { "type": "Point", "coordinates": [ 127.728983, 26.228158 ] } },
{ "type": "Feature", "properties": { "ID": "472798", "正式名称": "首里協同クリニック", "機関区分": 2, "都道府県コード": 47, "市区町村コード": 201, "所在地": "沖縄県那覇市首里石嶺町", "緯度": 26.236256, "経度": 127.73241, "url": "https://www.iryou.teikyouseido.mhlw.go.jp/znk-web/juminkanja/S2430/initialize?prefCd=47&kikanCd=798&kikanKbn=2", "url2": null, "内容": "首里協同クリニック【2:診療所】【診療科目:内科】沖縄県那覇市首里石嶺町" }, "geometry": { "type": "Point", "coordinates": [ 127.73241, 26.236256 ] } },
{ "type": "Feature", "properties": { "ID": "472810", "正式名称": "白井クリニック", "機関区分": 2, "都道府県コード": 47, "市区町村コード": 201, "所在地": "沖縄県那覇市真地５２－３", "緯度": 26.204975, "経度": 127.718429, "url": "https://www.iryou.teikyouseido.mhlw.go.jp/znk-web/juminkanja/S2430/initialize?prefCd=47&kikanCd=810&kikanKbn=2", "url2": null, "内容": "白井クリニック【2:診療所】【診療科目:内科_小児科_皮膚科】沖縄県那覇市真地５２－３" }, "geometry": { "type": "Point", "coordinates": [ 127.718429, 26.204975 ] } },
{ "type": "Feature", "properties": { "ID": "472814", "正式名称": "茶園耳鼻科", "機関区分": 2, "都道府県コード": 47, "市区町村コード": 201, "所在地": "沖縄県那覇市小禄２－３－１７", "緯度": 26.190403, "経度": 127.675072, "url": "https://www.iryou.teikyouseido.mhlw.go.jp/znk-web/juminkanja/S2430/initialize?prefCd=47&kikanCd=814&kikanKbn=2", "url2": null, "内容": "茶園耳鼻科【2:診療所】【診療科目:耳鼻いんこう科】沖縄県那覇市小禄２－３－１７" }, "geometry": { "type": "Point", "coordinates": [ 127.675072, 26.190403 ] } },
{ "type": "Feature", "properties": { "ID": "472815", "正式名称": "長田クリニック", "機関区分": 2, "都道府県コード": 47, "市区町村コード": 201, "所在地": "沖縄県那覇市国場３３４－１", "緯度": 26.192242, "経度": 127.705719, "url": "https://www.iryou.teikyouseido.mhlw.go.jp/znk-web/juminkanja/S2430/initialize?prefCd=47&kikanCd=815&kikanKbn=2", "url2": null, "内容": "長田クリニック【2:診療所】【診療科目:精神科】沖縄県那覇市国場３３４－１" }, "geometry": { "type": "Point", "coordinates": [ 127.705719, 26.192242 ] } },
{ "type": "Feature", "properties": { "ID": "472820", "正式名称": "中央皮フ科", "機関区分": 2, "都道府県コード": 47, "市区町村コード": 201, "所在地": "沖縄県那覇市松尾", "緯度": 26.21436, "経度": 127.686844, "url": "https://www.iryou.teikyouseido.mhlw.go.jp/znk-web/juminkanja/S2430/initialize?prefCd=47&kikanCd=820&kikanKbn=2", "url2": null, "内容": "中央皮フ科【2:診療所】【診療科目:皮膚科】沖縄県那覇市松尾" }, "geometry": { "type": "Point", "coordinates": [ 127.686844, 26.21436 ] } },
{ "type": "Feature", "properties": { "ID": "472836", "正式名称": "曙クリニック", "機関区分": 2, "都道府県コード": 47, "市区町村コード": 201, "所在地": "沖縄県那覇市曙", "緯度": 26.241117, "経度": 127.683222, "url": "https://www.iryou.teikyouseido.mhlw.go.jp/znk-web/juminkanja/S2430/initialize?prefCd=47&kikanCd=836&kikanKbn=2", "url2": null, "内容": "曙クリニック【2:診療所】【診療科目:内科_胃腸内科_外科_皮膚科】沖縄県那覇市曙" }, "geometry": { "type": "Point", "coordinates": [ 127.683222, 26.241117 ] } },
{ "type": "Feature", "properties": { "ID": "472838", "正式名称": "鳥堀養生クリニック", "機関区分": 2, "都道府県コード": 47, "市区町村コード": 201, "所在地": "沖縄県那覇市首里当蔵町３－２１－２", "緯度": 26.218525, "経度": 127.722225, "url": "https://www.iryou.teikyouseido.mhlw.go.jp/znk-web/juminkanja/S2430/initialize?prefCd=47&kikanCd=838&kikanKbn=2", "url2": null, "内容": "鳥堀養生クリニック【2:診療所】【診療科目:内科_心療内科】沖縄県那覇市首里当蔵町３－２１－２" }, "geometry": { "type": "Point", "coordinates": [ 127.722225, 26.218525 ] } },
{ "type": "Feature", "properties": { "ID": "472844", "正式名称": "医療法人　八重洲クリニツク", "機関区分": 2, "都道府県コード": 47, "市区町村コード": 201, "所在地": "沖縄県那覇市松山２－２３－１３", "緯度": 26.221963, "経度": 127.679703, "url": "https://www.iryou.teikyouseido.mhlw.go.jp/znk-web/juminkanja/S2430/initialize?prefCd=47&kikanCd=844&kikanKbn=2", "url2": "http://www.yaesu-clinic.com/", "内容": "医療法人　八重洲クリニツク【2:診療所】【診療科目:内科_循環器内科_胃腸内科】沖縄県那覇市松山２－２３－１３" }, "geometry": { "type": "Point", "coordinates": [ 127.679703, 26.221963 ] } },
{ "type": "Feature", "properties": { "ID": "472868", "正式名称": "医療法人ゆうりなかおる小児科", "機関区分": 2, "都道府県コード": 47, "市区町村コード": 201, "所在地": "沖縄県那覇市国場７２４－３", "緯度": 26.198095, "経度": 127.698512, "url": "https://www.iryou.teikyouseido.mhlw.go.jp/znk-web/juminkanja/S2430/initialize?prefCd=47&kikanCd=868&kikanKbn=2", "url2": null, "内容": "医療法人ゆうりなかおる小児科【2:診療所】【診療科目:小児科】沖縄県那覇市国場７２４－３" }, "geometry": { "type": "Point", "coordinates": [ 127.698512, 26.198095 ] } },
{ "type": "Feature", "properties": { "ID": "472878", "正式名称": "医療法人十全会おおうらクリニック", "機関区分": 2, "都道府県コード": 47, "市区町村コード": 201, "所在地": "沖縄県那覇市高良３丁目５－２２", "緯度": 26.190454, "経度": 127.659657, "url": "https://www.iryou.teikyouseido.mhlw.go.jp/znk-web/juminkanja/S2430/initialize?prefCd=47&kikanCd=878&kikanKbn=2", "url2": "http://www.oura-cl.com", "内容": "医療法人十全会おおうらクリニック【2:診療所】【診療科目:内科_腎臓内科_リウマチ科】沖縄県那覇市高良３丁目５－２２" }, "geometry": { "type": "Point", "coordinates": [ 127.659657, 26.190454 ] } },
{ "type": "Feature", "properties": { "ID": "472880", "正式名称": "バークレーレディースクリニック", "機関区分": 2, "都道府県コード": 47, "市区町村コード": 208, "所在地": "沖縄県浦添市当山２－２－１１", "緯度": 26.252737, "経度": 127.738426, "url": "https://www.iryou.teikyouseido.mhlw.go.jp/znk-web/juminkanja/S2430/initialize?prefCd=47&kikanCd=880&kikanKbn=2", "url2": "https://www.barclays-lc.com/", "内容": "バークレーレディースクリニック【2:診療所】【診療科目:産婦人科_産科_婦人科】沖縄県浦添市当山２－２－１１" }, "geometry": { "type": "Point", "coordinates": [ 127.738426, 26.252737 ] } },
{ "type": "Feature", "properties": { "ID": "472891", "正式名称": "ファミリークリニック小禄", "機関区分": 2, "都道府県コード": 47, "市区町村コード": 201, "所在地": "沖縄県那覇市小禄四丁目一番地九　二階", "緯度": 26.189351, "経度": 127.673475, "url": "https://www.iryou.teikyouseido.mhlw.go.jp/znk-web/juminkanja/S2430/initialize?prefCd=47&kikanCd=891&kikanKbn=2", "url2": null, "内容": "ファミリークリニック小禄【2:診療所】【診療科目:内科_小児科】沖縄県那覇市小禄四丁目一番地九　二階" }, "geometry": { "type": "Point", "coordinates": [ 127.673475, 26.189351 ] } },
{ "type": "Feature", "properties": { "ID": "472896", "正式名称": "社会医療法人仁愛会　浦添総合病院健診センター", "機関区分": 2, "都道府県コード": 47, "市区町村コード": 208, "所在地": "沖縄県浦添市伊祖３－４２－１５", "緯度": 26.25855, "経度": 127.721786, "url": "https://www.iryou.teikyouseido.mhlw.go.jp/znk-web/juminkanja/S2430/initialize?prefCd=47&kikanCd=896&kikanKbn=2", "url2": "https://www.urasoekenshin.com/", "内容": "社会医療法人仁愛会　浦添総合病院健診センター【2:診療所】【診療科目:内科_婦人科_歯科】沖縄県浦添市伊祖３－４２－１５" }, "geometry": { "type": "Point", "coordinates": [ 127.721786, 26.25855 ] } },
{ "type": "Feature", "properties": { "ID": "472906", "正式名称": "山城消化器内科医院", "機関区分": 2, "都道府県コード": 47, "市区町村コード": 201, "所在地": "沖縄県那覇市樋川１－１８－２２", "緯度": 26.206675, "経度": 127.690175, "url": "https://www.iryou.teikyouseido.mhlw.go.jp/znk-web/juminkanja/S2430/initialize?prefCd=47&kikanCd=906&kikanKbn=2", "url2": null, "内容": "山城消化器内科医院【2:診療所】【診療科目:内科_糖尿病・内分泌内科_糖尿病・代謝内科】沖縄県那覇市樋川１－１８－２２" }, "geometry": { "type": "Point", "coordinates": [ 127.690175, 26.206675 ] } },
{ "type": "Feature", "properties": { "ID": "472908", "正式名称": "医療法人　グレイン　脳外科クリニック　くだ", "機関区分": 2, "都道府県コード": 47, "市区町村コード": 201, "所在地": "沖縄県那覇市樋川２－１－３７　なかもとビル　３階", "緯度": 26.211122, "経度": 127.691417, "url": "https://www.iryou.teikyouseido.mhlw.go.jp/znk-web/juminkanja/S2430/initialize?prefCd=47&kikanCd=908&kikanKbn=2", "url2": "http://w1.nirai.ne.jp/nsckuda-0501/", "内容": "医療法人　グレイン　脳外科クリニック　くだ【2:診療所】【診療科目:内科_脳神経外科】沖縄県那覇市樋川２－１－３７　なかもとビル　３階" }, "geometry": { "type": "Point", "coordinates": [ 127.691417, 26.211122 ] } },
{ "type": "Feature", "properties": { "ID": "472921", "正式名称": "陸上自衛隊那覇駐屯地医務室", "機関区分": 2, "都道府県コード": 47, "市区町村コード": 201, "所在地": "沖縄県那覇市字鏡水６７９", "緯度": 26.206083, "経度": 127.661989, "url": "https://www.iryou.teikyouseido.mhlw.go.jp/znk-web/juminkanja/S2430/initialize?prefCd=47&kikanCd=921&kikanKbn=2", "url2": null, "内容": "陸上自衛隊那覇駐屯地医務室【2:診療所】【診療科目:歯科】沖縄県那覇市字鏡水６７９" }, "geometry": { "type": "Point", "coordinates": [ 127.661989, 26.206083 ] } },
{ "type": "Feature", "properties": { "ID": "472930", "正式名称": "医療法人尊和会げんか耳鼻咽喉科", "機関区分": 2, "都道府県コード": 47, "市区町村コード": 208, "所在地": "沖縄県浦添市伊祖２－３－１－２０１", "緯度": 26.253159, "経度": 127.714258, "url": "https://www.iryou.teikyouseido.mhlw.go.jp/znk-web/juminkanja/S2430/initialize?prefCd=47&kikanCd=930&kikanKbn=2", "url2": "https://genka-ent.com/", "内容": "医療法人尊和会げんか耳鼻咽喉科【2:診療所】【診療科目:気管食道・耳鼻いんこう科】沖縄県浦添市伊祖２－３－１－２０１" }, "geometry": { "type": "Point", "coordinates": [ 127.714258, 26.253159 ] } },
{ "type": "Feature", "properties": { "ID": "472943", "正式名称": "仲本内科・小児科", "機関区分": 2, "都道府県コード": 47, "市区町村コード": 201, "所在地": "沖縄県那覇市銘苅", "緯度": 26.231144, "経度": 127.700584, "url": "https://www.iryou.teikyouseido.mhlw.go.jp/znk-web/juminkanja/S2430/initialize?prefCd=47&kikanCd=943&kikanKbn=2", "url2": null, "内容": "仲本内科・小児科【2:診療所】【診療科目:内科_小児科】沖縄県那覇市銘苅" }, "geometry": { "type": "Point", "coordinates": [ 127.700584, 26.231144 ] } },
{ "type": "Feature", "properties": { "ID": "472944", "正式名称": "まきし眼科クリニック", "機関区分": 2, "都道府県コード": 47, "市区町村コード": 201, "所在地": "沖縄県那覇市銘苅２丁目４番１８号（１０２）", "緯度": 26.230703, "経度": 127.699633, "url": "https://www.iryou.teikyouseido.mhlw.go.jp/znk-web/juminkanja/S2430/initialize?prefCd=47&kikanCd=944&kikanKbn=2", "url2": null, "内容": "まきし眼科クリニック【2:診療所】【診療科目:眼科】沖縄県那覇市銘苅２丁目４番１８号（１０２）" }, "geometry": { "type": "Point", "coordinates": [ 127.699633, 26.230703 ] } },
{ "type": "Feature", "properties": { "ID": "472948", "正式名称": "けいわクリニック", "機関区分": 2, "都道府県コード": 47, "市区町村コード": 201, "所在地": "沖縄県那覇市牧志２丁目１７番１２号いとみね会館１階", "緯度": 26.217603, "経度": 127.691376, "url": "https://www.iryou.teikyouseido.mhlw.go.jp/znk-web/juminkanja/S2430/initialize?prefCd=47&kikanCd=948&kikanKbn=2", "url2": null, "内容": "けいわクリニック【2:診療所】【診療科目:内科_呼吸器内科_小児科_皮膚科】沖縄県那覇市牧志２丁目１７番１２号いとみね会館１階" }, "geometry": { "type": "Point", "coordinates": [ 127.691376, 26.217603 ] } },
{ "type": "Feature", "properties": { "ID": "472a0002", "正式名称": "医療法人恒心会北部皮フ科クリニック", "機関区分": 2, "都道府県コード": 47, "市区町村コード": 209, "所在地": "沖縄県名護市大北３－９－７", "緯度": 26.604692, "経度": 127.997019, "url": "https://www.iryou.teikyouseido.mhlw.go.jp/znk-web/juminkanja/S2430/initialize?prefCd=47&kikanCd=a0002&kikanKbn=2", "url2": "https://hokuhifu.com/", "内容": "医療法人恒心会北部皮フ科クリニック【2:診療所】【診療科目:皮膚科】沖縄県名護市大北３－９－７" }, "geometry": { "type": "Point", "coordinates": [ 127.997019, 26.604692 ] } },
{ "type": "Feature", "properties": { "ID": "472a0003", "正式名称": "たいら内科クリニック", "機関区分": 2, "都道府県コード": 47, "市区町村コード": 209, "所在地": "沖縄県名護市宮里６丁目８－７", "緯度": 26.601509, "経度": 127.9761, "url": "https://www.iryou.teikyouseido.mhlw.go.jp/znk-web/juminkanja/S2430/initialize?prefCd=47&kikanCd=a0003&kikanKbn=2", "url2": "https://www.taira708-cl.com/", "内容": "たいら内科クリニック【2:診療所】【診療科目:内科_血液内科】沖縄県名護市宮里６丁目８－７" }, "geometry": { "type": "Point", "coordinates": [ 127.9761, 26.601509 ] } },
{ "type": "Feature", "properties": { "ID": "472a0014", "正式名称": "あしとみ泌尿器科クリニック", "機関区分": 2, "都道府県コード": 47, "市区町村コード": 209, "所在地": "沖縄県名護市宮里５－１０－１７", "緯度": 26.598465, "経度": 127.973484, "url": "https://www.iryou.teikyouseido.mhlw.go.jp/znk-web/juminkanja/S2430/initialize?prefCd=47&kikanCd=a0014&kikanKbn=2", "url2": null, "内容": "あしとみ泌尿器科クリニック【2:診療所】【診療科目:小児泌尿器科_泌尿器科】沖縄県名護市宮里５－１０－１７" }, "geometry": { "type": "Point", "coordinates": [ 127.973484, 26.598465 ] } },
{ "type": "Feature", "properties": { "ID": "472a0022", "正式名称": "医療法人たいようのクリニック", "機関区分": 2, "都道府県コード": 47, "市区町村コード": 209, "所在地": "沖縄県名護市大西３－１５－１", "緯度": 26.598894, "経度": 127.985022, "url": "https://www.iryou.teikyouseido.mhlw.go.jp/znk-web/juminkanja/S2430/initialize?prefCd=47&kikanCd=a0022&kikanKbn=2", "url2": null, "内容": "医療法人たいようのクリニック【2:診療所】【診療科目:内科_腎臓内科_人工透析内科】沖縄県名護市大西３－１５－１" }, "geometry": { "type": "Point", "coordinates": [ 127.985022, 26.598894 ] } },
{ "type": "Feature", "properties": { "ID": "472a0038", "正式名称": "あき内科クリニック", "機関区分": 2, "都道府県コード": 47, "市区町村コード": 209, "所在地": "沖縄県名護市宇茂佐９１９－７センタービル１Ｆ", "緯度": 26.597039, "経度": 127.964331, "url": "https://www.iryou.teikyouseido.mhlw.go.jp/znk-web/juminkanja/S2430/initialize?prefCd=47&kikanCd=a0038&kikanKbn=2", "url2": "http://akinaikaclinic.jimdo.com/", "内容": "あき内科クリニック【2:診療所】【診療科目:内科_腎臓内科_リウマチ科】沖縄県名護市宇茂佐９１９－７センタービル１Ｆ" }, "geometry": { "type": "Point", "coordinates": [ 127.964331, 26.597039 ] } },
{ "type": "Feature", "properties": { "ID": "472b2003", "正式名称": "医療法人正敬会　あきら整形外科クリニック", "機関区分": 2, "都道府県コード": 47, "市区町村コード": 211, "所在地": "沖縄県沖縄市古謝２丁目１９番５号", "緯度": 26.333642, "経度": 127.8354, "url": "https://www.iryou.teikyouseido.mhlw.go.jp/znk-web/juminkanja/S2430/initialize?prefCd=47&kikanCd=b2003&kikanKbn=2", "url2": null, "内容": "医療法人正敬会　あきら整形外科クリニック【2:診療所】【診療科目:整形外科_リハビリテーション科】沖縄県沖縄市古謝２丁目１９番５号" }, "geometry": { "type": "Point", "coordinates": [ 127.8354, 26.333642 ] } },
{ "type": "Feature", "properties": { "ID": "472b2006", "正式名称": "かんだ在宅クリニック", "機関区分": 2, "都道府県コード": 47, "市区町村コード": 324, "所在地": "沖縄県中頭郡読谷村長浜１５６６－３　Ｂｕｒｉｓｅｒａ　Ｈｏｕｓｅ　Ｂ－２", "緯度": 26.416355, "経度": 127.730994, "url": "https://www.iryou.teikyouseido.mhlw.go.jp/znk-web/juminkanja/S2430/initialize?prefCd=47&kikanCd=b2006&kikanKbn=2", "url2": "https://www.kanda-hc.com/", "内容": "かんだ在宅クリニック【2:診療所】【診療科目:内科_外科】沖縄県中頭郡読谷村長浜１５６６－３　Ｂｕｒｉｓｅｒａ　Ｈｏｕｓｅ　Ｂ－２" }, "geometry": { "type": "Point", "coordinates": [ 127.730994, 26.416355 ] } },
{ "type": "Feature", "properties": { "ID": "472b2007", "正式名称": "ブルーペンギン胃腸内科クリニック", "機関区分": 2, "都道府県コード": 47, "市区町村コード": 205, "所在地": "沖縄県宜野湾市長田１－２９－１", "緯度": 26.2629, "経度": 127.762215, "url": "https://www.iryou.teikyouseido.mhlw.go.jp/znk-web/juminkanja/S2430/initialize?prefCd=47&kikanCd=b2007&kikanKbn=2", "url2": null, "内容": "ブルーペンギン胃腸内科クリニック【2:診療所】【診療科目:内科_消化器内科】沖縄県宜野湾市長田１－２９－１" }, "geometry": { "type": "Point", "coordinates": [ 127.762215, 26.2629 ] } },
{ "type": "Feature", "properties": { "ID": "472b2010", "正式名称": "すながわ内科クリニック", "機関区分": 2, "都道府県コード": 47, "市区町村コード": 213, "所在地": "沖縄県うるま市江洲６００番地５", "緯度": 26.331481, "経度": 127.796836, "url": "https://www.iryou.teikyouseido.mhlw.go.jp/znk-web/juminkanja/S2430/initialize?prefCd=47&kikanCd=b2010&kikanKbn=2", "url2": "https://www.sunagawamc.com", "内容": "すながわ内科クリニック【2:診療所】【診療科目:内科_糖尿病内科_呼吸器内科_循環器内科_腎臓内科_人工透析内科_リハビリテーション科】沖縄県うるま市江洲６００番地５" }, "geometry": { "type": "Point", "coordinates": [ 127.796836, 26.331481 ] } },
{ "type": "Feature", "properties": { "ID": "472b2011", "正式名称": "みさと耳鼻科", "機関区分": 2, "都道府県コード": 47, "市区町村コード": 211, "所在地": "沖縄県沖縄市美原４丁目１番１５号　２階", "緯度": 26.351778, "経度": 127.818056, "url": "https://www.iryou.teikyouseido.mhlw.go.jp/znk-web/juminkanja/S2430/initialize?prefCd=47&kikanCd=b2011&kikanKbn=2", "url2": null, "内容": "みさと耳鼻科【2:診療所】【診療科目:耳鼻いんこう科】沖縄県沖縄市美原４丁目１番１５号　２階" }, "geometry": { "type": "Point", "coordinates": [ 127.818056, 26.351778 ] } },
{ "type": "Feature", "properties": { "ID": "472b2021", "正式名称": "ぎのわんメンタルクリニック", "機関区分": 2, "都道府県コード": 47, "市区町村コード": 205, "所在地": "沖縄県宜野湾市大謝名１－１７－３１", "緯度": 26.267059, "経度": 127.736568, "url": "https://www.iryou.teikyouseido.mhlw.go.jp/znk-web/juminkanja/S2430/initialize?prefCd=47&kikanCd=b2021&kikanKbn=2", "url2": "https://ginowan-mental-clinic.com", "内容": "ぎのわんメンタルクリニック【2:診療所】【診療科目:精神科_心療内科】沖縄県宜野湾市大謝名１－１７－３１" }, "geometry": { "type": "Point", "coordinates": [ 127.736568, 26.267059 ] } },
{ "type": "Feature", "properties": { "ID": "472b2024", "正式名称": "ＯＩＳＴクリニック", "機関区分": 2, "都道府県コード": 47, "市区町村コード": 311, "所在地": "沖縄県国頭郡恩納村字谷茶１９１９‐１沖縄科学技術大学院大学　第４研究棟　Ｃ１６", "緯度": 26.4649533, "経度": 127.8301187, "url": "https://www.iryou.teikyouseido.mhlw.go.jp/znk-web/juminkanja/S2430/initialize?prefCd=47&kikanCd=b2024&kikanKbn=2", "url2": "https://www.oist.jp/ja/clinic", "内容": "ＯＩＳＴクリニック【2:診療所】【診療科目:内科_精神科】沖縄県国頭郡恩納村字谷茶１９１９‐１沖縄科学技術大学院大学　第４研究棟　Ｃ１６" }, "geometry": { "type": "Point", "coordinates": [ 127.8301187, 26.4649533 ] } },
{ "type": "Feature", "properties": { "ID": "472b2025", "正式名称": "まちだクリニック", "機関区分": 2, "都道府県コード": 47, "市区町村コード": 326, "所在地": "沖縄県中頭郡北谷町上勢頭５５６－３", "緯度": 26.328828, "経度": 127.775868, "url": "https://www.iryou.teikyouseido.mhlw.go.jp/znk-web/juminkanja/S2430/initialize?prefCd=47&kikanCd=b2025&kikanKbn=2", "url2": "https://machida-clinic.com/", "内容": "まちだクリニック【2:診療所】【診療科目:内視鏡内科_外科】沖縄県中頭郡北谷町上勢頭５５６－３" }, "geometry": { "type": "Point", "coordinates": [ 127.775868, 26.328828 ] } },
{ "type": "Feature", "properties": { "ID": "472b2026", "正式名称": "とうま整形外科クリニック", "機関区分": 2, "都道府県コード": 47, "市区町村コード": 326, "所在地": "沖縄県中頭郡北谷町桑江１丁目５番３９号２階", "緯度": 26.319862, "経度": 127.762403, "url": "https://www.iryou.teikyouseido.mhlw.go.jp/znk-web/juminkanja/S2430/initialize?prefCd=47&kikanCd=b2026&kikanKbn=2", "url2": "https://toma-orthopaedic.or.jp/", "内容": "とうま整形外科クリニック【2:診療所】【診療科目:整形外科_リハビリテーション科】沖縄県中頭郡北谷町桑江１丁目５番３９号２階" }, "geometry": { "type": "Point", "coordinates": [ 127.762403, 26.319862 ] } },
{ "type": "Feature", "properties": { "ID": "472b2027", "正式名称": "アイクリニック中の町", "機関区分": 2, "都道府県コード": 47, "市区町村コード": 211, "所在地": "沖縄県沖縄市上地１ー１１ー２ヨシヒラ２Ｆ", "緯度": 26.332592, "経度": 127.79806, "url": "https://www.iryou.teikyouseido.mhlw.go.jp/znk-web/juminkanja/S2430/initialize?prefCd=47&kikanCd=b2027&kikanKbn=2", "url2": null, "内容": "アイクリニック中の町【2:診療所】【診療科目:眼科】沖縄県沖縄市上地１ー１１ー２ヨシヒラ２Ｆ" }, "geometry": { "type": "Point", "coordinates": [ 127.79806, 26.332592 ] } },
{ "type": "Feature", "properties": { "ID": "472b2033", "正式名称": "医療法人ＬＯＫＡＨＩ　ライフスタイルクリニックＬｏｋａｈｉ", "機関区分": 2, "都道府県コード": 47, "市区町村コード": 211, "所在地": "沖縄県沖縄市山内２－９－１６－２階", "緯度": 26.323078, "経度": 127.787742, "url": "https://www.iryou.teikyouseido.mhlw.go.jp/znk-web/juminkanja/S2430/initialize?prefCd=47&kikanCd=b2033&kikanKbn=2", "url2": null, "内容": "医療法人ＬＯＫＡＨＩ　ライフスタイルクリニックＬｏｋａｈｉ【2:診療所】【診療科目:内科_形成外科】沖縄県沖縄市山内２－９－１６－２階" }, "geometry": { "type": "Point", "coordinates": [ 127.787742, 26.323078 ] } },
{ "type": "Feature", "properties": { "ID": "472b2035", "正式名称": "沖縄県立中部病院附属津堅診療所", "機関区分": 2, "都道府県コード": 47, "市区町村コード": 213, "所在地": "沖縄県うるま市勝連津堅１５８２番地", "緯度": 26.248506, "経度": 127.938708, "url": "https://www.iryou.teikyouseido.mhlw.go.jp/znk-web/juminkanja/S2430/initialize?prefCd=47&kikanCd=b2035&kikanKbn=2", "url2": null, "内容": "沖縄県立中部病院附属津堅診療所【2:診療所】【診療科目:内科_外科_小児科】沖縄県うるま市勝連津堅１５８２番地" }, "geometry": { "type": "Point", "coordinates": [ 127.938708, 26.248506 ] } },
{ "type": "Feature", "properties": { "ID": "472b2040", "正式名称": "愛誠園クリニック", "機関区分": 2, "都道府県コード": 47, "市区町村コード": 205, "所在地": "沖縄県宜野湾市伊佐３丁目２６番８号", "緯度": 26.292751, "経度": 127.75816, "url": "https://www.iryou.teikyouseido.mhlw.go.jp/znk-web/juminkanja/S2430/initialize?prefCd=47&kikanCd=b2040&kikanKbn=2", "url2": "http://aiseien-okinawa.com", "内容": "愛誠園クリニック【2:診療所】【診療科目:内科】沖縄県宜野湾市伊佐３丁目２６番８号" }, "geometry": { "type": "Point", "coordinates": [ 127.75816, 26.292751 ] } },
{ "type": "Feature", "properties": { "ID": "472b2041", "正式名称": "やすらぎクリニック", "機関区分": 2, "都道府県コード": 47, "市区町村コード": 328, "所在地": "沖縄県中頭郡中城村字南上原７５０番地", "緯度": 26.250319, "経度": 127.772373, "url": "https://www.iryou.teikyouseido.mhlw.go.jp/znk-web/juminkanja/S2430/initialize?prefCd=47&kikanCd=b2041&kikanKbn=2", "url2": null, "内容": "やすらぎクリニック【2:診療所】【診療科目:精神科_心療内科】沖縄県中頭郡中城村字南上原７５０番地" }, "geometry": { "type": "Point", "coordinates": [ 127.772373, 26.250319 ] } },
{ "type": "Feature", "properties": { "ID": "472b2045", "正式名称": "のだけこどもクリニック", "機関区分": 2, "都道府県コード": 47, "市区町村コード": 205, "所在地": "沖縄県宜野湾市野嵩二丁目１７番２２号", "緯度": 26.284946, "経度": 127.780808, "url": "https://www.iryou.teikyouseido.mhlw.go.jp/znk-web/juminkanja/S2430/initialize?prefCd=47&kikanCd=b2045&kikanKbn=2", "url2": null, "内容": "のだけこどもクリニック【2:診療所】【診療科目:小児科】沖縄県宜野湾市野嵩二丁目１７番２２号" }, "geometry": { "type": "Point", "coordinates": [ 127.780808, 26.284946 ] } },
{ "type": "Feature", "properties": { "ID": "472b2052", "正式名称": "いすのき内科", "機関区分": 2, "都道府県コード": 47, "市区町村コード": 205, "所在地": "沖縄県宜野湾市普天間２－４－５", "緯度": 26.288114, "経度": 127.776636, "url": "https://www.iryou.teikyouseido.mhlw.go.jp/znk-web/juminkanja/S2430/initialize?prefCd=47&kikanCd=b2052&kikanKbn=2", "url2": "https://www.isunoki-naika.com/", "内容": "いすのき内科【2:診療所】【診療科目:内科_糖尿病・内分泌内科】沖縄県宜野湾市普天間２－４－５" }, "geometry": { "type": "Point", "coordinates": [ 127.776636, 26.288114 ] } },
{ "type": "Feature", "properties": { "ID": "472b2058", "正式名称": "医療保人　きんクリニック", "機関区分": 2, "都道府県コード": 47, "市区町村コード": 314, "所在地": "沖縄県国頭郡金武町金武９４番地", "緯度": 26.455823, "経度": 127.925329, "url": "https://www.iryou.teikyouseido.mhlw.go.jp/znk-web/juminkanja/S2430/initialize?prefCd=47&kikanCd=b2058&kikanKbn=2", "url2": "https://www.kinclinic-okinawa.com/doctor", "内容": "医療保人　きんクリニック【2:診療所】【診療科目:内科_小児科_皮膚科】沖縄県国頭郡金武町金武９４番地" }, "geometry": { "type": "Point", "coordinates": [ 127.925329, 26.455823 ] } },
{ "type": "Feature", "properties": { "ID": "472b2067", "正式名称": "おおやま泌尿器科クリニック", "機関区分": 2, "都道府県コード": 47, "市区町村コード": 211, "所在地": "沖縄県沖縄市山里１−１−２−３０４", "緯度": 26.323886, "経度": 127.792598, "url": "https://www.iryou.teikyouseido.mhlw.go.jp/znk-web/juminkanja/S2430/initialize?prefCd=47&kikanCd=b2067&kikanKbn=2", "url2": "ohyama-uro.com", "内容": "おおやま泌尿器科クリニック【2:診療所】【診療科目:泌尿器科】沖縄県沖縄市山里１−１−２−３０４" }, "geometry": { "type": "Point", "coordinates": [ 127.792598, 26.323886 ] } },
{ "type": "Feature", "properties": { "ID": "472b2074", "正式名称": "中部ゆくいクリニック", "機関区分": 2, "都道府県コード": 47, "市区町村コード": 211, "所在地": "沖縄県沖縄市胡屋６－８－６", "緯度": 26.325022, "経度": 127.809692, "url": "https://www.iryou.teikyouseido.mhlw.go.jp/znk-web/juminkanja/S2430/initialize?prefCd=47&kikanCd=b2074&kikanKbn=2", "url2": "https://www.nerimanishi-clinic.com/chuubuyukui-clinic/", "内容": "中部ゆくいクリニック【2:診療所】【診療科目:内科】沖縄県沖縄市胡屋６－８－６" }, "geometry": { "type": "Point", "coordinates": [ 127.809692, 26.325022 ] } },
{ "type": "Feature", "properties": { "ID": "472b2075", "正式名称": "三愛眼科", "機関区分": 2, "都道府県コード": 47, "市区町村コード": 211, "所在地": "沖縄県沖縄市山内１－３－２８", "緯度": 26.326403, "経度": 127.787074, "url": "https://www.iryou.teikyouseido.mhlw.go.jp/znk-web/juminkanja/S2430/initialize?prefCd=47&kikanCd=b2075&kikanKbn=2", "url2": "https://www.sanai-okinawa.jp/", "内容": "三愛眼科【2:診療所】【診療科目:眼科】沖縄県沖縄市山内１－３－２８" }, "geometry": { "type": "Point", "coordinates": [ 127.787074, 26.326403 ] } },
{ "type": "Feature", "properties": { "ID": "472b2089", "正式名称": "ぎのわん皮フ科", "機関区分": 2, "都道府県コード": 47, "市区町村コード": 205, "所在地": "沖縄県宜野湾市上原１－１２－８　１階", "緯度": 26.277828, "経度": 127.777253, "url": "https://www.iryou.teikyouseido.mhlw.go.jp/znk-web/juminkanja/S2430/initialize?prefCd=47&kikanCd=b2089&kikanKbn=2", "url2": null, "内容": "ぎのわん皮フ科【2:診療所】【診療科目:皮膚科_美容皮膚科_アレルギー科】沖縄県宜野湾市上原１－１２－８　１階" }, "geometry": { "type": "Point", "coordinates": [ 127.777253, 26.277828 ] } },
{ "type": "Feature", "properties": { "ID": "472b2103", "正式名称": "西大條診療所", "機関区分": 2, "都道府県コード": 47, "市区町村コード": 311, "所在地": "沖縄県国頭郡恩納村谷茶５６５－１", "緯度": 26.466743, "経度": 127.82367, "url": "https://www.iryou.teikyouseido.mhlw.go.jp/znk-web/juminkanja/S2430/initialize?prefCd=47&kikanCd=b2103&kikanKbn=2", "url2": null, "内容": "西大條診療所【2:診療所】【診療科目:内科_小児科_放射線科】沖縄県国頭郡恩納村谷茶５６５－１" }, "geometry": { "type": "Point", "coordinates": [ 127.82367, 26.466743 ] } },
{ "type": "Feature", "properties": { "ID": "472c0002", "正式名称": "こころ耳鼻咽喉科", "機関区分": 2, "都道府県コード": 47, "市区町村コード": 329, "所在地": "沖縄県中頭郡西原町小那覇２６６－１　メディカルプラザ　にしはらハート　４階", "緯度": 26.224007, "経度": 127.766057, "url": "https://www.iryou.teikyouseido.mhlw.go.jp/znk-web/juminkanja/S2430/initialize?prefCd=47&kikanCd=c0002&kikanKbn=2", "url2": "cocoro-ent.jp", "内容": "こころ耳鼻咽喉科【2:診療所】【診療科目:頭頸部外科_小児科_耳鼻いんこう科】沖縄県中頭郡西原町小那覇２６６－１　メディカルプラザ　にしはらハート　４階" }, "geometry": { "type": "Point", "coordinates": [ 127.766057, 26.224007 ] } },
{ "type": "Feature", "properties": { "ID": "472c0004", "正式名称": "医療法人　仁清会　かみや母と子のクリニック", "機関区分": 2, "都道府県コード": 47, "市区町村コード": 210, "所在地": "沖縄県糸満市阿波根", "緯度": 26.151622, "経度": 127.672542, "url": "https://www.iryou.teikyouseido.mhlw.go.jp/znk-web/juminkanja/S2430/initialize?prefCd=47&kikanCd=c0004&kikanKbn=2", "url2": "http://hahatoko.cool.ne.jp", "内容": "医療法人　仁清会　かみや母と子のクリニック【2:診療所】【診療科目:小児科_産婦人科】沖縄県糸満市阿波根" }, "geometry": { "type": "Point", "coordinates": [ 127.672542, 26.151622 ] } },
{ "type": "Feature", "properties": { "ID": "472c0005", "正式名称": "つかざんクリニック", "機関区分": 2, "都道府県コード": 47, "市区町村コード": 350, "所在地": "沖縄県島尻郡南風原町津嘉山", "緯度": 26.187742, "経度": 127.71007, "url": "https://www.iryou.teikyouseido.mhlw.go.jp/znk-web/juminkanja/S2430/initialize?prefCd=47&kikanCd=c0005&kikanKbn=2", "url2": "http://tsukazan-clinic.com", "内容": "つかざんクリニック【2:診療所】【診療科目:内科_消化器内科】沖縄県島尻郡南風原町津嘉山" }, "geometry": { "type": "Point", "coordinates": [ 127.71007, 26.187742 ] } },
{ "type": "Feature", "properties": { "ID": "472c0011", "正式名称": "浦添伊祖皮膚科", "機関区分": 2, "都道府県コード": 47, "市区町村コード": 208, "所在地": "沖縄県浦添市伊祖２－１－３　メディカルプレイス伊祖３Ｆ", "緯度": 26.251649, "経度": 127.714233, "url": "https://www.iryou.teikyouseido.mhlw.go.jp/znk-web/juminkanja/S2430/initialize?prefCd=47&kikanCd=c0011&kikanKbn=2", "url2": "https://urasoe-iso-hifuka.skin/", "内容": "浦添伊祖皮膚科【2:診療所】【診療科目:皮膚科】沖縄県浦添市伊祖２－１－３　メディカルプレイス伊祖３Ｆ" }, "geometry": { "type": "Point", "coordinates": [ 127.714233, 26.251649 ] } },
{ "type": "Feature", "properties": { "ID": "472c0012", "正式名称": "ブランクリニック沖縄豊見城院", "機関区分": 2, "都道府県コード": 47, "市区町村コード": 212, "所在地": "沖縄県豊見城市豊崎３番３５他イーアス沖縄豊崎３１７０区画", "緯度": 26.1577285, "経度": 127.6509467, "url": "https://www.iryou.teikyouseido.mhlw.go.jp/znk-web/juminkanja/S2430/initialize?prefCd=47&kikanCd=c0012&kikanKbn=2", "url2": null, "内容": "ブランクリニック沖縄豊見城院【2:診療所】【診療科目:美容皮膚科】沖縄県豊見城市豊崎３番３５他イーアス沖縄豊崎３１７０区画" }, "geometry": { "type": "Point", "coordinates": [ 127.6509467, 26.1577285 ] } },
{ "type": "Feature", "properties": { "ID": "472c0013", "正式名称": "医療法人広和会のはら小児科医院", "機関区分": 2, "都道府県コード": 47, "市区町村コード": 350, "所在地": "沖縄県島尻郡南風原町兼城２５８番地", "緯度": 26.196631, "経度": 127.731043, "url": "https://www.iryou.teikyouseido.mhlw.go.jp/znk-web/juminkanja/S2430/initialize?prefCd=47&kikanCd=c0013&kikanKbn=2", "url2": null, "内容": "医療法人広和会のはら小児科医院【2:診療所】【診療科目:小児科】沖縄県島尻郡南風原町兼城２５８番地" }, "geometry": { "type": "Point", "coordinates": [ 127.731043, 26.196631 ] } },
{ "type": "Feature", "properties": { "ID": "472c0014", "正式名称": "医療法人信山会南城つはこクリニック", "機関区分": 2, "都道府県コード": 47, "市区町村コード": 215, "所在地": "沖縄県南城市佐敷津波古４３３番地", "緯度": 26.184039, "経度": 127.774467, "url": "https://www.iryou.teikyouseido.mhlw.go.jp/znk-web/juminkanja/S2430/initialize?prefCd=47&kikanCd=c0014&kikanKbn=2", "url2": "http://www.nanjo-tsuhako-clinic.com", "内容": "医療法人信山会南城つはこクリニック【2:診療所】【診療科目:内科_外科_心療内科】沖縄県南城市佐敷津波古４３３番地" }, "geometry": { "type": "Point", "coordinates": [ 127.774467, 26.184039 ] } },
{ "type": "Feature", "properties": { "ID": "472c0024", "正式名称": "南の風皮フ科", "機関区分": 2, "都道府県コード": 47, "市区町村コード": 350, "所在地": "沖縄県島尻郡南風原町与那覇２８３番地メディカルプラザはえばる１階", "緯度": 26.200416, "経度": 127.738864, "url": "https://www.iryou.teikyouseido.mhlw.go.jp/znk-web/juminkanja/S2430/initialize?prefCd=47&kikanCd=c0024&kikanKbn=2", "url2": "https://southwind-sc.com/", "内容": "南の風皮フ科【2:診療所】【診療科目:皮膚科】沖縄県島尻郡南風原町与那覇２８３番地メディカルプラザはえばる１階" }, "geometry": { "type": "Point", "coordinates": [ 127.738864, 26.200416 ] } },
{ "type": "Feature", "properties": { "ID": "472c0030", "正式名称": "医療法人明優会　あかし内科クリニック", "機関区分": 2, "都道府県コード": 47, "市区町村コード": 215, "所在地": "沖縄県南城市知念久原６９３エスペランサ華満進１Ｆ", "緯度": 26.187207, "経度": 127.807047, "url": "https://www.iryou.teikyouseido.mhlw.go.jp/znk-web/juminkanja/S2430/initialize?prefCd=47&kikanCd=c0030&kikanKbn=2", "url2": "https://www.akashinaika.okinawa/", "内容": "医療法人明優会　あかし内科クリニック【2:診療所】【診療科目:内科】沖縄県南城市知念久原６９３エスペランサ華満進１Ｆ" }, "geometry": { "type": "Point", "coordinates": [ 127.807047, 26.187207 ] } },
{ "type": "Feature", "properties": { "ID": "472c0033", "正式名称": "楠見耳鼻咽喉科", "機関区分": 2, "都道府県コード": 47, "市区町村コード": 208, "所在地": "沖縄県浦添市前田１１４９番地１４", "緯度": 26.239131, "経度": 127.730744, "url": "https://www.iryou.teikyouseido.mhlw.go.jp/znk-web/juminkanja/S2430/initialize?prefCd=47&kikanCd=c0033&kikanKbn=2", "url2": null, "内容": "楠見耳鼻咽喉科【2:診療所】【診療科目:耳鼻いんこう科】沖縄県浦添市前田１１４９番地１４" }, "geometry": { "type": "Point", "coordinates": [ 127.730744, 26.239131 ] } },
{ "type": "Feature", "properties": { "ID": "472c0036", "正式名称": "ティーダこどもクリニック", "機関区分": 2, "都道府県コード": 47, "市区町村コード": 208, "所在地": "沖縄県浦添市城間４丁目３番１０－１号", "緯度": 26.255899, "経度": 127.714625, "url": "https://www.iryou.teikyouseido.mhlw.go.jp/znk-web/juminkanja/S2430/initialize?prefCd=47&kikanCd=c0036&kikanKbn=2", "url2": "tidakodomo1104.com", "内容": "ティーダこどもクリニック【2:診療所】【診療科目:小児科_小児耳鼻いんこう科_小児皮膚科】沖縄県浦添市城間４丁目３番１０－１号" }, "geometry": { "type": "Point", "coordinates": [ 127.714625, 26.255899 ] } },
{ "type": "Feature", "properties": { "ID": "472c0087", "正式名称": "社会医療法人かりゆし会ハートライフクリニック", "機関区分": 2, "都道府県コード": 47, "市区町村コード": 329, "所在地": "沖縄県中頭郡西原町掛保久２８８番地", "緯度": 26.231834, "経度": 127.77179, "url": "https://www.iryou.teikyouseido.mhlw.go.jp/znk-web/juminkanja/S2430/initialize?prefCd=47&kikanCd=c0087&kikanKbn=2", "url2": null, "内容": "社会医療法人かりゆし会ハートライフクリニック【2:診療所】【診療科目:内科_糖尿病・内分泌内科_小児科】沖縄県中頭郡西原町掛保久２８８番地" }, "geometry": { "type": "Point", "coordinates": [ 127.77179, 26.231834 ] } },
{ "type": "Feature", "properties": { "ID": "472c0091", "正式名称": "にぬふぁぶし診療所", "機関区分": 2, "都道府県コード": 47, "市区町村コード": 208, "所在地": "沖縄県浦添市牧港一丁目１０番１号", "緯度": 26.266164, "経度": 127.723589, "url": "https://www.iryou.teikyouseido.mhlw.go.jp/znk-web/juminkanja/S2430/initialize?prefCd=47&kikanCd=c0091&kikanKbn=2", "url2": "https://haku-ai.or.jp/ninufabushi/", "内容": "にぬふぁぶし診療所【2:診療所】【診療科目:内科_呼吸器内科_老年・呼吸器内科_循環器内科_老年内科】沖縄県浦添市牧港一丁目１０番１号" }, "geometry": { "type": "Point", "coordinates": [ 127.723589, 26.266164 ] } },
{ "type": "Feature", "properties": { "ID": "472c0094", "正式名称": "医療法人社団心愛会　ＴＯＷＮ訪問診療所沖縄", "機関区分": 2, "都道府県コード": 47, "市区町村コード": 329, "所在地": "沖縄県中頭郡西原町字東崎２２番地の３ムーンテラス東崎Ｃ棟１０３号室", "緯度": 26.212315, "経度": 127.769072, "url": "https://www.iryou.teikyouseido.mhlw.go.jp/znk-web/juminkanja/S2430/initialize?prefCd=47&kikanCd=c0094&kikanKbn=2", "url2": null, "内容": "医療法人社団心愛会　ＴＯＷＮ訪問診療所沖縄【2:診療所】【診療科目:内科_循環器内科_形成外科_皮膚科】沖縄県中頭郡西原町字東崎２２番地の３ムーンテラス東崎Ｃ棟１０３号室" }, "geometry": { "type": "Point", "coordinates": [ 127.769072, 26.212315 ] } },
{ "type": "Feature", "properties": { "ID": "472f1000", "正式名称": "ＡＧＡスキンクリニック沖縄院", "機関区分": 2, "都道府県コード": 47, "市区町村コード": 201, "所在地": "沖縄県那覇市久茂地二丁目８番７号久茂地ＫＭビル７階", "緯度": 26.21683, "経度": 127.680003, "url": "https://www.iryou.teikyouseido.mhlw.go.jp/znk-web/juminkanja/S2430/initialize?prefCd=47&kikanCd=f1000&kikanKbn=2", "url2": "https://www.agaskin.net/clinic/ow/", "内容": "ＡＧＡスキンクリニック沖縄院【2:診療所】【診療科目:美容皮膚科_頭部皮膚科】沖縄県那覇市久茂地二丁目８番７号久茂地ＫＭビル７階" }, "geometry": { "type": "Point", "coordinates": [ 127.680003, 26.21683 ] } },
{ "type": "Feature", "properties": { "ID": "472f1006", "正式名称": "三原内科クリニック", "機関区分": 2, "都道府県コード": 47, "市区町村コード": 201, "所在地": "沖縄県那覇市三原２丁目３０－５", "緯度": 26.212486, "経度": 127.702475, "url": "https://www.iryou.teikyouseido.mhlw.go.jp/znk-web/juminkanja/S2430/initialize?prefCd=47&kikanCd=f1006&kikanKbn=2", "url2": null, "内容": "三原内科クリニック【2:診療所】【診療科目:内科_糖尿病内科_呼吸器内科_循環器内科_消化器内科_腎臓内科_老年内科_心療内科】沖縄県那覇市三原２丁目３０－５" }, "geometry": { "type": "Point", "coordinates": [ 127.702475, 26.212486 ] } },
{ "type": "Feature", "properties": { "ID": "472f1007", "正式名称": "エミナルクリニック那覇院", "機関区分": 2, "都道府県コード": 47, "市区町村コード": 201, "所在地": "沖縄県那覇市東町４−１５幸ビル４階", "緯度": 26.211376, "経度": 127.67508, "url": "https://www.iryou.teikyouseido.mhlw.go.jp/znk-web/juminkanja/S2430/initialize?prefCd=47&kikanCd=f1007&kikanKbn=2", "url2": null, "内容": "エミナルクリニック那覇院【2:診療所】【診療科目:美容皮膚科】沖縄県那覇市東町４−１５幸ビル４階" }, "geometry": { "type": "Point", "coordinates": [ 127.67508, 26.211376 ] } },
{ "type": "Feature", "properties": { "ID": "472f1020", "正式名称": "ＴＣＢ　東京中央美容外科・ＴＣＢ　スキンクリニック　那覇院", "機関区分": 2, "都道府県コード": 47, "市区町村コード": 201, "所在地": "沖縄県那覇市久茂地１－１－１パレットくもじ９Ｆ９０２", "緯度": 26.213964, "経度": 127.679644, "url": "https://www.iryou.teikyouseido.mhlw.go.jp/znk-web/juminkanja/S2430/initialize?prefCd=47&kikanCd=f1020&kikanKbn=2", "url2": null, "内容": "ＴＣＢ　東京中央美容外科・ＴＣＢ　スキンクリニック　那覇院【2:診療所】【診療科目:形成外科_美容外科_皮膚科_美容皮膚科】沖縄県那覇市久茂地１－１－１パレットくもじ９Ｆ９０２" }, "geometry": { "type": "Point", "coordinates": [ 127.679644, 26.213964 ] } },
{ "type": "Feature", "properties": { "ID": "472f1023", "正式名称": "あかりクリニック", "機関区分": 2, "都道府県コード": 47, "市区町村コード": 201, "所在地": "沖縄県那覇市字銘苅３０３番地メディカルヒルズめかるビル２階", "緯度": 26.236784, "経度": 127.697303, "url": "https://www.iryou.teikyouseido.mhlw.go.jp/znk-web/juminkanja/S2430/initialize?prefCd=47&kikanCd=f1023&kikanKbn=2", "url2": "https://www.akariclinic.com/", "内容": "あかりクリニック【2:診療所】【診療科目:精神科_心療内科】沖縄県那覇市字銘苅３０３番地メディカルヒルズめかるビル２階" }, "geometry": { "type": "Point", "coordinates": [ 127.697303, 26.236784 ] } },
{ "type": "Feature", "properties": { "ID": "472f1028", "正式名称": "まかび　心のクリニック", "機関区分": 2, "都道府県コード": 47, "市区町村コード": 201, "所在地": "沖縄県那覇市真嘉比１－７－１テンズまかび４階", "緯度": 26.222458, "経度": 127.703169, "url": "https://www.iryou.teikyouseido.mhlw.go.jp/znk-web/juminkanja/S2430/initialize?prefCd=47&kikanCd=f1028&kikanKbn=2", "url2": "https://makabi-balance.com/", "内容": "まかび　心のクリニック【2:診療所】【診療科目:精神科_心療内科_老年精神科_老年心療内科】沖縄県那覇市真嘉比１－７－１テンズまかび４階" }, "geometry": { "type": "Point", "coordinates": [ 127.703169, 26.222458 ] } },
{ "type": "Feature", "properties": { "ID": "472f1037", "正式名称": "医療法人　聖美会　ＪＯＥクリニック（那覇院）", "機関区分": 2, "都道府県コード": 47, "市区町村コード": 201, "所在地": "沖縄県那覇市牧志２－１８－７共伸産業ビル５Ｆ", "緯度": 26.219369, "経度": 127.685323, "url": "https://www.iryou.teikyouseido.mhlw.go.jp/znk-web/juminkanja/S2430/initialize?prefCd=47&kikanCd=f1037&kikanKbn=2", "url2": "https://www.joeclinic.jp/", "内容": "医療法人　聖美会　ＪＯＥクリニック（那覇院）【2:診療所】【診療科目:美容外科_美容皮膚科】沖縄県那覇市牧志２－１８－７共伸産業ビル５Ｆ" }, "geometry": { "type": "Point", "coordinates": [ 127.685323, 26.219369 ] } },
{ "type": "Feature", "properties": { "ID": "472f1038", "正式名称": "愛和ファミリークリニック", "機関区分": 2, "都道府県コード": 47, "市区町村コード": 201, "所在地": "沖縄県那覇市おもろまち３丁目６番３号", "緯度": 26.229914, "経度": 127.694661, "url": "https://www.iryou.teikyouseido.mhlw.go.jp/znk-web/juminkanja/S2430/initialize?prefCd=47&kikanCd=f1038&kikanKbn=2", "url2": "https://www.aiwa-family.jp/", "内容": "愛和ファミリークリニック【2:診療所】【診療科目:内科_消化器内科】沖縄県那覇市おもろまち３丁目６番３号" }, "geometry": { "type": "Point", "coordinates": [ 127.694661, 26.229914 ] } },
{ "type": "Feature", "properties": { "ID": "472f1041", "正式名称": "医療法人　城南会　小禄みなみ診療所", "機関区分": 2, "都道府県コード": 47, "市区町村コード": 201, "所在地": "沖縄県那覇市宮城１－１－３７", "緯度": 26.187326, "経度": 127.658576, "url": "https://www.iryou.teikyouseido.mhlw.go.jp/znk-web/juminkanja/S2430/initialize?prefCd=47&kikanCd=f1041&kikanKbn=2", "url2": "https://www.johnan-kai.jp", "内容": "医療法人　城南会　小禄みなみ診療所【2:診療所】【診療科目:内科_精神科】沖縄県那覇市宮城１－１－３７" }, "geometry": { "type": "Point", "coordinates": [ 127.658576, 26.187326 ] } },
{ "type": "Feature", "properties": { "ID": "472f1049", "正式名称": "しんじょうクリニック", "機関区分": 2, "都道府県コード": 47, "市区町村コード": 201, "所在地": "沖縄県那覇市宇栄原６－１－３", "緯度": 26.185949, "経度": 127.666389, "url": "https://www.iryou.teikyouseido.mhlw.go.jp/znk-web/juminkanja/S2430/initialize?prefCd=47&kikanCd=f1049&kikanKbn=2", "url2": "https://shinjoclinic.com/", "内容": "しんじょうクリニック【2:診療所】【診療科目:内科_小児科_皮膚科】沖縄県那覇市宇栄原６－１－３" }, "geometry": { "type": "Point", "coordinates": [ 127.666389, 26.185949 ] } },
{ "type": "Feature", "properties": { "ID": "472f1057", "正式名称": "ＡＮＤ美容外科那覇院", "機関区分": 2, "都道府県コード": 47, "市区町村コード": 201, "所在地": "沖縄県那覇市銘苅２丁目２－９アイリスビル３階", "緯度": 26.2315, "経度": 127.699792, "url": "https://www.iryou.teikyouseido.mhlw.go.jp/znk-web/juminkanja/S2430/initialize?prefCd=47&kikanCd=f1057&kikanKbn=2", "url2": null, "内容": "ＡＮＤ美容外科那覇院【2:診療所】【診療科目:美容外科_美容皮膚科_泌尿器科】沖縄県那覇市銘苅２丁目２－９アイリスビル３階" }, "geometry": { "type": "Point", "coordinates": [ 127.699792, 26.2315 ] } },
{ "type": "Feature", "properties": { "ID": "472f1061", "正式名称": "沖縄ヒルズタワークリニック", "機関区分": 2, "都道府県コード": 47, "市区町村コード": 201, "所在地": "沖縄県那覇市久米２－３－１４セゾン久米ビル５階", "緯度": 26.215358, "経度": 127.677197, "url": "https://www.iryou.teikyouseido.mhlw.go.jp/znk-web/juminkanja/S2430/initialize?prefCd=47&kikanCd=f1061&kikanKbn=2", "url2": "https://honda-hills.jp/", "内容": "沖縄ヒルズタワークリニック【2:診療所】【診療科目:内科_形成外科_美容外科_泌尿器科】沖縄県那覇市久米２－３－１４セゾン久米ビル５階" }, "geometry": { "type": "Point", "coordinates": [ 127.677197, 26.215358 ] } },
{ "type": "Feature", "properties": { "ID": "472f1083", "正式名称": "おろくハートクリニック", "機関区分": 2, "都道府県コード": 47, "市区町村コード": 201, "所在地": "沖縄県那覇市赤嶺１丁目１２番２号", "緯度": 26.196105, "経度": 127.662774, "url": "https://www.iryou.teikyouseido.mhlw.go.jp/znk-web/juminkanja/S2430/initialize?prefCd=47&kikanCd=f1083&kikanKbn=2", "url2": null, "内容": "おろくハートクリニック【2:診療所】【診療科目:内科_循環器内科】沖縄県那覇市赤嶺１丁目１２番２号" }, "geometry": { "type": "Point", "coordinates": [ 127.662774, 26.196105 ] } }
]
}
